name,age,preferences,movie,genre,director,rating
Stephanie,24,"animation, sci-fi",Shrek,animation,Andrew Adamson,2
Stephanie,24,"animation, sci-fi",Titanic,romance,James Cameron,5
Stephanie,24,"animation, sci-fi",Superbad,comedy,Greg Mottola,5
Stephanie,24,"animation, sci-fi",Joker,crime,Todd Phillips,5
Stephanie,24,"animation, sci-fi",Joker,crime,Todd Phillips,5
Stephanie,24,"animation, sci-fi",The Notebook,romance,Nick Cassavetes,1
Stephanie,24,"animation, sci-fi",Inception,sci-fi,Christopher Nolan,4
Stephanie,24,"animation, sci-fi",Interstellar,sci-fi,Christopher Nolan,4
Holly,21,"horror, animation",Inception,sci-fi,Christopher Nolan,4
Holly,21,"horror, animation",Forrest Gump,drama,Robert Zemeckis,2
Holly,21,"horror, animation",The Notebook,romance,Nick Cassavetes,3
Holly,21,"horror, animation",The Matrix,sci-fi,The Wachowskis,1
Holly,21,"horror, animation",Mad Max: Fury Road,action,George Miller,5
Holly,21,"horror, animation",Titanic,romance,James Cameron,2
Holly,21,"horror, animation",Mad Max: Fury Road,action,George Miller,1
Kristen,35,"sci-fi, fantasy",Joker,crime,Todd Phillips,3
Kristen,35,"sci-fi, fantasy",Gladiator,action,Ridley Scott,3
Kristen,35,"sci-fi, fantasy",Joker,crime,Todd Phillips,3
Kristen,35,"sci-fi, fantasy",Forrest Gump,drama,Robert Zemeckis,4
Kristen,35,"sci-fi, fantasy",Toy Story,animation,John Lasseter,3
Chase,46,"animation, fantasy",Joker,crime,Todd Phillips,1
Chase,46,"animation, fantasy",Finding Nemo,animation,Andrew Stanton,3
Chase,46,"animation, fantasy",Forrest Gump,drama,Robert Zemeckis,1
Chase,46,"animation, fantasy",Alien,horror,Ridley Scott,4
Chase,46,"animation, fantasy",Get Out,horror,Jordan Peele,3
Chase,46,"animation, fantasy",The Notebook,romance,Nick Cassavetes,4
Angelica,20,"thriller, comedy",Titanic,romance,James Cameron,1
Angelica,20,"thriller, comedy",The Matrix,sci-fi,The Wachowskis,4
Angelica,20,"thriller, comedy",Toy Story,animation,John Lasseter,2
Kylie,36,"action, thriller",Shrek,animation,Andrew Adamson,2
Kylie,36,"action, thriller",Shrek,animation,Andrew Adamson,1
Kylie,36,"action, thriller",Superbad,comedy,Greg Mottola,3
Andrea,24,"romance, comedy",The Dark Knight,action,Christopher Nolan,3
Andrea,24,"romance, comedy",Shrek,animation,Andrew Adamson,4
Andrea,24,"romance, comedy",Pulp Fiction,crime,Quentin Tarantino,4
Mark,53,"comedy, animation",Se7en,thriller,David Fincher,2
Mark,53,"comedy, animation",Shrek,animation,Andrew Adamson,4
Mark,53,"comedy, animation",Superbad,comedy,Greg Mottola,4
Tony,29,"sci-fi, romance",Interstellar,sci-fi,Christopher Nolan,4
Tony,29,"sci-fi, romance",The Dark Knight,action,Christopher Nolan,1
Tony,29,"sci-fi, romance",The Dark Knight,action,Christopher Nolan,1
Cindy,43,"thriller, drama",Get Out,horror,Jordan Peele,5
Cindy,43,"thriller, drama",John Wick,action,Chad Stahelski,1
Cindy,43,"thriller, drama",Gladiator,action,Ridley Scott,3
Cindy,43,"thriller, drama",Joker,crime,Todd Phillips,3
Cindy,43,"thriller, drama",Toy Story,animation,John Lasseter,5
Cindy,43,"thriller, drama",Superbad,comedy,Greg Mottola,4
Edward,29,"fantasy, action",Toy Story,animation,John Lasseter,5
Edward,29,"fantasy, action",Gladiator,action,Ridley Scott,5
Edward,29,"fantasy, action",Se7en,thriller,David Fincher,1
Edward,29,"fantasy, action",Inception,sci-fi,Christopher Nolan,1
James,54,"crime, action",The Notebook,romance,Nick Cassavetes,4
James,54,"crime, action",Inception,sci-fi,Christopher Nolan,2
James,54,"crime, action",Pulp Fiction,crime,Quentin Tarantino,5
James,54,"crime, action",Get Out,horror,Jordan Peele,2
James,54,"crime, action",Titanic,romance,James Cameron,4
James,54,"crime, action",Gladiator,action,Ridley Scott,1
Meagan,21,"drama, comedy",Interstellar,sci-fi,Christopher Nolan,4
Meagan,21,"drama, comedy",Alien,horror,Ridley Scott,1
Meagan,21,"drama, comedy",Interstellar,sci-fi,Christopher Nolan,2
Meagan,21,"drama, comedy",The Matrix,sci-fi,The Wachowskis,2
Shelby,28,"thriller, fantasy",Shrek,animation,Andrew Adamson,1
Shelby,28,"thriller, fantasy",Superbad,comedy,Greg Mottola,5
Shelby,28,"thriller, fantasy",Se7en,thriller,David Fincher,1
Shelby,28,"thriller, fantasy",Get Out,horror,Jordan Peele,2
Shelby,28,"thriller, fantasy",Gladiator,action,Ridley Scott,5
Shelby,28,"thriller, fantasy",Finding Nemo,animation,Andrew Stanton,1
Shelby,28,"thriller, fantasy",John Wick,action,Chad Stahelski,1
Shelby,28,"thriller, fantasy",Forrest Gump,drama,Robert Zemeckis,2
Christine,61,"horror, drama",The Dark Knight,action,Christopher Nolan,2
Christine,61,"horror, drama",Alien,horror,Ridley Scott,1
Christine,61,"horror, drama",Inception,sci-fi,Christopher Nolan,4
Christine,61,"horror, drama",The Matrix,sci-fi,The Wachowskis,2
Mark,51,"sci-fi, drama",Forrest Gump,drama,Robert Zemeckis,4
Mark,51,"sci-fi, drama",Get Out,horror,Jordan Peele,5
Mark,51,"sci-fi, drama",Titanic,romance,James Cameron,1
Mark,51,"sci-fi, drama",Interstellar,sci-fi,Christopher Nolan,1
Mark,51,"sci-fi, drama",Se7en,thriller,David Fincher,1
Brittany,65,"horror, sci-fi",Alien,horror,Ridley Scott,5
Brittany,65,"horror, sci-fi",The Matrix,sci-fi,The Wachowskis,1
Brittany,65,"horror, sci-fi",Gladiator,action,Ridley Scott,3
Brittany,65,"horror, sci-fi",Joker,crime,Todd Phillips,1
Brittany,65,"horror, sci-fi",Interstellar,sci-fi,Christopher Nolan,2
Brittany,65,"horror, sci-fi",Toy Story,animation,John Lasseter,5
Brittany,65,"horror, sci-fi",Shrek,animation,Andrew Adamson,2
Jessica,44,"romance, thriller",Alien,horror,Ridley Scott,2
Jessica,44,"romance, thriller",Forrest Gump,drama,Robert Zemeckis,3
Jessica,44,"romance, thriller",Finding Nemo,animation,Andrew Stanton,2
Jessica,44,"romance, thriller",The Notebook,romance,Nick Cassavetes,4
Jessica,44,"romance, thriller",Alien,horror,Ridley Scott,1
Jessica,44,"romance, thriller",The Dark Knight,action,Christopher Nolan,4
Daniel,55,"comedy, fantasy",Superbad,comedy,Greg Mottola,2
Daniel,55,"comedy, fantasy",Pulp Fiction,crime,Quentin Tarantino,5
Daniel,55,"comedy, fantasy",The Matrix,sci-fi,The Wachowskis,4
Daniel,55,"comedy, fantasy",Finding Nemo,animation,Andrew Stanton,3
Erin,65,"sci-fi, thriller",Interstellar,sci-fi,Christopher Nolan,1
Erin,65,"sci-fi, thriller",The Notebook,romance,Nick Cassavetes,1
Erin,65,"sci-fi, thriller",Interstellar,sci-fi,Christopher Nolan,5
Erin,65,"sci-fi, thriller",John Wick,action,Chad Stahelski,2
Erin,65,"sci-fi, thriller",Titanic,romance,James Cameron,2
Erin,65,"sci-fi, thriller",Interstellar,sci-fi,Christopher Nolan,5
Andrea,53,"romance, comedy",Titanic,romance,James Cameron,5
Andrea,53,"romance, comedy",Parasite,drama,Bong Joon-ho,3
Andrea,53,"romance, comedy",Inception,sci-fi,Christopher Nolan,1
Andrea,53,"romance, comedy",Alien,horror,Ridley Scott,3
Andrea,53,"romance, comedy",Alien,horror,Ridley Scott,3
Andrea,53,"romance, comedy",Se7en,thriller,David Fincher,3
Andrea,53,"romance, comedy",The Dark Knight,action,Christopher Nolan,2
Andrea,53,"romance, comedy",John Wick,action,Chad Stahelski,1
Tyler,60,"drama, sci-fi",Toy Story,animation,John Lasseter,4
Tyler,60,"drama, sci-fi",The Matrix,sci-fi,The Wachowskis,4
Tyler,60,"drama, sci-fi",Forrest Gump,drama,Robert Zemeckis,1
Tyler,60,"drama, sci-fi",Get Out,horror,Jordan Peele,1
Anne,61,"comedy, action",John Wick,action,Chad Stahelski,4
Anne,61,"comedy, action",Finding Nemo,animation,Andrew Stanton,2
Anne,61,"comedy, action",Joker,crime,Todd Phillips,1
Anne,61,"comedy, action",Superbad,comedy,Greg Mottola,2
Tony,58,"romance, thriller",The Dark Knight,action,Christopher Nolan,3
Tony,58,"romance, thriller",Interstellar,sci-fi,Christopher Nolan,2
Tony,58,"romance, thriller",Gladiator,action,Ridley Scott,5
Tony,58,"romance, thriller",Se7en,thriller,David Fincher,3
Tony,58,"romance, thriller",Toy Story,animation,John Lasseter,2
Tony,58,"romance, thriller",Mad Max: Fury Road,action,George Miller,4
Tony,58,"romance, thriller",Parasite,drama,Bong Joon-ho,3
Chad,50,"crime, fantasy",Inception,sci-fi,Christopher Nolan,1
Chad,50,"crime, fantasy",Forrest Gump,drama,Robert Zemeckis,3
Chad,50,"crime, fantasy",Forrest Gump,drama,Robert Zemeckis,3
James,46,"crime, drama",Parasite,drama,Bong Joon-ho,1
James,46,"crime, drama",The Matrix,sci-fi,The Wachowskis,2
James,46,"crime, drama",Pulp Fiction,crime,Quentin Tarantino,1
James,46,"crime, drama",Se7en,thriller,David Fincher,3
Daniel,38,"fantasy, sci-fi",Finding Nemo,animation,Andrew Stanton,5
Daniel,38,"fantasy, sci-fi",Finding Nemo,animation,Andrew Stanton,1
Daniel,38,"fantasy, sci-fi",The Matrix,sci-fi,The Wachowskis,2
Daniel,38,"fantasy, sci-fi",Alien,horror,Ridley Scott,2
Daniel,38,"fantasy, sci-fi",Gladiator,action,Ridley Scott,1
Daniel,38,"fantasy, sci-fi",Joker,crime,Todd Phillips,1
Matthew,30,"fantasy, sci-fi",Forrest Gump,drama,Robert Zemeckis,1
Matthew,30,"fantasy, sci-fi",Se7en,thriller,David Fincher,2
Matthew,30,"fantasy, sci-fi",Forrest Gump,drama,Robert Zemeckis,1
Michael,25,"drama, sci-fi",Mad Max: Fury Road,action,George Miller,3
Michael,25,"drama, sci-fi",Joker,crime,Todd Phillips,2
Michael,25,"drama, sci-fi",Superbad,comedy,Greg Mottola,2
Michael,25,"drama, sci-fi",Pulp Fiction,crime,Quentin Tarantino,5
Michael,25,"drama, sci-fi",Toy Story,animation,John Lasseter,4
Michael,25,"drama, sci-fi",Interstellar,sci-fi,Christopher Nolan,4
Michael,25,"drama, sci-fi",Forrest Gump,drama,Robert Zemeckis,5
Christy,29,"fantasy, sci-fi",Shrek,animation,Andrew Adamson,3
Christy,29,"fantasy, sci-fi",John Wick,action,Chad Stahelski,5
Christy,29,"fantasy, sci-fi",Interstellar,sci-fi,Christopher Nolan,2
Christy,29,"fantasy, sci-fi",Alien,horror,Ridley Scott,2
Christy,29,"fantasy, sci-fi",Get Out,horror,Jordan Peele,1
Christy,29,"fantasy, sci-fi",Shrek,animation,Andrew Adamson,2
Steven,62,"horror, crime",Inception,sci-fi,Christopher Nolan,5
Steven,62,"horror, crime",John Wick,action,Chad Stahelski,2
Steven,62,"horror, crime",Titanic,romance,James Cameron,3
Steven,62,"horror, crime",Mad Max: Fury Road,action,George Miller,2
Steven,62,"horror, crime",Gladiator,action,Ridley Scott,1
Steven,62,"horror, crime",Se7en,thriller,David Fincher,3
Steven,62,"horror, crime",Gladiator,action,Ridley Scott,5
Michele,47,"horror, drama",Shrek,animation,Andrew Adamson,1
Michele,47,"horror, drama",Titanic,romance,James Cameron,4
Michele,47,"horror, drama",Titanic,romance,James Cameron,2
Michele,47,"horror, drama",Titanic,romance,James Cameron,5
Michele,47,"horror, drama",Inception,sci-fi,Christopher Nolan,2
Elizabeth,37,"animation, crime",Mad Max: Fury Road,action,George Miller,5
Elizabeth,37,"animation, crime",Finding Nemo,animation,Andrew Stanton,2
Elizabeth,37,"animation, crime",The Dark Knight,action,Christopher Nolan,2
Elizabeth,37,"animation, crime",Pulp Fiction,crime,Quentin Tarantino,5
Elizabeth,37,"animation, crime",Get Out,horror,Jordan Peele,1
Elizabeth,37,"animation, crime",John Wick,action,Chad Stahelski,1
Elizabeth,37,"animation, crime",Alien,horror,Ridley Scott,1
Elizabeth,37,"animation, crime",Titanic,romance,James Cameron,5
Amber,65,"romance, comedy",Mad Max: Fury Road,action,George Miller,5
Amber,65,"romance, comedy",Shrek,animation,Andrew Adamson,1
Amber,65,"romance, comedy",Superbad,comedy,Greg Mottola,4
Amber,65,"romance, comedy",Finding Nemo,animation,Andrew Stanton,5
Jessica,40,"drama, fantasy",The Matrix,sci-fi,The Wachowskis,1
Jessica,40,"drama, fantasy",Shrek,animation,Andrew Adamson,1
Jessica,40,"drama, fantasy",Se7en,thriller,David Fincher,3
Jessica,40,"drama, fantasy",Parasite,drama,Bong Joon-ho,1
Tristan,41,"action, romance",Forrest Gump,drama,Robert Zemeckis,5
Tristan,41,"action, romance",The Notebook,romance,Nick Cassavetes,5
Tristan,41,"action, romance",Parasite,drama,Bong Joon-ho,2
Tristan,41,"action, romance",Se7en,thriller,David Fincher,5
Kathy,32,"animation, crime",John Wick,action,Chad Stahelski,1
Kathy,32,"animation, crime",Interstellar,sci-fi,Christopher Nolan,2
Kathy,32,"animation, crime",Finding Nemo,animation,Andrew Stanton,2
Kathy,32,"animation, crime",The Matrix,sci-fi,The Wachowskis,1
Kathy,32,"animation, crime",Inception,sci-fi,Christopher Nolan,2
Kathy,32,"animation, crime",Pulp Fiction,crime,Quentin Tarantino,1
Kathryn,62,"drama, horror",Se7en,thriller,David Fincher,2
Kathryn,62,"drama, horror",Finding Nemo,animation,Andrew Stanton,4
Kathryn,62,"drama, horror",Titanic,romance,James Cameron,1
Kathryn,62,"drama, horror",The Notebook,romance,Nick Cassavetes,1
Kathryn,62,"drama, horror",The Notebook,romance,Nick Cassavetes,2
Kathryn,62,"drama, horror",Interstellar,sci-fi,Christopher Nolan,5
Kathryn,62,"drama, horror",Pulp Fiction,crime,Quentin Tarantino,1
Kathryn,62,"drama, horror",The Notebook,romance,Nick Cassavetes,3
Valerie,28,"sci-fi, drama",John Wick,action,Chad Stahelski,5
Valerie,28,"sci-fi, drama",Shrek,animation,Andrew Adamson,5
Valerie,28,"sci-fi, drama",The Notebook,romance,Nick Cassavetes,5
Margaret,56,"sci-fi, crime",Toy Story,animation,John Lasseter,1
Margaret,56,"sci-fi, crime",Superbad,comedy,Greg Mottola,4
Margaret,56,"sci-fi, crime",Interstellar,sci-fi,Christopher Nolan,1
Margaret,56,"sci-fi, crime",The Dark Knight,action,Christopher Nolan,5
Margaret,56,"sci-fi, crime",Se7en,thriller,David Fincher,5
Margaret,56,"sci-fi, crime",Forrest Gump,drama,Robert Zemeckis,3
Kimberly,31,"fantasy, sci-fi",Inception,sci-fi,Christopher Nolan,5
Kimberly,31,"fantasy, sci-fi",Inception,sci-fi,Christopher Nolan,3
Kimberly,31,"fantasy, sci-fi",Inception,sci-fi,Christopher Nolan,2
Kimberly,31,"fantasy, sci-fi",Forrest Gump,drama,Robert Zemeckis,1
Kimberly,31,"fantasy, sci-fi",John Wick,action,Chad Stahelski,5
Kimberly,31,"fantasy, sci-fi",The Dark Knight,action,Christopher Nolan,2
Kimberly,31,"fantasy, sci-fi",Superbad,comedy,Greg Mottola,1
Kimberly,31,"fantasy, sci-fi",Mad Max: Fury Road,action,George Miller,2
Sandra,27,"comedy, animation",Inception,sci-fi,Christopher Nolan,2
Sandra,27,"comedy, animation",Toy Story,animation,John Lasseter,3
Sandra,27,"comedy, animation",Superbad,comedy,Greg Mottola,1
Sandra,27,"comedy, animation",John Wick,action,Chad Stahelski,5
Sandra,27,"comedy, animation",The Notebook,romance,Nick Cassavetes,4
Sandra,27,"comedy, animation",Inception,sci-fi,Christopher Nolan,3
Miguel,27,"horror, crime",Titanic,romance,James Cameron,2
Miguel,27,"horror, crime",The Notebook,romance,Nick Cassavetes,4
Miguel,27,"horror, crime",Gladiator,action,Ridley Scott,2
Miguel,27,"horror, crime",Interstellar,sci-fi,Christopher Nolan,1
Miguel,27,"horror, crime",Mad Max: Fury Road,action,George Miller,4
Miguel,27,"horror, crime",Pulp Fiction,crime,Quentin Tarantino,2
Miguel,27,"horror, crime",Titanic,romance,James Cameron,3
Tina,40,"drama, sci-fi",Gladiator,action,Ridley Scott,1
Tina,40,"drama, sci-fi",Forrest Gump,drama,Robert Zemeckis,4
Tina,40,"drama, sci-fi",Pulp Fiction,crime,Quentin Tarantino,1
Tina,40,"drama, sci-fi",The Matrix,sci-fi,The Wachowskis,1
Tina,40,"drama, sci-fi",The Notebook,romance,Nick Cassavetes,4
Tina,40,"drama, sci-fi",Se7en,thriller,David Fincher,4
Tina,40,"drama, sci-fi",Gladiator,action,Ridley Scott,3
Joseph,50,"comedy, drama",John Wick,action,Chad Stahelski,2
Joseph,50,"comedy, drama",Se7en,thriller,David Fincher,2
Joseph,50,"comedy, drama",The Notebook,romance,Nick Cassavetes,5
Joseph,50,"comedy, drama",Joker,crime,Todd Phillips,1
Joseph,50,"comedy, drama",Titanic,romance,James Cameron,4
Joseph,50,"comedy, drama",Superbad,comedy,Greg Mottola,4
Joseph,50,"comedy, drama",Parasite,drama,Bong Joon-ho,1
Amanda,64,"fantasy, drama",Toy Story,animation,John Lasseter,1
Amanda,64,"fantasy, drama",Get Out,horror,Jordan Peele,2
Amanda,64,"fantasy, drama",Get Out,horror,Jordan Peele,5
Amanda,64,"fantasy, drama",Alien,horror,Ridley Scott,3
Amanda,64,"fantasy, drama",Get Out,horror,Jordan Peele,1
Amanda,64,"fantasy, drama",Shrek,animation,Andrew Adamson,4
Michael,55,"fantasy, animation",Mad Max: Fury Road,action,George Miller,4
Michael,55,"fantasy, animation",Toy Story,animation,John Lasseter,3
Michael,55,"fantasy, animation",Parasite,drama,Bong Joon-ho,4
Michael,55,"fantasy, animation",Parasite,drama,Bong Joon-ho,3
Michael,55,"fantasy, animation",Mad Max: Fury Road,action,George Miller,5
Michael,55,"fantasy, animation",Alien,horror,Ridley Scott,5
Chelsea,47,"thriller, crime",Superbad,comedy,Greg Mottola,2
Chelsea,47,"thriller, crime",Shrek,animation,Andrew Adamson,3
Chelsea,47,"thriller, crime",John Wick,action,Chad Stahelski,1
Chelsea,47,"thriller, crime",Se7en,thriller,David Fincher,3
Chelsea,47,"thriller, crime",John Wick,action,Chad Stahelski,4
Chelsea,47,"thriller, crime",Pulp Fiction,crime,Quentin Tarantino,2
Kristie,63,"comedy, animation",Toy Story,animation,John Lasseter,4
Kristie,63,"comedy, animation",Finding Nemo,animation,Andrew Stanton,3
Kristie,63,"comedy, animation",Mad Max: Fury Road,action,George Miller,4
Kristie,63,"comedy, animation",Joker,crime,Todd Phillips,5
Benjamin,38,"crime, horror",Titanic,romance,James Cameron,4
Benjamin,38,"crime, horror",Toy Story,animation,John Lasseter,4
Benjamin,38,"crime, horror",Get Out,horror,Jordan Peele,3
Benjamin,38,"crime, horror",Finding Nemo,animation,Andrew Stanton,1
Norma,28,"crime, animation",Se7en,thriller,David Fincher,4
Norma,28,"crime, animation",Pulp Fiction,crime,Quentin Tarantino,3
Norma,28,"crime, animation",Gladiator,action,Ridley Scott,2
Alexandra,55,"thriller, sci-fi",Mad Max: Fury Road,action,George Miller,5
Alexandra,55,"thriller, sci-fi",Inception,sci-fi,Christopher Nolan,4
Alexandra,55,"thriller, sci-fi",John Wick,action,Chad Stahelski,3
Alexandra,55,"thriller, sci-fi",Superbad,comedy,Greg Mottola,4
Alexandra,55,"thriller, sci-fi",Get Out,horror,Jordan Peele,5
Alexandra,55,"thriller, sci-fi",The Matrix,sci-fi,The Wachowskis,5
Alexandra,55,"thriller, sci-fi",Shrek,animation,Andrew Adamson,2
Alexandra,55,"thriller, sci-fi",Se7en,thriller,David Fincher,1
Michael,48,"drama, sci-fi",The Matrix,sci-fi,The Wachowskis,4
Michael,48,"drama, sci-fi",The Matrix,sci-fi,The Wachowskis,4
Michael,48,"drama, sci-fi",Parasite,drama,Bong Joon-ho,1
Michael,48,"drama, sci-fi",Gladiator,action,Ridley Scott,5
Michael,48,"drama, sci-fi",Inception,sci-fi,Christopher Nolan,4
Michael,48,"drama, sci-fi",The Notebook,romance,Nick Cassavetes,5
Michael,48,"drama, sci-fi",Get Out,horror,Jordan Peele,1
Raymond,64,"horror, fantasy",John Wick,action,Chad Stahelski,1
Raymond,64,"horror, fantasy",The Dark Knight,action,Christopher Nolan,5
Raymond,64,"horror, fantasy",The Notebook,romance,Nick Cassavetes,4
Raymond,64,"horror, fantasy",Interstellar,sci-fi,Christopher Nolan,2
Kyle,29,"action, thriller",Get Out,horror,Jordan Peele,2
Kyle,29,"action, thriller",Finding Nemo,animation,Andrew Stanton,5
Kyle,29,"action, thriller",The Dark Knight,action,Christopher Nolan,5
Kyle,29,"action, thriller",Joker,crime,Todd Phillips,5
Kyle,29,"action, thriller",Interstellar,sci-fi,Christopher Nolan,5
Kyle,29,"action, thriller",The Dark Knight,action,Christopher Nolan,1
Kyle,29,"action, thriller",Inception,sci-fi,Christopher Nolan,4
Mark,21,"fantasy, comedy",Mad Max: Fury Road,action,George Miller,4
Mark,21,"fantasy, comedy",Inception,sci-fi,Christopher Nolan,4
Mark,21,"fantasy, comedy",Joker,crime,Todd Phillips,3
Allen,26,"drama, fantasy",Se7en,thriller,David Fincher,5
Allen,26,"drama, fantasy",Se7en,thriller,David Fincher,3
Allen,26,"drama, fantasy",Finding Nemo,animation,Andrew Stanton,1
Allen,26,"drama, fantasy",Joker,crime,Todd Phillips,3
Christopher,20,"thriller, horror",The Notebook,romance,Nick Cassavetes,5
Christopher,20,"thriller, horror",Superbad,comedy,Greg Mottola,3
Christopher,20,"thriller, horror",Shrek,animation,Andrew Adamson,3
Christopher,20,"thriller, horror",Toy Story,animation,John Lasseter,1
Christopher,20,"thriller, horror",Superbad,comedy,Greg Mottola,3
James,21,"sci-fi, thriller",Pulp Fiction,crime,Quentin Tarantino,2
James,21,"sci-fi, thriller",Titanic,romance,James Cameron,5
James,21,"sci-fi, thriller",Toy Story,animation,John Lasseter,3
James,21,"sci-fi, thriller",Forrest Gump,drama,Robert Zemeckis,3
James,21,"sci-fi, thriller",Finding Nemo,animation,Andrew Stanton,3
James,21,"sci-fi, thriller",Get Out,horror,Jordan Peele,5
James,21,"sci-fi, thriller",Alien,horror,Ridley Scott,5
James,21,"sci-fi, thriller",Mad Max: Fury Road,action,George Miller,3
Troy,19,"sci-fi, comedy",Forrest Gump,drama,Robert Zemeckis,2
Troy,19,"sci-fi, comedy",Shrek,animation,Andrew Adamson,4
Troy,19,"sci-fi, comedy",Pulp Fiction,crime,Quentin Tarantino,3
Troy,19,"sci-fi, comedy",Alien,horror,Ridley Scott,3
Stephen,60,"animation, drama",Parasite,drama,Bong Joon-ho,3
Stephen,60,"animation, drama",Get Out,horror,Jordan Peele,1
Stephen,60,"animation, drama",Se7en,thriller,David Fincher,2
Anthony,65,"fantasy, animation",Superbad,comedy,Greg Mottola,5
Anthony,65,"fantasy, animation",Se7en,thriller,David Fincher,3
Anthony,65,"fantasy, animation",The Dark Knight,action,Christopher Nolan,2
Anthony,65,"fantasy, animation",Mad Max: Fury Road,action,George Miller,3
Anthony,65,"fantasy, animation",Get Out,horror,Jordan Peele,4
Zachary,29,"animation, comedy",John Wick,action,Chad Stahelski,2
Zachary,29,"animation, comedy",Parasite,drama,Bong Joon-ho,2
Zachary,29,"animation, comedy",Se7en,thriller,David Fincher,4
Zachary,29,"animation, comedy",Alien,horror,Ridley Scott,5
Zachary,29,"animation, comedy",Inception,sci-fi,Christopher Nolan,5
Zachary,29,"animation, comedy",Get Out,horror,Jordan Peele,2
Brandon,23,"animation, drama",Superbad,comedy,Greg Mottola,3
Brandon,23,"animation, drama",The Matrix,sci-fi,The Wachowskis,5
Brandon,23,"animation, drama",Forrest Gump,drama,Robert Zemeckis,3
Kyle,22,"comedy, action",The Dark Knight,action,Christopher Nolan,2
Kyle,22,"comedy, action",Gladiator,action,Ridley Scott,1
Kyle,22,"comedy, action",Alien,horror,Ridley Scott,3
Kyle,22,"comedy, action",Superbad,comedy,Greg Mottola,1
Kyle,22,"comedy, action",Joker,crime,Todd Phillips,4
Ronald,51,"thriller, comedy",Toy Story,animation,John Lasseter,3
Ronald,51,"thriller, comedy",Parasite,drama,Bong Joon-ho,5
Ronald,51,"thriller, comedy",Mad Max: Fury Road,action,George Miller,3
James,48,"crime, sci-fi",Joker,crime,Todd Phillips,2
James,48,"crime, sci-fi",Shrek,animation,Andrew Adamson,1
James,48,"crime, sci-fi",Forrest Gump,drama,Robert Zemeckis,1
James,48,"crime, sci-fi",Mad Max: Fury Road,action,George Miller,3
Kimberly,57,"crime, romance",The Dark Knight,action,Christopher Nolan,5
Kimberly,57,"crime, romance",The Dark Knight,action,Christopher Nolan,5
Kimberly,57,"crime, romance",The Dark Knight,action,Christopher Nolan,5
Kimberly,57,"crime, romance",John Wick,action,Chad Stahelski,2
Kimberly,57,"crime, romance",John Wick,action,Chad Stahelski,3
Victor,65,"animation, action",The Dark Knight,action,Christopher Nolan,5
Victor,65,"animation, action",Shrek,animation,Andrew Adamson,2
Victor,65,"animation, action",Inception,sci-fi,Christopher Nolan,1
Victor,65,"animation, action",Se7en,thriller,David Fincher,1
Victor,65,"animation, action",Gladiator,action,Ridley Scott,3
Victor,65,"animation, action",Finding Nemo,animation,Andrew Stanton,3
Victor,65,"animation, action",The Notebook,romance,Nick Cassavetes,4
Melissa,41,"comedy, crime",Forrest Gump,drama,Robert Zemeckis,4
Melissa,41,"comedy, crime",Shrek,animation,Andrew Adamson,3
Melissa,41,"comedy, crime",John Wick,action,Chad Stahelski,3
Melissa,41,"comedy, crime",Inception,sci-fi,Christopher Nolan,4
Samuel,50,"fantasy, drama",The Dark Knight,action,Christopher Nolan,2
Samuel,50,"fantasy, drama",The Dark Knight,action,Christopher Nolan,5
Samuel,50,"fantasy, drama",Gladiator,action,Ridley Scott,5
Katelyn,50,"horror, drama",Finding Nemo,animation,Andrew Stanton,5
Katelyn,50,"horror, drama",Parasite,drama,Bong Joon-ho,3
Katelyn,50,"horror, drama",The Notebook,romance,Nick Cassavetes,3
Katelyn,50,"horror, drama",Get Out,horror,Jordan Peele,1
Katelyn,50,"horror, drama",Alien,horror,Ridley Scott,1
Katelyn,50,"horror, drama",John Wick,action,Chad Stahelski,2
Katelyn,50,"horror, drama",Mad Max: Fury Road,action,George Miller,2
Matthew,29,"action, drama",Superbad,comedy,Greg Mottola,2
Matthew,29,"action, drama",The Dark Knight,action,Christopher Nolan,4
Matthew,29,"action, drama",Titanic,romance,James Cameron,4
Matthew,29,"action, drama",The Matrix,sci-fi,The Wachowskis,4
Matthew,29,"action, drama",Alien,horror,Ridley Scott,2
Matthew,29,"action, drama",Parasite,drama,Bong Joon-ho,4
Maria,54,"comedy, thriller",Parasite,drama,Bong Joon-ho,3
Maria,54,"comedy, thriller",The Notebook,romance,Nick Cassavetes,2
Maria,54,"comedy, thriller",Inception,sci-fi,Christopher Nolan,5
John,38,"thriller, crime",The Dark Knight,action,Christopher Nolan,3
John,38,"thriller, crime",Mad Max: Fury Road,action,George Miller,1
John,38,"thriller, crime",Get Out,horror,Jordan Peele,3
John,38,"thriller, crime",Interstellar,sci-fi,Christopher Nolan,5
John,38,"thriller, crime",The Notebook,romance,Nick Cassavetes,1
John,38,"thriller, crime",Alien,horror,Ridley Scott,4
John,38,"thriller, crime",Get Out,horror,Jordan Peele,2
Christopher,60,"horror, animation",The Matrix,sci-fi,The Wachowskis,1
Christopher,60,"horror, animation",Superbad,comedy,Greg Mottola,3
Christopher,60,"horror, animation",Titanic,romance,James Cameron,1
Christopher,60,"horror, animation",The Matrix,sci-fi,The Wachowskis,5
Christopher,60,"horror, animation",Inception,sci-fi,Christopher Nolan,3
Alison,53,"animation, comedy",Get Out,horror,Jordan Peele,3
Alison,53,"animation, comedy",Joker,crime,Todd Phillips,3
Alison,53,"animation, comedy",Mad Max: Fury Road,action,George Miller,2
Alison,53,"animation, comedy",Mad Max: Fury Road,action,George Miller,3
Alison,53,"animation, comedy",Inception,sci-fi,Christopher Nolan,2
Emily,61,"drama, crime",Inception,sci-fi,Christopher Nolan,4
Emily,61,"drama, crime",Pulp Fiction,crime,Quentin Tarantino,4
Emily,61,"drama, crime",Se7en,thriller,David Fincher,5
Paula,57,"sci-fi, action",Mad Max: Fury Road,action,George Miller,1
Paula,57,"sci-fi, action",The Matrix,sci-fi,The Wachowskis,3
Paula,57,"sci-fi, action",Shrek,animation,Andrew Adamson,1
Paula,57,"sci-fi, action",Se7en,thriller,David Fincher,5
Paula,57,"sci-fi, action",Finding Nemo,animation,Andrew Stanton,4
Christopher,62,"drama, thriller",The Notebook,romance,Nick Cassavetes,5
Christopher,62,"drama, thriller",Se7en,thriller,David Fincher,3
Christopher,62,"drama, thriller",Forrest Gump,drama,Robert Zemeckis,5
Christopher,62,"drama, thriller",Se7en,thriller,David Fincher,1
Christopher,62,"drama, thriller",Pulp Fiction,crime,Quentin Tarantino,3
Christopher,62,"drama, thriller",Toy Story,animation,John Lasseter,5
Thomas,36,"fantasy, romance",The Matrix,sci-fi,The Wachowskis,2
Thomas,36,"fantasy, romance",Finding Nemo,animation,Andrew Stanton,1
Thomas,36,"fantasy, romance",Forrest Gump,drama,Robert Zemeckis,1
Thomas,36,"fantasy, romance",Finding Nemo,animation,Andrew Stanton,5
Samantha,21,"horror, sci-fi",The Matrix,sci-fi,The Wachowskis,2
Samantha,21,"horror, sci-fi",The Dark Knight,action,Christopher Nolan,4
Samantha,21,"horror, sci-fi",Superbad,comedy,Greg Mottola,2
Samantha,21,"horror, sci-fi",John Wick,action,Chad Stahelski,1
Samantha,21,"horror, sci-fi",John Wick,action,Chad Stahelski,3
Deborah,49,"comedy, crime",Gladiator,action,Ridley Scott,4
Deborah,49,"comedy, crime",Parasite,drama,Bong Joon-ho,2
Deborah,49,"comedy, crime",Forrest Gump,drama,Robert Zemeckis,5
Deborah,49,"comedy, crime",Pulp Fiction,crime,Quentin Tarantino,3
Deborah,49,"comedy, crime",Shrek,animation,Andrew Adamson,3
Deborah,49,"comedy, crime",Mad Max: Fury Road,action,George Miller,1
Candice,48,"crime, horror",Inception,sci-fi,Christopher Nolan,4
Candice,48,"crime, horror",Shrek,animation,Andrew Adamson,3
Candice,48,"crime, horror",Gladiator,action,Ridley Scott,5
Candice,48,"crime, horror",Inception,sci-fi,Christopher Nolan,5
Sara,60,"romance, horror",Gladiator,action,Ridley Scott,2
Sara,60,"romance, horror",Shrek,animation,Andrew Adamson,1
Sara,60,"romance, horror",Forrest Gump,drama,Robert Zemeckis,5
Sara,60,"romance, horror",Superbad,comedy,Greg Mottola,5
Sara,60,"romance, horror",Titanic,romance,James Cameron,1
Sara,60,"romance, horror",Toy Story,animation,John Lasseter,4
Sara,60,"romance, horror",Se7en,thriller,David Fincher,5
Randy,20,"horror, animation",Pulp Fiction,crime,Quentin Tarantino,4
Randy,20,"horror, animation",The Matrix,sci-fi,The Wachowskis,5
Randy,20,"horror, animation",Inception,sci-fi,Christopher Nolan,5
Randy,20,"horror, animation",The Dark Knight,action,Christopher Nolan,3
Sonya,60,"action, sci-fi",Superbad,comedy,Greg Mottola,4
Sonya,60,"action, sci-fi",Mad Max: Fury Road,action,George Miller,4
Sonya,60,"action, sci-fi",Shrek,animation,Andrew Adamson,2
Christopher,34,"thriller, sci-fi",Mad Max: Fury Road,action,George Miller,1
Christopher,34,"thriller, sci-fi",Superbad,comedy,Greg Mottola,2
Christopher,34,"thriller, sci-fi",Superbad,comedy,Greg Mottola,5
Christopher,34,"thriller, sci-fi",Finding Nemo,animation,Andrew Stanton,1
Deborah,55,"sci-fi, animation",Interstellar,sci-fi,Christopher Nolan,3
Deborah,55,"sci-fi, animation",Toy Story,animation,John Lasseter,2
Deborah,55,"sci-fi, animation",Parasite,drama,Bong Joon-ho,5
Deborah,55,"sci-fi, animation",Inception,sci-fi,Christopher Nolan,5
Deborah,55,"sci-fi, animation",Superbad,comedy,Greg Mottola,1
Deborah,55,"sci-fi, animation",Shrek,animation,Andrew Adamson,1
Deborah,55,"sci-fi, animation",Pulp Fiction,crime,Quentin Tarantino,5
Deborah,55,"sci-fi, animation",The Matrix,sci-fi,The Wachowskis,4
Jennifer,54,"horror, drama",The Matrix,sci-fi,The Wachowskis,1
Jennifer,54,"horror, drama",Forrest Gump,drama,Robert Zemeckis,4
Jennifer,54,"horror, drama",The Dark Knight,action,Christopher Nolan,2
Michael,55,"animation, sci-fi",Pulp Fiction,crime,Quentin Tarantino,5
Michael,55,"animation, sci-fi",Shrek,animation,Andrew Adamson,1
Michael,55,"animation, sci-fi",Forrest Gump,drama,Robert Zemeckis,5
Michael,55,"animation, sci-fi",Alien,horror,Ridley Scott,4
Anthony,51,"horror, sci-fi",Get Out,horror,Jordan Peele,4
Anthony,51,"horror, sci-fi",Titanic,romance,James Cameron,5
Anthony,51,"horror, sci-fi",Titanic,romance,James Cameron,1
Anthony,51,"horror, sci-fi",Shrek,animation,Andrew Adamson,4
Anthony,51,"horror, sci-fi",The Dark Knight,action,Christopher Nolan,2
Anthony,51,"horror, sci-fi",Toy Story,animation,John Lasseter,2
Kathryn,44,"comedy, fantasy",Superbad,comedy,Greg Mottola,4
Kathryn,44,"comedy, fantasy",Mad Max: Fury Road,action,George Miller,2
Kathryn,44,"comedy, fantasy",Mad Max: Fury Road,action,George Miller,5
Charles,37,"animation, sci-fi",Se7en,thriller,David Fincher,1
Charles,37,"animation, sci-fi",Inception,sci-fi,Christopher Nolan,3
Charles,37,"animation, sci-fi",Joker,crime,Todd Phillips,3
Charles,37,"animation, sci-fi",Get Out,horror,Jordan Peele,3
Charles,37,"animation, sci-fi",Shrek,animation,Andrew Adamson,5
Jason,21,"crime, action",Alien,horror,Ridley Scott,2
Jason,21,"crime, action",Finding Nemo,animation,Andrew Stanton,2
Jason,21,"crime, action",Interstellar,sci-fi,Christopher Nolan,4
Jason,21,"crime, action",Shrek,animation,Andrew Adamson,5
Jason,21,"crime, action",Forrest Gump,drama,Robert Zemeckis,3
Jason,21,"crime, action",Shrek,animation,Andrew Adamson,1
Eduardo,65,"romance, fantasy",Interstellar,sci-fi,Christopher Nolan,2
Eduardo,65,"romance, fantasy",Finding Nemo,animation,Andrew Stanton,2
Eduardo,65,"romance, fantasy",Inception,sci-fi,Christopher Nolan,5
Wesley,28,"comedy, sci-fi",Shrek,animation,Andrew Adamson,1
Wesley,28,"comedy, sci-fi",The Notebook,romance,Nick Cassavetes,2
Wesley,28,"comedy, sci-fi",Forrest Gump,drama,Robert Zemeckis,2
Wesley,28,"comedy, sci-fi",Titanic,romance,James Cameron,4
Lauren,59,"fantasy, horror",Alien,horror,Ridley Scott,3
Lauren,59,"fantasy, horror",Inception,sci-fi,Christopher Nolan,5
Lauren,59,"fantasy, horror",Se7en,thriller,David Fincher,2
Lauren,59,"fantasy, horror",Interstellar,sci-fi,Christopher Nolan,3
Lauren,59,"fantasy, horror",Forrest Gump,drama,Robert Zemeckis,1
Lauren,59,"fantasy, horror",Shrek,animation,Andrew Adamson,5
Maria,35,"drama, fantasy",Get Out,horror,Jordan Peele,5
Maria,35,"drama, fantasy",Shrek,animation,Andrew Adamson,1
Maria,35,"drama, fantasy",The Matrix,sci-fi,The Wachowskis,1
Maria,35,"drama, fantasy",Superbad,comedy,Greg Mottola,2
Maria,35,"drama, fantasy",The Dark Knight,action,Christopher Nolan,4
Rebecca,30,"comedy, drama",The Notebook,romance,Nick Cassavetes,3
Rebecca,30,"comedy, drama",Mad Max: Fury Road,action,George Miller,5
Rebecca,30,"comedy, drama",Pulp Fiction,crime,Quentin Tarantino,3
Rebecca,30,"comedy, drama",Superbad,comedy,Greg Mottola,4
Rebecca,30,"comedy, drama",John Wick,action,Chad Stahelski,3
Rebecca,30,"comedy, drama",Shrek,animation,Andrew Adamson,4
Rebecca,30,"comedy, drama",Superbad,comedy,Greg Mottola,2
Rebecca,30,"comedy, drama",The Notebook,romance,Nick Cassavetes,5
John,34,"action, fantasy",Toy Story,animation,John Lasseter,4
John,34,"action, fantasy",Parasite,drama,Bong Joon-ho,1
John,34,"action, fantasy",Superbad,comedy,Greg Mottola,3
John,34,"action, fantasy",John Wick,action,Chad Stahelski,2
John,34,"action, fantasy",Interstellar,sci-fi,Christopher Nolan,5
John,34,"action, fantasy",The Notebook,romance,Nick Cassavetes,4
John,34,"action, fantasy",Interstellar,sci-fi,Christopher Nolan,5
Cristina,36,"action, romance",Titanic,romance,James Cameron,2
Cristina,36,"action, romance",Inception,sci-fi,Christopher Nolan,4
Cristina,36,"action, romance",The Dark Knight,action,Christopher Nolan,5
Cristina,36,"action, romance",Alien,horror,Ridley Scott,2
Cristina,36,"action, romance",Superbad,comedy,Greg Mottola,5
Cristina,36,"action, romance",Forrest Gump,drama,Robert Zemeckis,4
Reginald,44,"drama, fantasy",Toy Story,animation,John Lasseter,4
Reginald,44,"drama, fantasy",Titanic,romance,James Cameron,4
Reginald,44,"drama, fantasy",John Wick,action,Chad Stahelski,5
Reginald,44,"drama, fantasy",Alien,horror,Ridley Scott,4
Reginald,44,"drama, fantasy",Forrest Gump,drama,Robert Zemeckis,4
Reginald,44,"drama, fantasy",Gladiator,action,Ridley Scott,4
Reginald,44,"drama, fantasy",Superbad,comedy,Greg Mottola,5
Reginald,44,"drama, fantasy",Pulp Fiction,crime,Quentin Tarantino,1
James,34,"drama, action",Shrek,animation,Andrew Adamson,1
James,34,"drama, action",Inception,sci-fi,Christopher Nolan,3
James,34,"drama, action",Interstellar,sci-fi,Christopher Nolan,4
James,34,"drama, action",Inception,sci-fi,Christopher Nolan,4
Derek,37,"comedy, action",Mad Max: Fury Road,action,George Miller,2
Derek,37,"comedy, action",Finding Nemo,animation,Andrew Stanton,4
Derek,37,"comedy, action",The Notebook,romance,Nick Cassavetes,5
Gregory,18,"animation, romance",The Dark Knight,action,Christopher Nolan,2
Gregory,18,"animation, romance",Toy Story,animation,John Lasseter,4
Gregory,18,"animation, romance",Interstellar,sci-fi,Christopher Nolan,5
Gregory,18,"animation, romance",Toy Story,animation,John Lasseter,3
Gregory,18,"animation, romance",Finding Nemo,animation,Andrew Stanton,4
Nicholas,51,"sci-fi, crime",Finding Nemo,animation,Andrew Stanton,5
Nicholas,51,"sci-fi, crime",Shrek,animation,Andrew Adamson,2
Nicholas,51,"sci-fi, crime",Joker,crime,Todd Phillips,2
Karen,18,"drama, thriller",Titanic,romance,James Cameron,2
Karen,18,"drama, thriller",Parasite,drama,Bong Joon-ho,1
Karen,18,"drama, thriller",John Wick,action,Chad Stahelski,3
Karen,18,"drama, thriller",Alien,horror,Ridley Scott,1
Karen,18,"drama, thriller",Se7en,thriller,David Fincher,1
Kimberly,31,"thriller, drama",The Matrix,sci-fi,The Wachowskis,3
Kimberly,31,"thriller, drama",The Notebook,romance,Nick Cassavetes,2
Kimberly,31,"thriller, drama",Shrek,animation,Andrew Adamson,5
Kimberly,31,"thriller, drama",Pulp Fiction,crime,Quentin Tarantino,3
Kimberly,31,"thriller, drama",Superbad,comedy,Greg Mottola,1
Kimberly,31,"thriller, drama",Shrek,animation,Andrew Adamson,4
Kimberly,31,"thriller, drama",Shrek,animation,Andrew Adamson,1
Amanda,28,"crime, animation",Joker,crime,Todd Phillips,1
Amanda,28,"crime, animation",Toy Story,animation,John Lasseter,1
Amanda,28,"crime, animation",Finding Nemo,animation,Andrew Stanton,1
Amanda,28,"crime, animation",Get Out,horror,Jordan Peele,4
Amanda,28,"crime, animation",Joker,crime,Todd Phillips,3
Amanda,28,"crime, animation",The Matrix,sci-fi,The Wachowskis,1
Amanda,28,"crime, animation",Parasite,drama,Bong Joon-ho,4
Rebecca,36,"crime, horror",Se7en,thriller,David Fincher,1
Rebecca,36,"crime, horror",Parasite,drama,Bong Joon-ho,3
Rebecca,36,"crime, horror",Se7en,thriller,David Fincher,4
Rebecca,36,"crime, horror",Toy Story,animation,John Lasseter,5
Rebecca,36,"crime, horror",Se7en,thriller,David Fincher,2
Rebecca,36,"crime, horror",Superbad,comedy,Greg Mottola,1
Rebecca,36,"crime, horror",Superbad,comedy,Greg Mottola,4
Molly,43,"crime, thriller",Forrest Gump,drama,Robert Zemeckis,4
Molly,43,"crime, thriller",Mad Max: Fury Road,action,George Miller,1
Molly,43,"crime, thriller",Gladiator,action,Ridley Scott,3
Molly,43,"crime, thriller",Alien,horror,Ridley Scott,2
Molly,43,"crime, thriller",Gladiator,action,Ridley Scott,5
Molly,43,"crime, thriller",Forrest Gump,drama,Robert Zemeckis,4
Molly,43,"crime, thriller",Parasite,drama,Bong Joon-ho,3
Molly,43,"crime, thriller",Get Out,horror,Jordan Peele,4
Fred,22,"comedy, thriller",Finding Nemo,animation,Andrew Stanton,5
Fred,22,"comedy, thriller",The Dark Knight,action,Christopher Nolan,5
Fred,22,"comedy, thriller",Mad Max: Fury Road,action,George Miller,2
Fred,22,"comedy, thriller",Finding Nemo,animation,Andrew Stanton,2
Scott,22,"fantasy, action",Se7en,thriller,David Fincher,1
Scott,22,"fantasy, action",Pulp Fiction,crime,Quentin Tarantino,4
Scott,22,"fantasy, action",The Notebook,romance,Nick Cassavetes,1
Scott,22,"fantasy, action",Toy Story,animation,John Lasseter,3
Scott,22,"fantasy, action",Se7en,thriller,David Fincher,1
Scott,22,"fantasy, action",The Matrix,sci-fi,The Wachowskis,1
Tyler,49,"sci-fi, drama",Interstellar,sci-fi,Christopher Nolan,4
Tyler,49,"sci-fi, drama",Joker,crime,Todd Phillips,1
Tyler,49,"sci-fi, drama",The Matrix,sci-fi,The Wachowskis,3
Richard,53,"crime, drama",Mad Max: Fury Road,action,George Miller,4
Richard,53,"crime, drama",Pulp Fiction,crime,Quentin Tarantino,2
Richard,53,"crime, drama",The Notebook,romance,Nick Cassavetes,5
Richard,53,"crime, drama",Parasite,drama,Bong Joon-ho,3
Richard,53,"crime, drama",Get Out,horror,Jordan Peele,1
Richard,53,"crime, drama",Interstellar,sci-fi,Christopher Nolan,1
Richard,53,"crime, drama",John Wick,action,Chad Stahelski,3
Jared,34,"romance, thriller",Joker,crime,Todd Phillips,4
Jared,34,"romance, thriller",Superbad,comedy,Greg Mottola,3
Jared,34,"romance, thriller",John Wick,action,Chad Stahelski,5
Jared,34,"romance, thriller",John Wick,action,Chad Stahelski,3
Jared,34,"romance, thriller",Toy Story,animation,John Lasseter,4
Jared,34,"romance, thriller",Shrek,animation,Andrew Adamson,1
Jared,34,"romance, thriller",Parasite,drama,Bong Joon-ho,1
Jason,62,"animation, drama",Parasite,drama,Bong Joon-ho,3
Jason,62,"animation, drama",Toy Story,animation,John Lasseter,4
Jason,62,"animation, drama",Toy Story,animation,John Lasseter,5
Jason,62,"animation, drama",The Dark Knight,action,Christopher Nolan,4
Jason,62,"animation, drama",Interstellar,sci-fi,Christopher Nolan,4
Jason,62,"animation, drama",Pulp Fiction,crime,Quentin Tarantino,3
Melissa,18,"action, romance",The Notebook,romance,Nick Cassavetes,3
Melissa,18,"action, romance",The Matrix,sci-fi,The Wachowskis,3
Melissa,18,"action, romance",Forrest Gump,drama,Robert Zemeckis,5
Melissa,18,"action, romance",Parasite,drama,Bong Joon-ho,3
Caitlin,45,"sci-fi, animation",The Notebook,romance,Nick Cassavetes,1
Caitlin,45,"sci-fi, animation",The Notebook,romance,Nick Cassavetes,5
Caitlin,45,"sci-fi, animation",Joker,crime,Todd Phillips,1
Caitlin,45,"sci-fi, animation",Gladiator,action,Ridley Scott,4
Caitlin,45,"sci-fi, animation",Toy Story,animation,John Lasseter,2
Caitlin,45,"sci-fi, animation",Gladiator,action,Ridley Scott,5
Caitlin,45,"sci-fi, animation",Finding Nemo,animation,Andrew Stanton,3
Caitlin,45,"sci-fi, animation",The Dark Knight,action,Christopher Nolan,2
Lauren,40,"sci-fi, thriller",John Wick,action,Chad Stahelski,5
Lauren,40,"sci-fi, thriller",Titanic,romance,James Cameron,4
Lauren,40,"sci-fi, thriller",Shrek,animation,Andrew Adamson,1
Lauren,40,"sci-fi, thriller",The Dark Knight,action,Christopher Nolan,5
Lauren,40,"sci-fi, thriller",The Notebook,romance,Nick Cassavetes,1
Lauren,40,"sci-fi, thriller",The Notebook,romance,Nick Cassavetes,3
Chad,20,"action, thriller",Titanic,romance,James Cameron,5
Chad,20,"action, thriller",Parasite,drama,Bong Joon-ho,1
Chad,20,"action, thriller",Interstellar,sci-fi,Christopher Nolan,2
Chad,20,"action, thriller",The Dark Knight,action,Christopher Nolan,5
Chad,20,"action, thriller",Interstellar,sci-fi,Christopher Nolan,2
Chad,20,"action, thriller",The Dark Knight,action,Christopher Nolan,4
Maria,32,"fantasy, comedy",Joker,crime,Todd Phillips,1
Maria,32,"fantasy, comedy",Superbad,comedy,Greg Mottola,3
Maria,32,"fantasy, comedy",The Matrix,sci-fi,The Wachowskis,2
Maria,32,"fantasy, comedy",The Notebook,romance,Nick Cassavetes,1
Maria,32,"fantasy, comedy",The Dark Knight,action,Christopher Nolan,3
Maria,32,"fantasy, comedy",Pulp Fiction,crime,Quentin Tarantino,1
Mark,45,"comedy, action",Alien,horror,Ridley Scott,5
Mark,45,"comedy, action",Joker,crime,Todd Phillips,3
Mark,45,"comedy, action",John Wick,action,Chad Stahelski,1
Nicole,39,"action, sci-fi",The Notebook,romance,Nick Cassavetes,4
Nicole,39,"action, sci-fi",Mad Max: Fury Road,action,George Miller,5
Nicole,39,"action, sci-fi",The Dark Knight,action,Christopher Nolan,3
Nicole,39,"action, sci-fi",Mad Max: Fury Road,action,George Miller,3
Nicole,39,"action, sci-fi",John Wick,action,Chad Stahelski,1
Nicole,39,"action, sci-fi",Inception,sci-fi,Christopher Nolan,1
Nicole,39,"action, sci-fi",John Wick,action,Chad Stahelski,1
Nicole,39,"action, sci-fi",Inception,sci-fi,Christopher Nolan,3
Zachary,53,"thriller, romance",Toy Story,animation,John Lasseter,1
Zachary,53,"thriller, romance",Forrest Gump,drama,Robert Zemeckis,4
Zachary,53,"thriller, romance",Parasite,drama,Bong Joon-ho,4
Zachary,53,"thriller, romance",Forrest Gump,drama,Robert Zemeckis,2
Zachary,53,"thriller, romance",Joker,crime,Todd Phillips,4
Zachary,53,"thriller, romance",Finding Nemo,animation,Andrew Stanton,4
Brittany,33,"romance, comedy",The Dark Knight,action,Christopher Nolan,2
Brittany,33,"romance, comedy",Inception,sci-fi,Christopher Nolan,3
Brittany,33,"romance, comedy",Gladiator,action,Ridley Scott,1
Jacob,23,"action, crime",John Wick,action,Chad Stahelski,2
Jacob,23,"action, crime",Get Out,horror,Jordan Peele,2
Jacob,23,"action, crime",Forrest Gump,drama,Robert Zemeckis,3
Jacob,23,"action, crime",Toy Story,animation,John Lasseter,1
Jacob,23,"action, crime",Finding Nemo,animation,Andrew Stanton,1
Jacob,23,"action, crime",Toy Story,animation,John Lasseter,3
Robin,38,"thriller, crime",Forrest Gump,drama,Robert Zemeckis,4
Robin,38,"thriller, crime",Alien,horror,Ridley Scott,5
Robin,38,"thriller, crime",Se7en,thriller,David Fincher,1
Robin,38,"thriller, crime",Toy Story,animation,John Lasseter,1
Robin,38,"thriller, crime",Parasite,drama,Bong Joon-ho,3
Robin,38,"thriller, crime",Inception,sci-fi,Christopher Nolan,3
Samantha,53,"sci-fi, comedy",The Notebook,romance,Nick Cassavetes,3
Samantha,53,"sci-fi, comedy",The Notebook,romance,Nick Cassavetes,2
Samantha,53,"sci-fi, comedy",Gladiator,action,Ridley Scott,1
Samantha,53,"sci-fi, comedy",Toy Story,animation,John Lasseter,3
Samantha,53,"sci-fi, comedy",Finding Nemo,animation,Andrew Stanton,2
Samantha,53,"sci-fi, comedy",Superbad,comedy,Greg Mottola,1
Gina,47,"romance, thriller",Shrek,animation,Andrew Adamson,2
Gina,47,"romance, thriller",Shrek,animation,Andrew Adamson,4
Gina,47,"romance, thriller",Parasite,drama,Bong Joon-ho,5
Gina,47,"romance, thriller",The Notebook,romance,Nick Cassavetes,2
Gina,47,"romance, thriller",Se7en,thriller,David Fincher,2
Jonathan,25,"animation, drama",Inception,sci-fi,Christopher Nolan,1
Jonathan,25,"animation, drama",Interstellar,sci-fi,Christopher Nolan,3
Jonathan,25,"animation, drama",Gladiator,action,Ridley Scott,2
Jonathan,25,"animation, drama",Shrek,animation,Andrew Adamson,1
Jonathan,25,"animation, drama",John Wick,action,Chad Stahelski,3
Jonathan,25,"animation, drama",Get Out,horror,Jordan Peele,2
Jonathan,25,"animation, drama",Titanic,romance,James Cameron,2
Jonathan,25,"animation, drama",Finding Nemo,animation,Andrew Stanton,3
Donald,36,"animation, action",Gladiator,action,Ridley Scott,5
Donald,36,"animation, action",Gladiator,action,Ridley Scott,5
Donald,36,"animation, action",Pulp Fiction,crime,Quentin Tarantino,1
Donald,36,"animation, action",Shrek,animation,Andrew Adamson,2
Donald,36,"animation, action",The Dark Knight,action,Christopher Nolan,1
Teresa,25,"drama, animation",Forrest Gump,drama,Robert Zemeckis,3
Teresa,25,"drama, animation",Parasite,drama,Bong Joon-ho,5
Teresa,25,"drama, animation",Finding Nemo,animation,Andrew Stanton,2
Teresa,25,"drama, animation",The Dark Knight,action,Christopher Nolan,2
Lauren,62,"drama, crime",Get Out,horror,Jordan Peele,1
Lauren,62,"drama, crime",Parasite,drama,Bong Joon-ho,2
Lauren,62,"drama, crime",Joker,crime,Todd Phillips,4
Lauren,62,"drama, crime",Joker,crime,Todd Phillips,1
Lauren,62,"drama, crime",Alien,horror,Ridley Scott,4
Lauren,62,"drama, crime",Interstellar,sci-fi,Christopher Nolan,1
Joseph,27,"crime, comedy",Toy Story,animation,John Lasseter,2
Joseph,27,"crime, comedy",Superbad,comedy,Greg Mottola,1
Joseph,27,"crime, comedy",Interstellar,sci-fi,Christopher Nolan,1
Joseph,27,"crime, comedy",Alien,horror,Ridley Scott,3
Joseph,27,"crime, comedy",Shrek,animation,Andrew Adamson,1
Joseph,27,"crime, comedy",Forrest Gump,drama,Robert Zemeckis,3
Joseph,27,"crime, comedy",Joker,crime,Todd Phillips,1
Joseph,27,"crime, comedy",Forrest Gump,drama,Robert Zemeckis,4
Lisa,36,"thriller, fantasy",Get Out,horror,Jordan Peele,3
Lisa,36,"thriller, fantasy",The Notebook,romance,Nick Cassavetes,2
Lisa,36,"thriller, fantasy",Pulp Fiction,crime,Quentin Tarantino,1
Theresa,30,"drama, animation",Titanic,romance,James Cameron,1
Theresa,30,"drama, animation",Interstellar,sci-fi,Christopher Nolan,4
Theresa,30,"drama, animation",Finding Nemo,animation,Andrew Stanton,2
Theresa,30,"drama, animation",The Notebook,romance,Nick Cassavetes,2
Allison,59,"horror, action",Interstellar,sci-fi,Christopher Nolan,1
Allison,59,"horror, action",Joker,crime,Todd Phillips,5
Allison,59,"horror, action",John Wick,action,Chad Stahelski,3
Allison,59,"horror, action",Get Out,horror,Jordan Peele,4
Allison,59,"horror, action",Parasite,drama,Bong Joon-ho,3
Allison,59,"horror, action",The Notebook,romance,Nick Cassavetes,3
Allison,59,"horror, action",Forrest Gump,drama,Robert Zemeckis,5
Allison,59,"horror, action",Titanic,romance,James Cameron,5
Kimberly,60,"romance, crime",Superbad,comedy,Greg Mottola,1
Kimberly,60,"romance, crime",The Matrix,sci-fi,The Wachowskis,2
Kimberly,60,"romance, crime",Pulp Fiction,crime,Quentin Tarantino,2
Kimberly,60,"romance, crime",Interstellar,sci-fi,Christopher Nolan,2
Kimberly,60,"romance, crime",Inception,sci-fi,Christopher Nolan,3
Kimberly,60,"romance, crime",Joker,crime,Todd Phillips,5
Kimberly,60,"romance, crime",The Matrix,sci-fi,The Wachowskis,5
Kimberly,60,"romance, crime",Forrest Gump,drama,Robert Zemeckis,3
Calvin,29,"thriller, sci-fi",Alien,horror,Ridley Scott,3
Calvin,29,"thriller, sci-fi",Superbad,comedy,Greg Mottola,5
Calvin,29,"thriller, sci-fi",The Notebook,romance,Nick Cassavetes,3
Calvin,29,"thriller, sci-fi",Superbad,comedy,Greg Mottola,3
Calvin,29,"thriller, sci-fi",Forrest Gump,drama,Robert Zemeckis,1
Calvin,29,"thriller, sci-fi",Gladiator,action,Ridley Scott,3
Calvin,29,"thriller, sci-fi",Forrest Gump,drama,Robert Zemeckis,1
Calvin,29,"thriller, sci-fi",The Notebook,romance,Nick Cassavetes,5
Shawn,39,"sci-fi, action",Titanic,romance,James Cameron,2
Shawn,39,"sci-fi, action",John Wick,action,Chad Stahelski,3
Shawn,39,"sci-fi, action",Pulp Fiction,crime,Quentin Tarantino,2
Shawn,39,"sci-fi, action",Se7en,thriller,David Fincher,2
Shawn,39,"sci-fi, action",The Dark Knight,action,Christopher Nolan,3
Shawn,39,"sci-fi, action",Shrek,animation,Andrew Adamson,3
Shawn,39,"sci-fi, action",Superbad,comedy,Greg Mottola,2
Shawn,39,"sci-fi, action",Gladiator,action,Ridley Scott,4
Johnny,61,"thriller, drama",Pulp Fiction,crime,Quentin Tarantino,3
Johnny,61,"thriller, drama",Interstellar,sci-fi,Christopher Nolan,2
Johnny,61,"thriller, drama",Alien,horror,Ridley Scott,1
Johnny,61,"thriller, drama",Inception,sci-fi,Christopher Nolan,3
Johnny,61,"thriller, drama",Parasite,drama,Bong Joon-ho,3
Johnny,61,"thriller, drama",Toy Story,animation,John Lasseter,4
Johnny,61,"thriller, drama",Titanic,romance,James Cameron,1
Jeremy,46,"fantasy, action",Gladiator,action,Ridley Scott,1
Jeremy,46,"fantasy, action",John Wick,action,Chad Stahelski,5
Jeremy,46,"fantasy, action",Joker,crime,Todd Phillips,4
Jeremy,46,"fantasy, action",Shrek,animation,Andrew Adamson,4
Jeremy,46,"fantasy, action",Toy Story,animation,John Lasseter,5
Jeremy,46,"fantasy, action",The Notebook,romance,Nick Cassavetes,5
Jeremy,46,"fantasy, action",Joker,crime,Todd Phillips,5
Beth,60,"sci-fi, drama",Inception,sci-fi,Christopher Nolan,4
Beth,60,"sci-fi, drama",Mad Max: Fury Road,action,George Miller,4
Beth,60,"sci-fi, drama",Forrest Gump,drama,Robert Zemeckis,4
Beth,60,"sci-fi, drama",John Wick,action,Chad Stahelski,1
Beth,60,"sci-fi, drama",Joker,crime,Todd Phillips,4
Beth,60,"sci-fi, drama",Interstellar,sci-fi,Christopher Nolan,5
Beth,60,"sci-fi, drama",John Wick,action,Chad Stahelski,2
Beth,60,"sci-fi, drama",Interstellar,sci-fi,Christopher Nolan,5
Kimberly,34,"comedy, thriller",The Matrix,sci-fi,The Wachowskis,3
Kimberly,34,"comedy, thriller",Inception,sci-fi,Christopher Nolan,3
Kimberly,34,"comedy, thriller",Shrek,animation,Andrew Adamson,1
Kimberly,34,"comedy, thriller",Forrest Gump,drama,Robert Zemeckis,5
Kimberly,59,"comedy, sci-fi",The Notebook,romance,Nick Cassavetes,2
Kimberly,59,"comedy, sci-fi",The Matrix,sci-fi,The Wachowskis,5
Kimberly,59,"comedy, sci-fi",Parasite,drama,Bong Joon-ho,1
Kimberly,59,"comedy, sci-fi",Gladiator,action,Ridley Scott,4
Kimberly,59,"comedy, sci-fi",Joker,crime,Todd Phillips,5
Michelle,55,"comedy, animation",Superbad,comedy,Greg Mottola,3
Michelle,55,"comedy, animation",Alien,horror,Ridley Scott,3
Michelle,55,"comedy, animation",The Matrix,sci-fi,The Wachowskis,2
Michelle,55,"comedy, animation",Pulp Fiction,crime,Quentin Tarantino,3
Jonathan,18,"fantasy, crime",Mad Max: Fury Road,action,George Miller,3
Jonathan,18,"fantasy, crime",Inception,sci-fi,Christopher Nolan,5
Jonathan,18,"fantasy, crime",Gladiator,action,Ridley Scott,2
Jonathan,18,"fantasy, crime",Forrest Gump,drama,Robert Zemeckis,1
Jonathan,18,"fantasy, crime",The Matrix,sci-fi,The Wachowskis,2
Jonathan,18,"fantasy, crime",Joker,crime,Todd Phillips,1
Jennifer,47,"thriller, crime",Mad Max: Fury Road,action,George Miller,3
Jennifer,47,"thriller, crime",Titanic,romance,James Cameron,5
Jennifer,47,"thriller, crime",Parasite,drama,Bong Joon-ho,2
Jennifer,47,"thriller, crime",Superbad,comedy,Greg Mottola,4
Jennifer,47,"thriller, crime",The Matrix,sci-fi,The Wachowskis,2
Elizabeth,46,"action, drama",The Matrix,sci-fi,The Wachowskis,5
Elizabeth,46,"action, drama",Finding Nemo,animation,Andrew Stanton,3
Elizabeth,46,"action, drama",John Wick,action,Chad Stahelski,2
Elizabeth,46,"action, drama",Alien,horror,Ridley Scott,3
Elizabeth,46,"action, drama",Interstellar,sci-fi,Christopher Nolan,3
Melissa,36,"animation, fantasy",Forrest Gump,drama,Robert Zemeckis,2
Melissa,36,"animation, fantasy",Pulp Fiction,crime,Quentin Tarantino,2
Melissa,36,"animation, fantasy",Shrek,animation,Andrew Adamson,1
Melissa,36,"animation, fantasy",Toy Story,animation,John Lasseter,4
Brianna,49,"comedy, animation",Mad Max: Fury Road,action,George Miller,4
Brianna,49,"comedy, animation",Get Out,horror,Jordan Peele,2
Brianna,49,"comedy, animation",Alien,horror,Ridley Scott,2
Brianna,49,"comedy, animation",Interstellar,sci-fi,Christopher Nolan,5
Brianna,49,"comedy, animation",Toy Story,animation,John Lasseter,3
Brianna,49,"comedy, animation",Parasite,drama,Bong Joon-ho,3
Brianna,49,"comedy, animation",Interstellar,sci-fi,Christopher Nolan,3
Brianna,49,"comedy, animation",Shrek,animation,Andrew Adamson,1
Kimberly,60,"fantasy, action",The Notebook,romance,Nick Cassavetes,3
Kimberly,60,"fantasy, action",Inception,sci-fi,Christopher Nolan,5
Kimberly,60,"fantasy, action",Forrest Gump,drama,Robert Zemeckis,1
Kimberly,60,"fantasy, action",Toy Story,animation,John Lasseter,4
Kimberly,60,"fantasy, action",Joker,crime,Todd Phillips,5
Kimberly,60,"fantasy, action",Toy Story,animation,John Lasseter,4
Kimberly,60,"fantasy, action",Joker,crime,Todd Phillips,2
Kimberly,60,"fantasy, action",Parasite,drama,Bong Joon-ho,4
Karl,61,"drama, action",Gladiator,action,Ridley Scott,5
Karl,61,"drama, action",Shrek,animation,Andrew Adamson,1
Karl,61,"drama, action",Superbad,comedy,Greg Mottola,3
Karl,61,"drama, action",Inception,sci-fi,Christopher Nolan,1
Tara,63,"romance, drama",Joker,crime,Todd Phillips,1
Tara,63,"romance, drama",Titanic,romance,James Cameron,1
Tara,63,"romance, drama",The Matrix,sci-fi,The Wachowskis,3
Tara,63,"romance, drama",Shrek,animation,Andrew Adamson,2
Robert,34,"thriller, horror",Gladiator,action,Ridley Scott,1
Robert,34,"thriller, horror",Finding Nemo,animation,Andrew Stanton,4
Robert,34,"thriller, horror",Superbad,comedy,Greg Mottola,4
Robert,34,"thriller, horror",The Dark Knight,action,Christopher Nolan,2
Robert,34,"thriller, horror",Get Out,horror,Jordan Peele,4
Robert,34,"thriller, horror",Forrest Gump,drama,Robert Zemeckis,1
Robert,34,"thriller, horror",Mad Max: Fury Road,action,George Miller,3
Robert,34,"thriller, horror",Parasite,drama,Bong Joon-ho,4
Gabriella,52,"action, crime",The Notebook,romance,Nick Cassavetes,4
Gabriella,52,"action, crime",The Notebook,romance,Nick Cassavetes,3
Gabriella,52,"action, crime",Se7en,thriller,David Fincher,3
Gabriella,52,"action, crime",Finding Nemo,animation,Andrew Stanton,5
John,57,"romance, fantasy",Pulp Fiction,crime,Quentin Tarantino,5
John,57,"romance, fantasy",Se7en,thriller,David Fincher,1
John,57,"romance, fantasy",The Matrix,sci-fi,The Wachowskis,5
John,57,"romance, fantasy",Interstellar,sci-fi,Christopher Nolan,3
John,57,"romance, fantasy",Pulp Fiction,crime,Quentin Tarantino,1
Kaitlyn,35,"crime, action",Alien,horror,Ridley Scott,4
Kaitlyn,35,"crime, action",Joker,crime,Todd Phillips,2
Kaitlyn,35,"crime, action",Shrek,animation,Andrew Adamson,3
Carlos,21,"thriller, sci-fi",Pulp Fiction,crime,Quentin Tarantino,1
Carlos,21,"thriller, sci-fi",Finding Nemo,animation,Andrew Stanton,5
Carlos,21,"thriller, sci-fi",Get Out,horror,Jordan Peele,1
Carlos,21,"thriller, sci-fi",The Matrix,sci-fi,The Wachowskis,4
Carlos,21,"thriller, sci-fi",Gladiator,action,Ridley Scott,4
Diamond,50,"romance, action",Shrek,animation,Andrew Adamson,4
Diamond,50,"romance, action",Se7en,thriller,David Fincher,4
Diamond,50,"romance, action",Superbad,comedy,Greg Mottola,2
Diamond,50,"romance, action",Titanic,romance,James Cameron,5
Diamond,50,"romance, action",Parasite,drama,Bong Joon-ho,1
Theresa,46,"animation, crime",Alien,horror,Ridley Scott,4
Theresa,46,"animation, crime",Titanic,romance,James Cameron,5
Theresa,46,"animation, crime",Toy Story,animation,John Lasseter,5
Theresa,46,"animation, crime",The Notebook,romance,Nick Cassavetes,4
Theresa,46,"animation, crime",Pulp Fiction,crime,Quentin Tarantino,4
Theresa,46,"animation, crime",Finding Nemo,animation,Andrew Stanton,2
Theresa,46,"animation, crime",Joker,crime,Todd Phillips,2
Derrick,42,"fantasy, comedy",The Matrix,sci-fi,The Wachowskis,4
Derrick,42,"fantasy, comedy",Se7en,thriller,David Fincher,1
Derrick,42,"fantasy, comedy",Pulp Fiction,crime,Quentin Tarantino,2
Derrick,42,"fantasy, comedy",Finding Nemo,animation,Andrew Stanton,1
Derrick,42,"fantasy, comedy",Pulp Fiction,crime,Quentin Tarantino,3
Derrick,42,"fantasy, comedy",Inception,sci-fi,Christopher Nolan,5
Ann,24,"fantasy, crime",Forrest Gump,drama,Robert Zemeckis,5
Ann,24,"fantasy, crime",The Dark Knight,action,Christopher Nolan,2
Ann,24,"fantasy, crime",Toy Story,animation,John Lasseter,1
Micheal,57,"fantasy, drama",Forrest Gump,drama,Robert Zemeckis,2
Micheal,57,"fantasy, drama",Superbad,comedy,Greg Mottola,5
Micheal,57,"fantasy, drama",The Matrix,sci-fi,The Wachowskis,5
Micheal,57,"fantasy, drama",Interstellar,sci-fi,Christopher Nolan,4
Micheal,57,"fantasy, drama",Interstellar,sci-fi,Christopher Nolan,2
Micheal,57,"fantasy, drama",Parasite,drama,Bong Joon-ho,1
Rachel,56,"sci-fi, crime",Shrek,animation,Andrew Adamson,5
Rachel,56,"sci-fi, crime",John Wick,action,Chad Stahelski,3
Rachel,56,"sci-fi, crime",Mad Max: Fury Road,action,George Miller,2
Sarah,19,"sci-fi, drama",Gladiator,action,Ridley Scott,1
Sarah,19,"sci-fi, drama",Titanic,romance,James Cameron,3
Sarah,19,"sci-fi, drama",The Matrix,sci-fi,The Wachowskis,3
Sarah,19,"sci-fi, drama",Parasite,drama,Bong Joon-ho,1
Emily,65,"crime, animation",Finding Nemo,animation,Andrew Stanton,2
Emily,65,"crime, animation",The Dark Knight,action,Christopher Nolan,1
Emily,65,"crime, animation",Se7en,thriller,David Fincher,5
Gregory,46,"action, sci-fi",Inception,sci-fi,Christopher Nolan,5
Gregory,46,"action, sci-fi",Forrest Gump,drama,Robert Zemeckis,3
Gregory,46,"action, sci-fi",The Notebook,romance,Nick Cassavetes,3
Gregory,46,"action, sci-fi",The Dark Knight,action,Christopher Nolan,4
Gregory,46,"action, sci-fi",John Wick,action,Chad Stahelski,4
Gregory,46,"action, sci-fi",Get Out,horror,Jordan Peele,2
Patricia,55,"romance, crime",Superbad,comedy,Greg Mottola,3
Patricia,55,"romance, crime",Se7en,thriller,David Fincher,3
Patricia,55,"romance, crime",Superbad,comedy,Greg Mottola,2
Patricia,55,"romance, crime",Get Out,horror,Jordan Peele,5
Patricia,55,"romance, crime",Get Out,horror,Jordan Peele,3
Patricia,55,"romance, crime",Superbad,comedy,Greg Mottola,5
Patricia,55,"romance, crime",Parasite,drama,Bong Joon-ho,3
Kimberly,51,"thriller, animation",Toy Story,animation,John Lasseter,5
Kimberly,51,"thriller, animation",The Notebook,romance,Nick Cassavetes,1
Kimberly,51,"thriller, animation",Titanic,romance,James Cameron,4
Kimberly,51,"thriller, animation",Inception,sci-fi,Christopher Nolan,2
Kimberly,51,"thriller, animation",The Matrix,sci-fi,The Wachowskis,5
Kimberly,51,"thriller, animation",Se7en,thriller,David Fincher,1
Kimberly,51,"thriller, animation",Mad Max: Fury Road,action,George Miller,2
Kimberly,51,"thriller, animation",Alien,horror,Ridley Scott,2
Benjamin,44,"romance, thriller",The Dark Knight,action,Christopher Nolan,1
Benjamin,44,"romance, thriller",Joker,crime,Todd Phillips,3
Benjamin,44,"romance, thriller",John Wick,action,Chad Stahelski,1
Benjamin,44,"romance, thriller",Get Out,horror,Jordan Peele,2
David,41,"drama, animation",The Matrix,sci-fi,The Wachowskis,2
David,41,"drama, animation",Alien,horror,Ridley Scott,1
David,41,"drama, animation",Joker,crime,Todd Phillips,4
David,41,"drama, animation",Se7en,thriller,David Fincher,1
David,41,"drama, animation",Mad Max: Fury Road,action,George Miller,2
David,41,"drama, animation",Alien,horror,Ridley Scott,3
Aaron,61,"comedy, romance",The Matrix,sci-fi,The Wachowskis,1
Aaron,61,"comedy, romance",The Notebook,romance,Nick Cassavetes,2
Aaron,61,"comedy, romance",Forrest Gump,drama,Robert Zemeckis,3
Aaron,61,"comedy, romance",Interstellar,sci-fi,Christopher Nolan,1
Sean,44,"horror, thriller",Titanic,romance,James Cameron,5
Sean,44,"horror, thriller",John Wick,action,Chad Stahelski,4
Sean,44,"horror, thriller",Gladiator,action,Ridley Scott,3
Sean,44,"horror, thriller",The Notebook,romance,Nick Cassavetes,1
Sean,44,"horror, thriller",Alien,horror,Ridley Scott,1
Sean,44,"horror, thriller",The Matrix,sci-fi,The Wachowskis,3
Victor,25,"drama, horror",Forrest Gump,drama,Robert Zemeckis,4
Victor,25,"drama, horror",The Notebook,romance,Nick Cassavetes,5
Victor,25,"drama, horror",Superbad,comedy,Greg Mottola,2
Victor,25,"drama, horror",Get Out,horror,Jordan Peele,4
Victor,25,"drama, horror",Pulp Fiction,crime,Quentin Tarantino,3
Victor,25,"drama, horror",Shrek,animation,Andrew Adamson,1
Rachel,63,"sci-fi, fantasy",John Wick,action,Chad Stahelski,3
Rachel,63,"sci-fi, fantasy",Se7en,thriller,David Fincher,4
Rachel,63,"sci-fi, fantasy",Finding Nemo,animation,Andrew Stanton,3
Rachel,63,"sci-fi, fantasy",Titanic,romance,James Cameron,4
Rachel,63,"sci-fi, fantasy",Get Out,horror,Jordan Peele,2
Molly,63,"comedy, thriller",John Wick,action,Chad Stahelski,3
Molly,63,"comedy, thriller",Joker,crime,Todd Phillips,4
Molly,63,"comedy, thriller",Gladiator,action,Ridley Scott,4
Molly,63,"comedy, thriller",Gladiator,action,Ridley Scott,4
Molly,63,"comedy, thriller",The Dark Knight,action,Christopher Nolan,2
Molly,63,"comedy, thriller",Superbad,comedy,Greg Mottola,1
Andrew,46,"action, crime",The Dark Knight,action,Christopher Nolan,3
Andrew,46,"action, crime",Joker,crime,Todd Phillips,1
Andrew,46,"action, crime",Toy Story,animation,John Lasseter,4
Andrew,46,"action, crime",The Matrix,sci-fi,The Wachowskis,5
Andrew,46,"action, crime",Interstellar,sci-fi,Christopher Nolan,5
Andrew,46,"action, crime",Parasite,drama,Bong Joon-ho,1
Andrew,46,"action, crime",Inception,sci-fi,Christopher Nolan,3
Nicole,29,"comedy, romance",The Notebook,romance,Nick Cassavetes,3
Nicole,29,"comedy, romance",Inception,sci-fi,Christopher Nolan,2
Nicole,29,"comedy, romance",The Matrix,sci-fi,The Wachowskis,3
Nicole,29,"comedy, romance",Mad Max: Fury Road,action,George Miller,4
Nicole,29,"comedy, romance",Pulp Fiction,crime,Quentin Tarantino,4
Nicole,29,"comedy, romance",Alien,horror,Ridley Scott,1
Melinda,30,"sci-fi, romance",Interstellar,sci-fi,Christopher Nolan,4
Melinda,30,"sci-fi, romance",The Dark Knight,action,Christopher Nolan,5
Melinda,30,"sci-fi, romance",Gladiator,action,Ridley Scott,4
Melinda,30,"sci-fi, romance",Alien,horror,Ridley Scott,3
Melinda,30,"sci-fi, romance",Inception,sci-fi,Christopher Nolan,2
Melinda,30,"sci-fi, romance",Se7en,thriller,David Fincher,1
Melinda,30,"sci-fi, romance",The Dark Knight,action,Christopher Nolan,1
Kim,40,"romance, sci-fi",Se7en,thriller,David Fincher,5
Kim,40,"romance, sci-fi",Forrest Gump,drama,Robert Zemeckis,1
Kim,40,"romance, sci-fi",Se7en,thriller,David Fincher,1
Kim,40,"romance, sci-fi",Pulp Fiction,crime,Quentin Tarantino,3
Kim,40,"romance, sci-fi",Forrest Gump,drama,Robert Zemeckis,2
Kim,40,"romance, sci-fi",Parasite,drama,Bong Joon-ho,3
Holly,55,"comedy, fantasy",Get Out,horror,Jordan Peele,5
Holly,55,"comedy, fantasy",The Matrix,sci-fi,The Wachowskis,1
Holly,55,"comedy, fantasy",Gladiator,action,Ridley Scott,4
Holly,55,"comedy, fantasy",John Wick,action,Chad Stahelski,3
Edward,58,"fantasy, action",Inception,sci-fi,Christopher Nolan,4
Edward,58,"fantasy, action",Parasite,drama,Bong Joon-ho,5
Edward,58,"fantasy, action",Toy Story,animation,John Lasseter,2
Timothy,64,"horror, action",The Matrix,sci-fi,The Wachowskis,4
Timothy,64,"horror, action",Joker,crime,Todd Phillips,3
Timothy,64,"horror, action",Superbad,comedy,Greg Mottola,1
Timothy,64,"horror, action",The Matrix,sci-fi,The Wachowskis,3
Timothy,64,"horror, action",Mad Max: Fury Road,action,George Miller,1
Jackson,27,"comedy, drama",Get Out,horror,Jordan Peele,1
Jackson,27,"comedy, drama",Inception,sci-fi,Christopher Nolan,3
Jackson,27,"comedy, drama",Superbad,comedy,Greg Mottola,3
Jackson,27,"comedy, drama",Titanic,romance,James Cameron,2
Jackson,27,"comedy, drama",Superbad,comedy,Greg Mottola,2
Jackson,27,"comedy, drama",Se7en,thriller,David Fincher,3
Alyssa,54,"action, animation",Toy Story,animation,John Lasseter,1
Alyssa,54,"action, animation",Toy Story,animation,John Lasseter,3
Alyssa,54,"action, animation",Se7en,thriller,David Fincher,5
Alyssa,54,"action, animation",Alien,horror,Ridley Scott,5
Jake,28,"drama, fantasy",Mad Max: Fury Road,action,George Miller,2
Jake,28,"drama, fantasy",Titanic,romance,James Cameron,5
Jake,28,"drama, fantasy",Get Out,horror,Jordan Peele,2
Austin,44,"crime, fantasy",The Notebook,romance,Nick Cassavetes,2
Austin,44,"crime, fantasy",Superbad,comedy,Greg Mottola,4
Austin,44,"crime, fantasy",Toy Story,animation,John Lasseter,4
Austin,44,"crime, fantasy",Pulp Fiction,crime,Quentin Tarantino,1
Austin,44,"crime, fantasy",Alien,horror,Ridley Scott,5
Austin,44,"crime, fantasy",Toy Story,animation,John Lasseter,3
Austin,44,"crime, fantasy",The Matrix,sci-fi,The Wachowskis,5
Amy,34,"action, romance",The Notebook,romance,Nick Cassavetes,2
Amy,34,"action, romance",Mad Max: Fury Road,action,George Miller,1
Amy,34,"action, romance",Gladiator,action,Ridley Scott,5
Amy,34,"action, romance",Superbad,comedy,Greg Mottola,2
Amy,34,"action, romance",Get Out,horror,Jordan Peele,2
Andrew,60,"comedy, animation",Se7en,thriller,David Fincher,3
Andrew,60,"comedy, animation",Shrek,animation,Andrew Adamson,4
Andrew,60,"comedy, animation",The Matrix,sci-fi,The Wachowskis,4
Andrew,60,"comedy, animation",Joker,crime,Todd Phillips,3
Andrew,60,"comedy, animation",Forrest Gump,drama,Robert Zemeckis,1
Andrew,60,"comedy, animation",Mad Max: Fury Road,action,George Miller,1
Andrew,60,"comedy, animation",Forrest Gump,drama,Robert Zemeckis,4
Tina,31,"fantasy, animation",Inception,sci-fi,Christopher Nolan,3
Tina,31,"fantasy, animation",Shrek,animation,Andrew Adamson,2
Tina,31,"fantasy, animation",Se7en,thriller,David Fincher,2
Tina,31,"fantasy, animation",Gladiator,action,Ridley Scott,2
Tina,31,"fantasy, animation",Parasite,drama,Bong Joon-ho,3
Tina,31,"fantasy, animation",The Dark Knight,action,Christopher Nolan,4
Tina,31,"fantasy, animation",Mad Max: Fury Road,action,George Miller,3
Tina,31,"fantasy, animation",Toy Story,animation,John Lasseter,4
William,48,"horror, animation",Forrest Gump,drama,Robert Zemeckis,3
William,48,"horror, animation",Toy Story,animation,John Lasseter,4
William,48,"horror, animation",Parasite,drama,Bong Joon-ho,1
William,48,"horror, animation",Pulp Fiction,crime,Quentin Tarantino,2
William,48,"horror, animation",The Dark Knight,action,Christopher Nolan,5
Bradley,21,"romance, drama",Titanic,romance,James Cameron,5
Bradley,21,"romance, drama",Alien,horror,Ridley Scott,5
Bradley,21,"romance, drama",The Notebook,romance,Nick Cassavetes,2
Bradley,21,"romance, drama",Parasite,drama,Bong Joon-ho,2
Bradley,21,"romance, drama",Toy Story,animation,John Lasseter,3
Bradley,21,"romance, drama",Interstellar,sci-fi,Christopher Nolan,4
Bradley,21,"romance, drama",Shrek,animation,Andrew Adamson,5
Patrick,32,"sci-fi, romance",The Matrix,sci-fi,The Wachowskis,1
Patrick,32,"sci-fi, romance",Se7en,thriller,David Fincher,5
Patrick,32,"sci-fi, romance",Gladiator,action,Ridley Scott,5
Patrick,32,"sci-fi, romance",Parasite,drama,Bong Joon-ho,5
Andrew,27,"romance, comedy",Toy Story,animation,John Lasseter,2
Andrew,27,"romance, comedy",Finding Nemo,animation,Andrew Stanton,1
Andrew,27,"romance, comedy",Joker,crime,Todd Phillips,1
Juan,48,"drama, thriller",John Wick,action,Chad Stahelski,2
Juan,48,"drama, thriller",Se7en,thriller,David Fincher,2
Juan,48,"drama, thriller",Gladiator,action,Ridley Scott,1
Juan,48,"drama, thriller",Mad Max: Fury Road,action,George Miller,3
Juan,48,"drama, thriller",Superbad,comedy,Greg Mottola,1
Juan,48,"drama, thriller",John Wick,action,Chad Stahelski,1
Laura,63,"sci-fi, drama",The Dark Knight,action,Christopher Nolan,1
Laura,63,"sci-fi, drama",Get Out,horror,Jordan Peele,3
Laura,63,"sci-fi, drama",Alien,horror,Ridley Scott,3
Laura,63,"sci-fi, drama",John Wick,action,Chad Stahelski,4
Laura,63,"sci-fi, drama",Gladiator,action,Ridley Scott,2
Laura,63,"sci-fi, drama",The Dark Knight,action,Christopher Nolan,4
Laura,63,"sci-fi, drama",Parasite,drama,Bong Joon-ho,3
Sean,18,"fantasy, thriller",Joker,crime,Todd Phillips,3
Sean,18,"fantasy, thriller",Pulp Fiction,crime,Quentin Tarantino,3
Sean,18,"fantasy, thriller",Shrek,animation,Andrew Adamson,1
Sean,18,"fantasy, thriller",The Dark Knight,action,Christopher Nolan,1
Sean,18,"fantasy, thriller",John Wick,action,Chad Stahelski,1
Sean,18,"fantasy, thriller",Mad Max: Fury Road,action,George Miller,5
Sean,18,"fantasy, thriller",Titanic,romance,James Cameron,2
Robert,59,"romance, action",The Matrix,sci-fi,The Wachowskis,4
Robert,59,"romance, action",John Wick,action,Chad Stahelski,4
Robert,59,"romance, action",Pulp Fiction,crime,Quentin Tarantino,1
Robert,59,"romance, action",John Wick,action,Chad Stahelski,2
Robert,59,"romance, action",Interstellar,sci-fi,Christopher Nolan,5
Robert,59,"romance, action",Parasite,drama,Bong Joon-ho,5
Robert,59,"romance, action",Finding Nemo,animation,Andrew Stanton,3
Robert,59,"romance, action",The Matrix,sci-fi,The Wachowskis,4
Natalie,26,"drama, crime",Se7en,thriller,David Fincher,1
Natalie,26,"drama, crime",The Dark Knight,action,Christopher Nolan,5
Natalie,26,"drama, crime",Parasite,drama,Bong Joon-ho,1
Natalie,26,"drama, crime",Gladiator,action,Ridley Scott,1
Natalie,26,"drama, crime",Pulp Fiction,crime,Quentin Tarantino,3
Natalie,26,"drama, crime",Alien,horror,Ridley Scott,1
Natalie,26,"drama, crime",The Notebook,romance,Nick Cassavetes,5
Allison,58,"animation, fantasy",Joker,crime,Todd Phillips,1
Allison,58,"animation, fantasy",The Notebook,romance,Nick Cassavetes,1
Allison,58,"animation, fantasy",Forrest Gump,drama,Robert Zemeckis,2
Allison,58,"animation, fantasy",Inception,sci-fi,Christopher Nolan,3
Allison,58,"animation, fantasy",Se7en,thriller,David Fincher,3
Allison,58,"animation, fantasy",Forrest Gump,drama,Robert Zemeckis,2
Gail,63,"sci-fi, animation",John Wick,action,Chad Stahelski,1
Gail,63,"sci-fi, animation",Get Out,horror,Jordan Peele,5
Gail,63,"sci-fi, animation",Mad Max: Fury Road,action,George Miller,5
Gail,63,"sci-fi, animation",Shrek,animation,Andrew Adamson,1
Megan,32,"action, horror",Superbad,comedy,Greg Mottola,4
Megan,32,"action, horror",The Notebook,romance,Nick Cassavetes,4
Megan,32,"action, horror",Get Out,horror,Jordan Peele,3
Megan,32,"action, horror",The Dark Knight,action,Christopher Nolan,5
Megan,32,"action, horror",Toy Story,animation,John Lasseter,4
Amanda,45,"action, sci-fi",Finding Nemo,animation,Andrew Stanton,3
Amanda,45,"action, sci-fi",Mad Max: Fury Road,action,George Miller,2
Amanda,45,"action, sci-fi",The Dark Knight,action,Christopher Nolan,1
Amanda,45,"action, sci-fi",Toy Story,animation,John Lasseter,5
Amanda,45,"action, sci-fi",Inception,sci-fi,Christopher Nolan,3
Amanda,45,"action, sci-fi",Gladiator,action,Ridley Scott,4
Amanda,45,"action, sci-fi",The Matrix,sci-fi,The Wachowskis,3
Amanda,45,"action, sci-fi",The Matrix,sci-fi,The Wachowskis,5
Megan,40,"drama, fantasy",Get Out,horror,Jordan Peele,1
Megan,40,"drama, fantasy",Joker,crime,Todd Phillips,2
Megan,40,"drama, fantasy",Toy Story,animation,John Lasseter,3
Megan,40,"drama, fantasy",Inception,sci-fi,Christopher Nolan,1
Megan,40,"drama, fantasy",Get Out,horror,Jordan Peele,3
Megan,40,"drama, fantasy",Finding Nemo,animation,Andrew Stanton,3
Megan,40,"drama, fantasy",Gladiator,action,Ridley Scott,2
Megan,40,"drama, fantasy",Gladiator,action,Ridley Scott,2
Theresa,49,"drama, comedy",Mad Max: Fury Road,action,George Miller,1
Theresa,49,"drama, comedy",The Matrix,sci-fi,The Wachowskis,1
Theresa,49,"drama, comedy",Get Out,horror,Jordan Peele,1
Theresa,49,"drama, comedy",Superbad,comedy,Greg Mottola,5
Theresa,49,"drama, comedy",Finding Nemo,animation,Andrew Stanton,3
Theresa,49,"drama, comedy",Parasite,drama,Bong Joon-ho,5
Kimberly,21,"horror, animation",Superbad,comedy,Greg Mottola,5
Kimberly,21,"horror, animation",Mad Max: Fury Road,action,George Miller,2
Kimberly,21,"horror, animation",Toy Story,animation,John Lasseter,1
Kimberly,21,"horror, animation",Superbad,comedy,Greg Mottola,3
Michael,37,"animation, crime",Interstellar,sci-fi,Christopher Nolan,2
Michael,37,"animation, crime",Pulp Fiction,crime,Quentin Tarantino,1
Michael,37,"animation, crime",The Notebook,romance,Nick Cassavetes,5
Michael,37,"animation, crime",Parasite,drama,Bong Joon-ho,2
Michael,37,"animation, crime",Se7en,thriller,David Fincher,3
Lindsey,56,"sci-fi, horror",Inception,sci-fi,Christopher Nolan,2
Lindsey,56,"sci-fi, horror",Get Out,horror,Jordan Peele,2
Lindsey,56,"sci-fi, horror",Joker,crime,Todd Phillips,3
Lindsey,56,"sci-fi, horror",The Matrix,sci-fi,The Wachowskis,3
Angela,56,"horror, sci-fi",Forrest Gump,drama,Robert Zemeckis,2
Angela,56,"horror, sci-fi",Se7en,thriller,David Fincher,2
Angela,56,"horror, sci-fi",John Wick,action,Chad Stahelski,2
Heather,50,"crime, horror",Alien,horror,Ridley Scott,3
Heather,50,"crime, horror",The Matrix,sci-fi,The Wachowskis,4
Heather,50,"crime, horror",Alien,horror,Ridley Scott,4
Heather,50,"crime, horror",The Dark Knight,action,Christopher Nolan,3
Heather,50,"crime, horror",Se7en,thriller,David Fincher,5
Heather,50,"crime, horror",Inception,sci-fi,Christopher Nolan,4
Heather,50,"crime, horror",Forrest Gump,drama,Robert Zemeckis,5
Ricardo,57,"romance, drama",Titanic,romance,James Cameron,5
Ricardo,57,"romance, drama",Inception,sci-fi,Christopher Nolan,3
Ricardo,57,"romance, drama",Superbad,comedy,Greg Mottola,3
Ricardo,57,"romance, drama",Forrest Gump,drama,Robert Zemeckis,1
Ricardo,57,"romance, drama",John Wick,action,Chad Stahelski,4
Ricardo,57,"romance, drama",Titanic,romance,James Cameron,1
Ricardo,57,"romance, drama",Titanic,romance,James Cameron,5
Melissa,48,"fantasy, thriller",Alien,horror,Ridley Scott,2
Melissa,48,"fantasy, thriller",John Wick,action,Chad Stahelski,5
Melissa,48,"fantasy, thriller",The Notebook,romance,Nick Cassavetes,3
Melissa,48,"fantasy, thriller",Get Out,horror,Jordan Peele,2
Melissa,48,"fantasy, thriller",The Matrix,sci-fi,The Wachowskis,2
Jessica,61,"fantasy, drama",The Notebook,romance,Nick Cassavetes,5
Jessica,61,"fantasy, drama",Titanic,romance,James Cameron,4
Jessica,61,"fantasy, drama",Titanic,romance,James Cameron,1
Jessica,61,"fantasy, drama",Forrest Gump,drama,Robert Zemeckis,3
Jessica,61,"fantasy, drama",Gladiator,action,Ridley Scott,1
Sarah,54,"thriller, crime",The Dark Knight,action,Christopher Nolan,3
Sarah,54,"thriller, crime",Get Out,horror,Jordan Peele,2
Sarah,54,"thriller, crime",John Wick,action,Chad Stahelski,4
Sarah,54,"thriller, crime",Alien,horror,Ridley Scott,3
Sarah,54,"thriller, crime",The Dark Knight,action,Christopher Nolan,5
Sarah,54,"thriller, crime",Get Out,horror,Jordan Peele,2
Sarah,54,"thriller, crime",Mad Max: Fury Road,action,George Miller,4
Sarah,54,"thriller, crime",The Notebook,romance,Nick Cassavetes,2
Kristine,32,"comedy, romance",The Dark Knight,action,Christopher Nolan,1
Kristine,32,"comedy, romance",Interstellar,sci-fi,Christopher Nolan,5
Kristine,32,"comedy, romance",Mad Max: Fury Road,action,George Miller,5
Kristine,32,"comedy, romance",Gladiator,action,Ridley Scott,4
Roy,26,"fantasy, thriller",Mad Max: Fury Road,action,George Miller,5
Roy,26,"fantasy, thriller",Gladiator,action,Ridley Scott,4
Roy,26,"fantasy, thriller",The Dark Knight,action,Christopher Nolan,3
Roy,26,"fantasy, thriller",The Matrix,sci-fi,The Wachowskis,1
Roy,26,"fantasy, thriller",Shrek,animation,Andrew Adamson,3
Roy,26,"fantasy, thriller",Parasite,drama,Bong Joon-ho,3
Sean,65,"comedy, thriller",Mad Max: Fury Road,action,George Miller,3
Sean,65,"comedy, thriller",Interstellar,sci-fi,Christopher Nolan,4
Sean,65,"comedy, thriller",Inception,sci-fi,Christopher Nolan,2
Sean,65,"comedy, thriller",Finding Nemo,animation,Andrew Stanton,4
Sean,65,"comedy, thriller",Forrest Gump,drama,Robert Zemeckis,2
Sean,65,"comedy, thriller",Shrek,animation,Andrew Adamson,4
Sean,65,"comedy, thriller",Gladiator,action,Ridley Scott,3
Mark,49,"romance, drama",Toy Story,animation,John Lasseter,5
Mark,49,"romance, drama",John Wick,action,Chad Stahelski,2
Mark,49,"romance, drama",Forrest Gump,drama,Robert Zemeckis,5
Mark,49,"romance, drama",Alien,horror,Ridley Scott,2
Mark,49,"romance, drama",Alien,horror,Ridley Scott,3
Mark,49,"romance, drama",Titanic,romance,James Cameron,3
Todd,33,"thriller, sci-fi",Superbad,comedy,Greg Mottola,4
Todd,33,"thriller, sci-fi",Se7en,thriller,David Fincher,2
Todd,33,"thriller, sci-fi",Inception,sci-fi,Christopher Nolan,2
Todd,33,"thriller, sci-fi",Superbad,comedy,Greg Mottola,4
Todd,33,"thriller, sci-fi",Toy Story,animation,John Lasseter,2
Todd,33,"thriller, sci-fi",Mad Max: Fury Road,action,George Miller,3
Todd,33,"thriller, sci-fi",Pulp Fiction,crime,Quentin Tarantino,4
Todd,33,"thriller, sci-fi",Interstellar,sci-fi,Christopher Nolan,1
Marcus,39,"action, fantasy",Forrest Gump,drama,Robert Zemeckis,2
Marcus,39,"action, fantasy",John Wick,action,Chad Stahelski,3
Marcus,39,"action, fantasy",Alien,horror,Ridley Scott,4
Marcus,39,"action, fantasy",Parasite,drama,Bong Joon-ho,1
Marcus,39,"action, fantasy",Interstellar,sci-fi,Christopher Nolan,3
Kristin,20,"action, comedy",Get Out,horror,Jordan Peele,3
Kristin,20,"action, comedy",John Wick,action,Chad Stahelski,2
Kristin,20,"action, comedy",Interstellar,sci-fi,Christopher Nolan,3
Kristin,20,"action, comedy",Shrek,animation,Andrew Adamson,4
Kristin,20,"action, comedy",Titanic,romance,James Cameron,5
Kristin,20,"action, comedy",Alien,horror,Ridley Scott,5
Ronald,24,"crime, comedy",Finding Nemo,animation,Andrew Stanton,2
Ronald,24,"crime, comedy",Inception,sci-fi,Christopher Nolan,4
Ronald,24,"crime, comedy",Alien,horror,Ridley Scott,5
Ronald,24,"crime, comedy",Forrest Gump,drama,Robert Zemeckis,2
David,27,"comedy, action",The Notebook,romance,Nick Cassavetes,5
David,27,"comedy, action",Shrek,animation,Andrew Adamson,5
David,27,"comedy, action",The Notebook,romance,Nick Cassavetes,5
David,27,"comedy, action",Superbad,comedy,Greg Mottola,5
David,27,"comedy, action",Gladiator,action,Ridley Scott,2
David,27,"comedy, action",Gladiator,action,Ridley Scott,4
David,27,"comedy, action",Interstellar,sci-fi,Christopher Nolan,4
David,27,"comedy, action",Pulp Fiction,crime,Quentin Tarantino,5
Anna,39,"action, crime",Alien,horror,Ridley Scott,2
Anna,39,"action, crime",Joker,crime,Todd Phillips,1
Anna,39,"action, crime",Gladiator,action,Ridley Scott,3
Nicholas,57,"sci-fi, crime",Gladiator,action,Ridley Scott,5
Nicholas,57,"sci-fi, crime",Joker,crime,Todd Phillips,3
Nicholas,57,"sci-fi, crime",Se7en,thriller,David Fincher,5
Nicholas,57,"sci-fi, crime",Alien,horror,Ridley Scott,2
Nicholas,57,"sci-fi, crime",Parasite,drama,Bong Joon-ho,4
Kevin,61,"horror, fantasy",Interstellar,sci-fi,Christopher Nolan,3
Kevin,61,"horror, fantasy",Shrek,animation,Andrew Adamson,4
Kevin,61,"horror, fantasy",Toy Story,animation,John Lasseter,4
Kevin,61,"horror, fantasy",Forrest Gump,drama,Robert Zemeckis,1
Breanna,61,"action, thriller",Se7en,thriller,David Fincher,2
Breanna,61,"action, thriller",The Notebook,romance,Nick Cassavetes,5
Breanna,61,"action, thriller",Toy Story,animation,John Lasseter,5
Breanna,61,"action, thriller",The Matrix,sci-fi,The Wachowskis,1
Breanna,61,"action, thriller",Superbad,comedy,Greg Mottola,5
Breanna,61,"action, thriller",Finding Nemo,animation,Andrew Stanton,2
Breanna,61,"action, thriller",The Dark Knight,action,Christopher Nolan,4
Breanna,61,"action, thriller",The Notebook,romance,Nick Cassavetes,5
Debra,38,"fantasy, animation",Superbad,comedy,Greg Mottola,4
Debra,38,"fantasy, animation",Alien,horror,Ridley Scott,4
Debra,38,"fantasy, animation",Forrest Gump,drama,Robert Zemeckis,4
Debra,38,"fantasy, animation",Pulp Fiction,crime,Quentin Tarantino,5
Debra,38,"fantasy, animation",Mad Max: Fury Road,action,George Miller,5
Debra,38,"fantasy, animation",Toy Story,animation,John Lasseter,5
Debra,38,"fantasy, animation",Inception,sci-fi,Christopher Nolan,2
Debra,38,"fantasy, animation",Se7en,thriller,David Fincher,4
Aaron,50,"sci-fi, drama",Se7en,thriller,David Fincher,4
Aaron,50,"sci-fi, drama",Alien,horror,Ridley Scott,4
Aaron,50,"sci-fi, drama",Shrek,animation,Andrew Adamson,4
Aaron,50,"sci-fi, drama",Finding Nemo,animation,Andrew Stanton,2
Aaron,50,"sci-fi, drama",Forrest Gump,drama,Robert Zemeckis,5
Aaron,50,"sci-fi, drama",Joker,crime,Todd Phillips,2
Aaron,50,"sci-fi, drama",Joker,crime,Todd Phillips,1
Dustin,21,"comedy, romance",Forrest Gump,drama,Robert Zemeckis,2
Dustin,21,"comedy, romance",Gladiator,action,Ridley Scott,1
Dustin,21,"comedy, romance",Toy Story,animation,John Lasseter,4
Dustin,21,"comedy, romance",Inception,sci-fi,Christopher Nolan,5
Antonio,27,"sci-fi, thriller",Finding Nemo,animation,Andrew Stanton,4
Antonio,27,"sci-fi, thriller",Mad Max: Fury Road,action,George Miller,3
Antonio,27,"sci-fi, thriller",The Matrix,sci-fi,The Wachowskis,3
Antonio,27,"sci-fi, thriller",Toy Story,animation,John Lasseter,4
Christopher,37,"fantasy, thriller",Toy Story,animation,John Lasseter,2
Christopher,37,"fantasy, thriller",Forrest Gump,drama,Robert Zemeckis,3
Christopher,37,"fantasy, thriller",The Dark Knight,action,Christopher Nolan,2
Christopher,37,"fantasy, thriller",Se7en,thriller,David Fincher,4
Christopher,37,"fantasy, thriller",Toy Story,animation,John Lasseter,2
Christopher,37,"fantasy, thriller",Pulp Fiction,crime,Quentin Tarantino,1
Terri,21,"drama, horror",Shrek,animation,Andrew Adamson,2
Terri,21,"drama, horror",Inception,sci-fi,Christopher Nolan,5
Terri,21,"drama, horror",The Notebook,romance,Nick Cassavetes,2
Terri,21,"drama, horror",The Matrix,sci-fi,The Wachowskis,3
Terri,21,"drama, horror",Parasite,drama,Bong Joon-ho,5
Terri,21,"drama, horror",Interstellar,sci-fi,Christopher Nolan,2
Willie,37,"action, horror",Shrek,animation,Andrew Adamson,5
Willie,37,"action, horror",Se7en,thriller,David Fincher,1
Willie,37,"action, horror",Interstellar,sci-fi,Christopher Nolan,4
Willie,37,"action, horror",Inception,sci-fi,Christopher Nolan,2
Willie,37,"action, horror",Se7en,thriller,David Fincher,5
Jennifer,24,"action, animation",Titanic,romance,James Cameron,3
Jennifer,24,"action, animation",Toy Story,animation,John Lasseter,1
Jennifer,24,"action, animation",Gladiator,action,Ridley Scott,4
Cynthia,25,"thriller, drama",Titanic,romance,James Cameron,4
Cynthia,25,"thriller, drama",Titanic,romance,James Cameron,2
Cynthia,25,"thriller, drama",Interstellar,sci-fi,Christopher Nolan,3
Cynthia,25,"thriller, drama",Get Out,horror,Jordan Peele,3
Cynthia,25,"thriller, drama",Superbad,comedy,Greg Mottola,3
Kevin,65,"horror, thriller",Superbad,comedy,Greg Mottola,4
Kevin,65,"horror, thriller",Joker,crime,Todd Phillips,1
Kevin,65,"horror, thriller",Alien,horror,Ridley Scott,2
Kevin,65,"horror, thriller",The Matrix,sci-fi,The Wachowskis,1
Kevin,65,"horror, thriller",Alien,horror,Ridley Scott,2
Brianna,26,"comedy, romance",Inception,sci-fi,Christopher Nolan,1
Brianna,26,"comedy, romance",Mad Max: Fury Road,action,George Miller,5
Brianna,26,"comedy, romance",The Dark Knight,action,Christopher Nolan,5
Brianna,26,"comedy, romance",Get Out,horror,Jordan Peele,1
Brianna,26,"comedy, romance",The Notebook,romance,Nick Cassavetes,2
Brianna,26,"comedy, romance",Se7en,thriller,David Fincher,4
Brianna,26,"comedy, romance",Toy Story,animation,John Lasseter,5
Melanie,39,"action, sci-fi",Interstellar,sci-fi,Christopher Nolan,2
Melanie,39,"action, sci-fi",Toy Story,animation,John Lasseter,3
Melanie,39,"action, sci-fi",Superbad,comedy,Greg Mottola,3
Melanie,39,"action, sci-fi",Pulp Fiction,crime,Quentin Tarantino,2
Melanie,39,"action, sci-fi",Superbad,comedy,Greg Mottola,1
Rachel,62,"drama, comedy",Shrek,animation,Andrew Adamson,4
Rachel,62,"drama, comedy",Gladiator,action,Ridley Scott,5
Rachel,62,"drama, comedy",Parasite,drama,Bong Joon-ho,4
Rachel,62,"drama, comedy",The Dark Knight,action,Christopher Nolan,1
Rachel,62,"drama, comedy",Se7en,thriller,David Fincher,1
Rachel,62,"drama, comedy",Gladiator,action,Ridley Scott,2
Rachel,62,"drama, comedy",Superbad,comedy,Greg Mottola,4
Lisa,38,"sci-fi, comedy",Inception,sci-fi,Christopher Nolan,1
Lisa,38,"sci-fi, comedy",Joker,crime,Todd Phillips,2
Lisa,38,"sci-fi, comedy",Alien,horror,Ridley Scott,1
John,64,"comedy, crime",Se7en,thriller,David Fincher,2
John,64,"comedy, crime",The Matrix,sci-fi,The Wachowskis,1
John,64,"comedy, crime",Shrek,animation,Andrew Adamson,4
John,64,"comedy, crime",Mad Max: Fury Road,action,George Miller,2
John,64,"comedy, crime",Joker,crime,Todd Phillips,4
John,64,"comedy, crime",Titanic,romance,James Cameron,4
John,64,"comedy, crime",Titanic,romance,James Cameron,2
Brandon,29,"animation, thriller",The Dark Knight,action,Christopher Nolan,3
Brandon,29,"animation, thriller",Se7en,thriller,David Fincher,2
Brandon,29,"animation, thriller",The Matrix,sci-fi,The Wachowskis,2
Brandon,29,"animation, thriller",The Dark Knight,action,Christopher Nolan,4
Brandon,29,"animation, thriller",Mad Max: Fury Road,action,George Miller,5
Brandon,29,"animation, thriller",John Wick,action,Chad Stahelski,3
Mary,25,"action, comedy",The Dark Knight,action,Christopher Nolan,2
Mary,25,"action, comedy",John Wick,action,Chad Stahelski,3
Mary,25,"action, comedy",Toy Story,animation,John Lasseter,3
Mary,25,"action, comedy",The Notebook,romance,Nick Cassavetes,3
Mary,25,"action, comedy",Interstellar,sci-fi,Christopher Nolan,4
Cheryl,39,"animation, comedy",Shrek,animation,Andrew Adamson,3
Cheryl,39,"animation, comedy",Interstellar,sci-fi,Christopher Nolan,3
Cheryl,39,"animation, comedy",The Dark Knight,action,Christopher Nolan,3
Brian,19,"horror, thriller",Joker,crime,Todd Phillips,5
Brian,19,"horror, thriller",Alien,horror,Ridley Scott,1
Brian,19,"horror, thriller",Pulp Fiction,crime,Quentin Tarantino,1
Brian,19,"horror, thriller",Inception,sci-fi,Christopher Nolan,5
Brian,19,"horror, thriller",The Notebook,romance,Nick Cassavetes,2
Brian,19,"horror, thriller",Joker,crime,Todd Phillips,4
Brian,19,"horror, thriller",Finding Nemo,animation,Andrew Stanton,3
Brian,19,"horror, thriller",The Notebook,romance,Nick Cassavetes,1
Christina,39,"drama, thriller",Get Out,horror,Jordan Peele,2
Christina,39,"drama, thriller",Parasite,drama,Bong Joon-ho,2
Christina,39,"drama, thriller",Parasite,drama,Bong Joon-ho,2
Christina,39,"drama, thriller",Inception,sci-fi,Christopher Nolan,5
Christina,39,"drama, thriller",The Dark Knight,action,Christopher Nolan,2
Christina,39,"drama, thriller",Joker,crime,Todd Phillips,2
Christina,39,"drama, thriller",Toy Story,animation,John Lasseter,5
Kimberly,47,"horror, drama",Se7en,thriller,David Fincher,2
Kimberly,47,"horror, drama",Get Out,horror,Jordan Peele,3
Kimberly,47,"horror, drama",The Notebook,romance,Nick Cassavetes,1
Crystal,44,"sci-fi, horror",Se7en,thriller,David Fincher,2
Crystal,44,"sci-fi, horror",Forrest Gump,drama,Robert Zemeckis,4
Crystal,44,"sci-fi, horror",Toy Story,animation,John Lasseter,1
Ronald,64,"sci-fi, comedy",The Matrix,sci-fi,The Wachowskis,1
Ronald,64,"sci-fi, comedy",Joker,crime,Todd Phillips,2
Ronald,64,"sci-fi, comedy",The Matrix,sci-fi,The Wachowskis,4
Ronald,64,"sci-fi, comedy",Joker,crime,Todd Phillips,2
Ronald,64,"sci-fi, comedy",Titanic,romance,James Cameron,3
Ronald,64,"sci-fi, comedy",Gladiator,action,Ridley Scott,4
Ronald,64,"sci-fi, comedy",John Wick,action,Chad Stahelski,5
Johnny,45,"horror, drama",Shrek,animation,Andrew Adamson,5
Johnny,45,"horror, drama",Joker,crime,Todd Phillips,2
Johnny,45,"horror, drama",Alien,horror,Ridley Scott,1
Johnny,45,"horror, drama",John Wick,action,Chad Stahelski,2
Johnny,45,"horror, drama",Parasite,drama,Bong Joon-ho,3
Austin,41,"action, thriller",Shrek,animation,Andrew Adamson,5
Austin,41,"action, thriller",John Wick,action,Chad Stahelski,5
Austin,41,"action, thriller",Finding Nemo,animation,Andrew Stanton,4
Zachary,51,"drama, crime",Joker,crime,Todd Phillips,3
Zachary,51,"drama, crime",Parasite,drama,Bong Joon-ho,3
Zachary,51,"drama, crime",Interstellar,sci-fi,Christopher Nolan,4
Zachary,51,"drama, crime",Pulp Fiction,crime,Quentin Tarantino,2
Zachary,51,"drama, crime",Gladiator,action,Ridley Scott,2
Zachary,51,"drama, crime",Alien,horror,Ridley Scott,2
Michael,52,"animation, sci-fi",Joker,crime,Todd Phillips,2
Michael,52,"animation, sci-fi",Se7en,thriller,David Fincher,3
Michael,52,"animation, sci-fi",Inception,sci-fi,Christopher Nolan,2
Michael,52,"animation, sci-fi",John Wick,action,Chad Stahelski,3
Michael,52,"animation, sci-fi",Superbad,comedy,Greg Mottola,1
Megan,60,"comedy, fantasy",Superbad,comedy,Greg Mottola,5
Megan,60,"comedy, fantasy",Superbad,comedy,Greg Mottola,3
Megan,60,"comedy, fantasy",Joker,crime,Todd Phillips,1
Megan,60,"comedy, fantasy",Joker,crime,Todd Phillips,4
Megan,60,"comedy, fantasy",John Wick,action,Chad Stahelski,3
Ivan,47,"horror, animation",John Wick,action,Chad Stahelski,1
Ivan,47,"horror, animation",Mad Max: Fury Road,action,George Miller,5
Ivan,47,"horror, animation",Gladiator,action,Ridley Scott,3
Ivan,47,"horror, animation",Inception,sci-fi,Christopher Nolan,3
Ivan,47,"horror, animation",Toy Story,animation,John Lasseter,5
Ivan,47,"horror, animation",Alien,horror,Ridley Scott,2
Steven,37,"thriller, fantasy",Interstellar,sci-fi,Christopher Nolan,5
Steven,37,"thriller, fantasy",Joker,crime,Todd Phillips,2
Steven,37,"thriller, fantasy",Get Out,horror,Jordan Peele,2
Steven,37,"thriller, fantasy",Mad Max: Fury Road,action,George Miller,1
Lawrence,58,"thriller, horror",Interstellar,sci-fi,Christopher Nolan,4
Lawrence,58,"thriller, horror",Shrek,animation,Andrew Adamson,2
Lawrence,58,"thriller, horror",Forrest Gump,drama,Robert Zemeckis,3
Nicole,33,"crime, drama",Shrek,animation,Andrew Adamson,2
Nicole,33,"crime, drama",Joker,crime,Todd Phillips,4
Nicole,33,"crime, drama",Parasite,drama,Bong Joon-ho,1
Nicole,33,"crime, drama",Gladiator,action,Ridley Scott,5
Nicole,33,"crime, drama",Inception,sci-fi,Christopher Nolan,4
Steven,48,"sci-fi, crime",The Dark Knight,action,Christopher Nolan,4
Steven,48,"sci-fi, crime",The Notebook,romance,Nick Cassavetes,4
Steven,48,"sci-fi, crime",The Notebook,romance,Nick Cassavetes,2
Steven,48,"sci-fi, crime",Pulp Fiction,crime,Quentin Tarantino,1
Steven,48,"sci-fi, crime",Finding Nemo,animation,Andrew Stanton,2
Steven,48,"sci-fi, crime",Toy Story,animation,John Lasseter,5
Steven,48,"sci-fi, crime",Joker,crime,Todd Phillips,1
Katie,65,"romance, action",Pulp Fiction,crime,Quentin Tarantino,2
Katie,65,"romance, action",Superbad,comedy,Greg Mottola,4
Katie,65,"romance, action",Parasite,drama,Bong Joon-ho,1
Katie,65,"romance, action",Mad Max: Fury Road,action,George Miller,1
Katie,65,"romance, action",Get Out,horror,Jordan Peele,5
Katie,65,"romance, action",Alien,horror,Ridley Scott,3
Katie,65,"romance, action",Get Out,horror,Jordan Peele,4
Jenna,38,"comedy, thriller",Shrek,animation,Andrew Adamson,3
Jenna,38,"comedy, thriller",Inception,sci-fi,Christopher Nolan,4
Jenna,38,"comedy, thriller",The Dark Knight,action,Christopher Nolan,2
Jenna,38,"comedy, thriller",Inception,sci-fi,Christopher Nolan,2
Jenna,38,"comedy, thriller",Toy Story,animation,John Lasseter,1
Jorge,62,"horror, thriller",Titanic,romance,James Cameron,5
Jorge,62,"horror, thriller",Finding Nemo,animation,Andrew Stanton,3
Jorge,62,"horror, thriller",Alien,horror,Ridley Scott,4
Jorge,62,"horror, thriller",Inception,sci-fi,Christopher Nolan,2
Jorge,62,"horror, thriller",Alien,horror,Ridley Scott,1
Gary,38,"romance, drama",Parasite,drama,Bong Joon-ho,3
Gary,38,"romance, drama",Forrest Gump,drama,Robert Zemeckis,5
Gary,38,"romance, drama",Gladiator,action,Ridley Scott,4
Gary,38,"romance, drama",Se7en,thriller,David Fincher,3
Craig,23,"drama, action",The Notebook,romance,Nick Cassavetes,4
Craig,23,"drama, action",The Dark Knight,action,Christopher Nolan,1
Craig,23,"drama, action",The Notebook,romance,Nick Cassavetes,5
Craig,23,"drama, action",Toy Story,animation,John Lasseter,3
Craig,23,"drama, action",Titanic,romance,James Cameron,3
Elizabeth,40,"fantasy, animation",Alien,horror,Ridley Scott,5
Elizabeth,40,"fantasy, animation",Shrek,animation,Andrew Adamson,1
Elizabeth,40,"fantasy, animation",Gladiator,action,Ridley Scott,2
Elizabeth,40,"fantasy, animation",Interstellar,sci-fi,Christopher Nolan,1
Elizabeth,40,"fantasy, animation",Pulp Fiction,crime,Quentin Tarantino,2
Elizabeth,40,"fantasy, animation",Interstellar,sci-fi,Christopher Nolan,1
Elizabeth,40,"fantasy, animation",Get Out,horror,Jordan Peele,5
Cynthia,36,"action, drama",Finding Nemo,animation,Andrew Stanton,4
Cynthia,36,"action, drama",Superbad,comedy,Greg Mottola,3
Cynthia,36,"action, drama",Mad Max: Fury Road,action,George Miller,4
Cynthia,36,"action, drama",The Matrix,sci-fi,The Wachowskis,3
Cynthia,36,"action, drama",Parasite,drama,Bong Joon-ho,3
Cynthia,36,"action, drama",John Wick,action,Chad Stahelski,2
Cynthia,36,"action, drama",Superbad,comedy,Greg Mottola,5
Cynthia,36,"action, drama",Forrest Gump,drama,Robert Zemeckis,3
Eric,58,"thriller, action",Pulp Fiction,crime,Quentin Tarantino,5
Eric,58,"thriller, action",John Wick,action,Chad Stahelski,3
Eric,58,"thriller, action",Titanic,romance,James Cameron,1
Eric,58,"thriller, action",Forrest Gump,drama,Robert Zemeckis,2
Eric,58,"thriller, action",The Notebook,romance,Nick Cassavetes,5
Eric,58,"thriller, action",Titanic,romance,James Cameron,5
Eric,58,"thriller, action",The Dark Knight,action,Christopher Nolan,2
Eric,58,"thriller, action",Inception,sci-fi,Christopher Nolan,1
Charles,18,"sci-fi, thriller",The Dark Knight,action,Christopher Nolan,3
Charles,18,"sci-fi, thriller",Inception,sci-fi,Christopher Nolan,2
Charles,18,"sci-fi, thriller",Gladiator,action,Ridley Scott,3
Charles,18,"sci-fi, thriller",The Matrix,sci-fi,The Wachowskis,2
Jill,45,"drama, action",Finding Nemo,animation,Andrew Stanton,5
Jill,45,"drama, action",Pulp Fiction,crime,Quentin Tarantino,3
Jill,45,"drama, action",Pulp Fiction,crime,Quentin Tarantino,1
Jill,45,"drama, action",Interstellar,sci-fi,Christopher Nolan,4
Jill,45,"drama, action",Forrest Gump,drama,Robert Zemeckis,5
Jill,45,"drama, action",Parasite,drama,Bong Joon-ho,5
Samantha,48,"action, thriller",Shrek,animation,Andrew Adamson,5
Samantha,48,"action, thriller",The Matrix,sci-fi,The Wachowskis,5
Samantha,48,"action, thriller",Interstellar,sci-fi,Christopher Nolan,3
James,43,"thriller, comedy",Titanic,romance,James Cameron,5
James,43,"thriller, comedy",Se7en,thriller,David Fincher,1
James,43,"thriller, comedy",Get Out,horror,Jordan Peele,1
Joshua,51,"thriller, action",Mad Max: Fury Road,action,George Miller,1
Joshua,51,"thriller, action",Finding Nemo,animation,Andrew Stanton,2
Joshua,51,"thriller, action",Pulp Fiction,crime,Quentin Tarantino,1
Joshua,51,"thriller, action",The Matrix,sci-fi,The Wachowskis,5
Joshua,51,"thriller, action",Joker,crime,Todd Phillips,3
Joshua,51,"thriller, action",Inception,sci-fi,Christopher Nolan,2
Katie,42,"animation, romance",Joker,crime,Todd Phillips,5
Katie,42,"animation, romance",Toy Story,animation,John Lasseter,2
Katie,42,"animation, romance",Gladiator,action,Ridley Scott,4
Katie,42,"animation, romance",Se7en,thriller,David Fincher,4
Katie,42,"animation, romance",Get Out,horror,Jordan Peele,2
Katie,42,"animation, romance",The Notebook,romance,Nick Cassavetes,1
Katie,42,"animation, romance",Forrest Gump,drama,Robert Zemeckis,1
Katie,42,"animation, romance",The Dark Knight,action,Christopher Nolan,2
Anna,24,"romance, animation",Gladiator,action,Ridley Scott,4
Anna,24,"romance, animation",Interstellar,sci-fi,Christopher Nolan,1
Anna,24,"romance, animation",Pulp Fiction,crime,Quentin Tarantino,4
Anna,24,"romance, animation",Finding Nemo,animation,Andrew Stanton,3
Anna,24,"romance, animation",Gladiator,action,Ridley Scott,2
Anna,24,"romance, animation",The Dark Knight,action,Christopher Nolan,2
Anna,24,"romance, animation",Pulp Fiction,crime,Quentin Tarantino,5
Anna,24,"romance, animation",Shrek,animation,Andrew Adamson,3
Michelle,25,"romance, drama",Mad Max: Fury Road,action,George Miller,4
Michelle,25,"romance, drama",Parasite,drama,Bong Joon-ho,2
Michelle,25,"romance, drama",Gladiator,action,Ridley Scott,3
Michelle,25,"romance, drama",Joker,crime,Todd Phillips,2
Michelle,25,"romance, drama",Gladiator,action,Ridley Scott,5
Michelle,25,"romance, drama",Superbad,comedy,Greg Mottola,2
Michelle,25,"romance, drama",The Matrix,sci-fi,The Wachowskis,2
Kevin,26,"fantasy, comedy",Joker,crime,Todd Phillips,2
Kevin,26,"fantasy, comedy",Joker,crime,Todd Phillips,2
Kevin,26,"fantasy, comedy",Pulp Fiction,crime,Quentin Tarantino,4
Kevin,26,"fantasy, comedy",The Dark Knight,action,Christopher Nolan,2
Kevin,26,"fantasy, comedy",The Matrix,sci-fi,The Wachowskis,5
Kevin,26,"fantasy, comedy",Superbad,comedy,Greg Mottola,5
Kristen,62,"horror, animation",Gladiator,action,Ridley Scott,5
Kristen,62,"horror, animation",The Dark Knight,action,Christopher Nolan,3
Kristen,62,"horror, animation",Interstellar,sci-fi,Christopher Nolan,4
Kristen,62,"horror, animation",Pulp Fiction,crime,Quentin Tarantino,2
Kristen,62,"horror, animation",Toy Story,animation,John Lasseter,2
Kristen,62,"horror, animation",Finding Nemo,animation,Andrew Stanton,3
Jennifer,28,"comedy, fantasy",Joker,crime,Todd Phillips,1
Jennifer,28,"comedy, fantasy",Se7en,thriller,David Fincher,3
Jennifer,28,"comedy, fantasy",Shrek,animation,Andrew Adamson,1
John,20,"crime, animation",The Notebook,romance,Nick Cassavetes,4
John,20,"crime, animation",Inception,sci-fi,Christopher Nolan,1
John,20,"crime, animation",Shrek,animation,Andrew Adamson,5
John,20,"crime, animation",Parasite,drama,Bong Joon-ho,2
John,20,"crime, animation",John Wick,action,Chad Stahelski,3
John,20,"crime, animation",Superbad,comedy,Greg Mottola,2
Terri,58,"action, fantasy",Inception,sci-fi,Christopher Nolan,3
Terri,58,"action, fantasy",Forrest Gump,drama,Robert Zemeckis,5
Terri,58,"action, fantasy",Superbad,comedy,Greg Mottola,2
Terri,58,"action, fantasy",The Notebook,romance,Nick Cassavetes,1
Terri,58,"action, fantasy",Mad Max: Fury Road,action,George Miller,2
Alyssa,62,"comedy, drama",The Matrix,sci-fi,The Wachowskis,3
Alyssa,62,"comedy, drama",Pulp Fiction,crime,Quentin Tarantino,5
Alyssa,62,"comedy, drama",Gladiator,action,Ridley Scott,4
Alyssa,62,"comedy, drama",The Dark Knight,action,Christopher Nolan,4
Dana,23,"action, crime",Toy Story,animation,John Lasseter,5
Dana,23,"action, crime",Mad Max: Fury Road,action,George Miller,4
Dana,23,"action, crime",Forrest Gump,drama,Robert Zemeckis,3
Michael,48,"drama, fantasy",The Dark Knight,action,Christopher Nolan,2
Michael,48,"drama, fantasy",Shrek,animation,Andrew Adamson,2
Michael,48,"drama, fantasy",The Matrix,sci-fi,The Wachowskis,5
Michael,48,"drama, fantasy",The Notebook,romance,Nick Cassavetes,3
Michael,48,"drama, fantasy",Finding Nemo,animation,Andrew Stanton,3
Michael,48,"drama, fantasy",Mad Max: Fury Road,action,George Miller,4
Michael,48,"drama, fantasy",Gladiator,action,Ridley Scott,2
Jennifer,47,"romance, fantasy",Pulp Fiction,crime,Quentin Tarantino,5
Jennifer,47,"romance, fantasy",Se7en,thriller,David Fincher,2
Jennifer,47,"romance, fantasy",Pulp Fiction,crime,Quentin Tarantino,4
Jennifer,47,"romance, fantasy",The Matrix,sci-fi,The Wachowskis,1
Jennifer,47,"romance, fantasy",Toy Story,animation,John Lasseter,4
Jennifer,47,"romance, fantasy",The Dark Knight,action,Christopher Nolan,4
Scott,48,"animation, action",Forrest Gump,drama,Robert Zemeckis,1
Scott,48,"animation, action",Inception,sci-fi,Christopher Nolan,4
Scott,48,"animation, action",Parasite,drama,Bong Joon-ho,4
Scott,48,"animation, action",Se7en,thriller,David Fincher,4
Scott,48,"animation, action",Titanic,romance,James Cameron,1
Scott,48,"animation, action",Se7en,thriller,David Fincher,2
Jessica,35,"sci-fi, horror",Alien,horror,Ridley Scott,2
Jessica,35,"sci-fi, horror",Forrest Gump,drama,Robert Zemeckis,3
Jessica,35,"sci-fi, horror",Get Out,horror,Jordan Peele,4
Jessica,35,"sci-fi, horror",Joker,crime,Todd Phillips,1
Jessica,35,"sci-fi, horror",Mad Max: Fury Road,action,George Miller,1
Jessica,35,"sci-fi, horror",Inception,sci-fi,Christopher Nolan,3
Ian,56,"thriller, crime",The Matrix,sci-fi,The Wachowskis,4
Ian,56,"thriller, crime",Superbad,comedy,Greg Mottola,2
Ian,56,"thriller, crime",Joker,crime,Todd Phillips,5
Ian,56,"thriller, crime",Pulp Fiction,crime,Quentin Tarantino,3
Ian,56,"thriller, crime",Inception,sci-fi,Christopher Nolan,1
Ian,56,"thriller, crime",Superbad,comedy,Greg Mottola,3
Ian,56,"thriller, crime",The Dark Knight,action,Christopher Nolan,3
Ian,56,"thriller, crime",Titanic,romance,James Cameron,5
David,49,"fantasy, drama",The Notebook,romance,Nick Cassavetes,2
David,49,"fantasy, drama",Get Out,horror,Jordan Peele,1
David,49,"fantasy, drama",Get Out,horror,Jordan Peele,3
David,49,"fantasy, drama",Titanic,romance,James Cameron,1
Carol,48,"horror, fantasy",Pulp Fiction,crime,Quentin Tarantino,4
Carol,48,"horror, fantasy",Forrest Gump,drama,Robert Zemeckis,1
Carol,48,"horror, fantasy",Get Out,horror,Jordan Peele,4
Carol,48,"horror, fantasy",Toy Story,animation,John Lasseter,5
Carol,48,"horror, fantasy",The Dark Knight,action,Christopher Nolan,5
Sarah,59,"fantasy, animation",Finding Nemo,animation,Andrew Stanton,5
Sarah,59,"fantasy, animation",Pulp Fiction,crime,Quentin Tarantino,3
Sarah,59,"fantasy, animation",Alien,horror,Ridley Scott,3
Sarah,59,"fantasy, animation",Shrek,animation,Andrew Adamson,4
Sarah,59,"fantasy, animation",Toy Story,animation,John Lasseter,5
Sarah,59,"fantasy, animation",Alien,horror,Ridley Scott,3
Stephen,21,"crime, fantasy",Get Out,horror,Jordan Peele,3
Stephen,21,"crime, fantasy",Toy Story,animation,John Lasseter,3
Stephen,21,"crime, fantasy",Se7en,thriller,David Fincher,5
Stephen,21,"crime, fantasy",Se7en,thriller,David Fincher,3
Stephen,21,"crime, fantasy",Get Out,horror,Jordan Peele,5
Stephen,21,"crime, fantasy",John Wick,action,Chad Stahelski,1
Jeffrey,23,"animation, romance",Toy Story,animation,John Lasseter,4
Jeffrey,23,"animation, romance",Inception,sci-fi,Christopher Nolan,2
Jeffrey,23,"animation, romance",Alien,horror,Ridley Scott,4
Jeffrey,23,"animation, romance",Mad Max: Fury Road,action,George Miller,2
Jeffrey,23,"animation, romance",Inception,sci-fi,Christopher Nolan,5
Joseph,32,"romance, horror",Inception,sci-fi,Christopher Nolan,3
Joseph,32,"romance, horror",John Wick,action,Chad Stahelski,3
Joseph,32,"romance, horror",Superbad,comedy,Greg Mottola,4
Joseph,32,"romance, horror",Joker,crime,Todd Phillips,2
Joseph,32,"romance, horror",Superbad,comedy,Greg Mottola,2
Joseph,32,"romance, horror",Shrek,animation,Andrew Adamson,5
Stacy,46,"fantasy, sci-fi",Se7en,thriller,David Fincher,4
Stacy,46,"fantasy, sci-fi",Toy Story,animation,John Lasseter,2
Stacy,46,"fantasy, sci-fi",Titanic,romance,James Cameron,3
Stacy,46,"fantasy, sci-fi",Interstellar,sci-fi,Christopher Nolan,3
Stacy,46,"fantasy, sci-fi",Alien,horror,Ridley Scott,3
Stacy,46,"fantasy, sci-fi",Se7en,thriller,David Fincher,4
Stacy,46,"fantasy, sci-fi",Mad Max: Fury Road,action,George Miller,4
Stacy,46,"fantasy, sci-fi",Gladiator,action,Ridley Scott,2
Jason,21,"animation, drama",The Notebook,romance,Nick Cassavetes,4
Jason,21,"animation, drama",John Wick,action,Chad Stahelski,3
Jason,21,"animation, drama",The Notebook,romance,Nick Cassavetes,3
Jason,21,"animation, drama",Joker,crime,Todd Phillips,1
Jason,21,"animation, drama",Parasite,drama,Bong Joon-ho,1
Eric,28,"fantasy, drama",Alien,horror,Ridley Scott,3
Eric,28,"fantasy, drama",Parasite,drama,Bong Joon-ho,5
Eric,28,"fantasy, drama",Inception,sci-fi,Christopher Nolan,4
Eric,28,"fantasy, drama",Titanic,romance,James Cameron,5
Eric,28,"fantasy, drama",Mad Max: Fury Road,action,George Miller,3
Eric,28,"fantasy, drama",Get Out,horror,Jordan Peele,1
Eric,28,"fantasy, drama",Mad Max: Fury Road,action,George Miller,5
Jacob,27,"horror, sci-fi",Forrest Gump,drama,Robert Zemeckis,2
Jacob,27,"horror, sci-fi",Interstellar,sci-fi,Christopher Nolan,1
Jacob,27,"horror, sci-fi",Superbad,comedy,Greg Mottola,5
Jacob,27,"horror, sci-fi",Superbad,comedy,Greg Mottola,4
Jacob,27,"horror, sci-fi",Se7en,thriller,David Fincher,5
Jacob,27,"horror, sci-fi",The Notebook,romance,Nick Cassavetes,1
Jacob,27,"horror, sci-fi",Shrek,animation,Andrew Adamson,3
Jacob,27,"horror, sci-fi",Pulp Fiction,crime,Quentin Tarantino,5
Gregory,54,"romance, horror",John Wick,action,Chad Stahelski,3
Gregory,54,"romance, horror",Titanic,romance,James Cameron,3
Gregory,54,"romance, horror",Inception,sci-fi,Christopher Nolan,1
Gregory,54,"romance, horror",Alien,horror,Ridley Scott,3
Gregory,54,"romance, horror",Inception,sci-fi,Christopher Nolan,2
Gregory,54,"romance, horror",Pulp Fiction,crime,Quentin Tarantino,5
John,54,"comedy, horror",Toy Story,animation,John Lasseter,5
John,54,"comedy, horror",Pulp Fiction,crime,Quentin Tarantino,3
John,54,"comedy, horror",Parasite,drama,Bong Joon-ho,3
Gregg,51,"horror, sci-fi",Gladiator,action,Ridley Scott,4
Gregg,51,"horror, sci-fi",Gladiator,action,Ridley Scott,1
Gregg,51,"horror, sci-fi",Inception,sci-fi,Christopher Nolan,3
Gregg,51,"horror, sci-fi",Interstellar,sci-fi,Christopher Nolan,5
Nicole,40,"sci-fi, romance",Gladiator,action,Ridley Scott,4
Nicole,40,"sci-fi, romance",Toy Story,animation,John Lasseter,5
Nicole,40,"sci-fi, romance",Mad Max: Fury Road,action,George Miller,1
Nicole,40,"sci-fi, romance",Inception,sci-fi,Christopher Nolan,3
Nicole,40,"sci-fi, romance",The Dark Knight,action,Christopher Nolan,3
Nicole,40,"sci-fi, romance",Se7en,thriller,David Fincher,3
Stanley,61,"romance, thriller",Get Out,horror,Jordan Peele,3
Stanley,61,"romance, thriller",The Notebook,romance,Nick Cassavetes,2
Stanley,61,"romance, thriller",Titanic,romance,James Cameron,4
Stanley,61,"romance, thriller",Forrest Gump,drama,Robert Zemeckis,1
Mark,29,"fantasy, crime",Se7en,thriller,David Fincher,4
Mark,29,"fantasy, crime",Gladiator,action,Ridley Scott,5
Mark,29,"fantasy, crime",Parasite,drama,Bong Joon-ho,4
Mark,29,"fantasy, crime",Get Out,horror,Jordan Peele,2
Mark,29,"fantasy, crime",Alien,horror,Ridley Scott,1
Mark,29,"fantasy, crime",Se7en,thriller,David Fincher,3
Madison,31,"animation, crime",Interstellar,sci-fi,Christopher Nolan,3
Madison,31,"animation, crime",Parasite,drama,Bong Joon-ho,1
Madison,31,"animation, crime",Gladiator,action,Ridley Scott,1
Madison,31,"animation, crime",Se7en,thriller,David Fincher,1
Madison,31,"animation, crime",Titanic,romance,James Cameron,3
Madison,31,"animation, crime",Titanic,romance,James Cameron,3
Ryan,61,"sci-fi, horror",Finding Nemo,animation,Andrew Stanton,4
Ryan,61,"sci-fi, horror",Forrest Gump,drama,Robert Zemeckis,2
Ryan,61,"sci-fi, horror",Pulp Fiction,crime,Quentin Tarantino,4
Ryan,61,"sci-fi, horror",Toy Story,animation,John Lasseter,1
Ryan,61,"sci-fi, horror",Mad Max: Fury Road,action,George Miller,4
Ryan,61,"sci-fi, horror",Mad Max: Fury Road,action,George Miller,1
Kim,62,"crime, horror",Se7en,thriller,David Fincher,5
Kim,62,"crime, horror",Get Out,horror,Jordan Peele,5
Kim,62,"crime, horror",Mad Max: Fury Road,action,George Miller,4
Kim,62,"crime, horror",Superbad,comedy,Greg Mottola,1
Kim,62,"crime, horror",Shrek,animation,Andrew Adamson,2
Kim,62,"crime, horror",Mad Max: Fury Road,action,George Miller,4
Kim,62,"crime, horror",The Dark Knight,action,Christopher Nolan,2
Sarah,37,"fantasy, sci-fi",Se7en,thriller,David Fincher,2
Sarah,37,"fantasy, sci-fi",Superbad,comedy,Greg Mottola,4
Sarah,37,"fantasy, sci-fi",Pulp Fiction,crime,Quentin Tarantino,4
Sarah,37,"fantasy, sci-fi",Se7en,thriller,David Fincher,4
Jessica,55,"thriller, action",Mad Max: Fury Road,action,George Miller,3
Jessica,55,"thriller, action",Finding Nemo,animation,Andrew Stanton,1
Jessica,55,"thriller, action",Toy Story,animation,John Lasseter,2
Jessica,55,"thriller, action",Toy Story,animation,John Lasseter,3
Jessica,55,"thriller, action",Get Out,horror,Jordan Peele,3
Theresa,41,"animation, fantasy",The Matrix,sci-fi,The Wachowskis,5
Theresa,41,"animation, fantasy",The Matrix,sci-fi,The Wachowskis,4
Theresa,41,"animation, fantasy",Gladiator,action,Ridley Scott,2
Theresa,41,"animation, fantasy",Se7en,thriller,David Fincher,1
Kenneth,24,"action, comedy",The Matrix,sci-fi,The Wachowskis,2
Kenneth,24,"action, comedy",Titanic,romance,James Cameron,4
Kenneth,24,"action, comedy",Inception,sci-fi,Christopher Nolan,1
Kenneth,24,"action, comedy",Shrek,animation,Andrew Adamson,1
Chad,57,"romance, horror",Superbad,comedy,Greg Mottola,5
Chad,57,"romance, horror",Shrek,animation,Andrew Adamson,4
Chad,57,"romance, horror",Finding Nemo,animation,Andrew Stanton,3
Adam,46,"comedy, thriller",Mad Max: Fury Road,action,George Miller,2
Adam,46,"comedy, thriller",John Wick,action,Chad Stahelski,5
Adam,46,"comedy, thriller",Forrest Gump,drama,Robert Zemeckis,1
Adam,46,"comedy, thriller",John Wick,action,Chad Stahelski,2
Adam,46,"comedy, thriller",The Matrix,sci-fi,The Wachowskis,5
Adam,46,"comedy, thriller",Se7en,thriller,David Fincher,1
John,64,"fantasy, crime",Joker,crime,Todd Phillips,5
John,64,"fantasy, crime",Inception,sci-fi,Christopher Nolan,3
John,64,"fantasy, crime",The Notebook,romance,Nick Cassavetes,3
John,64,"fantasy, crime",Finding Nemo,animation,Andrew Stanton,4
John,64,"fantasy, crime",John Wick,action,Chad Stahelski,1
John,64,"fantasy, crime",Gladiator,action,Ridley Scott,5
Melissa,20,"fantasy, animation",The Dark Knight,action,Christopher Nolan,3
Melissa,20,"fantasy, animation",Mad Max: Fury Road,action,George Miller,1
Melissa,20,"fantasy, animation",Finding Nemo,animation,Andrew Stanton,1
Angela,30,"drama, action",Superbad,comedy,Greg Mottola,1
Angela,30,"drama, action",Joker,crime,Todd Phillips,5
Angela,30,"drama, action",Mad Max: Fury Road,action,George Miller,4
Angela,30,"drama, action",Se7en,thriller,David Fincher,1
Angela,30,"drama, action",The Dark Knight,action,Christopher Nolan,5
Angela,30,"drama, action",Se7en,thriller,David Fincher,5
Angela,30,"drama, action",The Notebook,romance,Nick Cassavetes,3
Ryan,53,"thriller, drama",Mad Max: Fury Road,action,George Miller,1
Ryan,53,"thriller, drama",Parasite,drama,Bong Joon-ho,5
Ryan,53,"thriller, drama",Inception,sci-fi,Christopher Nolan,2
Ryan,53,"thriller, drama",Mad Max: Fury Road,action,George Miller,5
Ryan,53,"thriller, drama",The Notebook,romance,Nick Cassavetes,2
Ryan,53,"thriller, drama",Shrek,animation,Andrew Adamson,2
Ryan,53,"thriller, drama",Se7en,thriller,David Fincher,2
Jasmine,22,"crime, action",Alien,horror,Ridley Scott,2
Jasmine,22,"crime, action",Alien,horror,Ridley Scott,5
Jasmine,22,"crime, action",The Dark Knight,action,Christopher Nolan,4
Aimee,35,"fantasy, animation",Pulp Fiction,crime,Quentin Tarantino,1
Aimee,35,"fantasy, animation",Toy Story,animation,John Lasseter,3
Aimee,35,"fantasy, animation",Se7en,thriller,David Fincher,1
Brian,21,"action, drama",Gladiator,action,Ridley Scott,5
Brian,21,"action, drama",The Notebook,romance,Nick Cassavetes,1
Brian,21,"action, drama",Gladiator,action,Ridley Scott,4
Brian,21,"action, drama",Titanic,romance,James Cameron,1
Brian,21,"action, drama",Se7en,thriller,David Fincher,4
Brian,21,"action, drama",Joker,crime,Todd Phillips,5
Christine,46,"thriller, crime",Forrest Gump,drama,Robert Zemeckis,3
Christine,46,"thriller, crime",Get Out,horror,Jordan Peele,2
Christine,46,"thriller, crime",Interstellar,sci-fi,Christopher Nolan,3
Christine,46,"thriller, crime",Mad Max: Fury Road,action,George Miller,2
Christine,46,"thriller, crime",Toy Story,animation,John Lasseter,3
Christine,46,"thriller, crime",John Wick,action,Chad Stahelski,3
Christine,46,"thriller, crime",Gladiator,action,Ridley Scott,2
Christine,46,"thriller, crime",Gladiator,action,Ridley Scott,2
Jason,34,"fantasy, horror",The Notebook,romance,Nick Cassavetes,2
Jason,34,"fantasy, horror",John Wick,action,Chad Stahelski,3
Jason,34,"fantasy, horror",Parasite,drama,Bong Joon-ho,2
Jason,34,"fantasy, horror",Parasite,drama,Bong Joon-ho,5
Scott,58,"fantasy, drama",Finding Nemo,animation,Andrew Stanton,5
Scott,58,"fantasy, drama",Interstellar,sci-fi,Christopher Nolan,1
Scott,58,"fantasy, drama",Finding Nemo,animation,Andrew Stanton,2
Scott,58,"fantasy, drama",Alien,horror,Ridley Scott,1
Charles,24,"sci-fi, romance",Superbad,comedy,Greg Mottola,2
Charles,24,"sci-fi, romance",Gladiator,action,Ridley Scott,4
Charles,24,"sci-fi, romance",Finding Nemo,animation,Andrew Stanton,4
Charles,24,"sci-fi, romance",Parasite,drama,Bong Joon-ho,3
Charles,24,"sci-fi, romance",Gladiator,action,Ridley Scott,5
Charles,24,"sci-fi, romance",Pulp Fiction,crime,Quentin Tarantino,3
Anne,45,"sci-fi, thriller",The Notebook,romance,Nick Cassavetes,4
Anne,45,"sci-fi, thriller",Gladiator,action,Ridley Scott,5
Anne,45,"sci-fi, thriller",The Dark Knight,action,Christopher Nolan,2
Anne,45,"sci-fi, thriller",Titanic,romance,James Cameron,1
Anne,45,"sci-fi, thriller",Finding Nemo,animation,Andrew Stanton,3
Anne,45,"sci-fi, thriller",Titanic,romance,James Cameron,4
Anne,45,"sci-fi, thriller",John Wick,action,Chad Stahelski,5
Anne,45,"sci-fi, thriller",John Wick,action,Chad Stahelski,3
Mark,64,"crime, drama",Titanic,romance,James Cameron,5
Mark,64,"crime, drama",Alien,horror,Ridley Scott,2
Mark,64,"crime, drama",Inception,sci-fi,Christopher Nolan,5
Mark,64,"crime, drama",Superbad,comedy,Greg Mottola,1
Mark,64,"crime, drama",The Matrix,sci-fi,The Wachowskis,5
Mark,64,"crime, drama",Mad Max: Fury Road,action,George Miller,1
Gavin,28,"comedy, action",Toy Story,animation,John Lasseter,3
Gavin,28,"comedy, action",Finding Nemo,animation,Andrew Stanton,1
Gavin,28,"comedy, action",The Matrix,sci-fi,The Wachowskis,4
Gavin,28,"comedy, action",Gladiator,action,Ridley Scott,5
Gavin,28,"comedy, action",Mad Max: Fury Road,action,George Miller,4
Gavin,28,"comedy, action",Get Out,horror,Jordan Peele,4
Gavin,28,"comedy, action",John Wick,action,Chad Stahelski,3
Joseph,44,"fantasy, romance",Parasite,drama,Bong Joon-ho,5
Joseph,44,"fantasy, romance",Alien,horror,Ridley Scott,3
Joseph,44,"fantasy, romance",Superbad,comedy,Greg Mottola,5
Justin,56,"thriller, action",Se7en,thriller,David Fincher,2
Justin,56,"thriller, action",Joker,crime,Todd Phillips,3
Justin,56,"thriller, action",Forrest Gump,drama,Robert Zemeckis,4
Justin,56,"thriller, action",The Dark Knight,action,Christopher Nolan,4
Justin,56,"thriller, action",The Notebook,romance,Nick Cassavetes,5
Justin,56,"thriller, action",Inception,sci-fi,Christopher Nolan,2
Danielle,37,"sci-fi, thriller",John Wick,action,Chad Stahelski,5
Danielle,37,"sci-fi, thriller",The Notebook,romance,Nick Cassavetes,3
Danielle,37,"sci-fi, thriller",Interstellar,sci-fi,Christopher Nolan,4
Danielle,37,"sci-fi, thriller",Parasite,drama,Bong Joon-ho,4
Danielle,37,"sci-fi, thriller",Shrek,animation,Andrew Adamson,4
Danielle,37,"sci-fi, thriller",Interstellar,sci-fi,Christopher Nolan,1
Danielle,37,"sci-fi, thriller",The Notebook,romance,Nick Cassavetes,2
Janet,23,"fantasy, thriller",The Matrix,sci-fi,The Wachowskis,2
Janet,23,"fantasy, thriller",Joker,crime,Todd Phillips,3
Janet,23,"fantasy, thriller",John Wick,action,Chad Stahelski,4
Janet,23,"fantasy, thriller",Gladiator,action,Ridley Scott,2
Janet,23,"fantasy, thriller",Titanic,romance,James Cameron,3
Bill,44,"horror, fantasy",Interstellar,sci-fi,Christopher Nolan,5
Bill,44,"horror, fantasy",Shrek,animation,Andrew Adamson,5
Bill,44,"horror, fantasy",Finding Nemo,animation,Andrew Stanton,3
Bill,44,"horror, fantasy",Interstellar,sci-fi,Christopher Nolan,5
Bill,44,"horror, fantasy",The Notebook,romance,Nick Cassavetes,4
Heather,32,"romance, comedy",Finding Nemo,animation,Andrew Stanton,3
Heather,32,"romance, comedy",Toy Story,animation,John Lasseter,2
Heather,32,"romance, comedy",Forrest Gump,drama,Robert Zemeckis,2
Heather,32,"romance, comedy",John Wick,action,Chad Stahelski,1
Heather,32,"romance, comedy",Titanic,romance,James Cameron,3
Heather,32,"romance, comedy",The Dark Knight,action,Christopher Nolan,3
Heather,32,"romance, comedy",Alien,horror,Ridley Scott,3
Heather,32,"romance, comedy",Parasite,drama,Bong Joon-ho,3
Jesus,20,"fantasy, sci-fi",Titanic,romance,James Cameron,5
Jesus,20,"fantasy, sci-fi",Toy Story,animation,John Lasseter,2
Jesus,20,"fantasy, sci-fi",Forrest Gump,drama,Robert Zemeckis,1
Jesus,20,"fantasy, sci-fi",Titanic,romance,James Cameron,3
Jesus,20,"fantasy, sci-fi",Shrek,animation,Andrew Adamson,3
Jesus,20,"fantasy, sci-fi",The Matrix,sci-fi,The Wachowskis,5
Jesus,20,"fantasy, sci-fi",Shrek,animation,Andrew Adamson,5
Katherine,21,"fantasy, animation",Interstellar,sci-fi,Christopher Nolan,5
Katherine,21,"fantasy, animation",Alien,horror,Ridley Scott,5
Katherine,21,"fantasy, animation",John Wick,action,Chad Stahelski,1
Katherine,21,"fantasy, animation",Gladiator,action,Ridley Scott,3
Carrie,24,"romance, comedy",Interstellar,sci-fi,Christopher Nolan,1
Carrie,24,"romance, comedy",The Matrix,sci-fi,The Wachowskis,4
Carrie,24,"romance, comedy",Pulp Fiction,crime,Quentin Tarantino,2
Carrie,24,"romance, comedy",Se7en,thriller,David Fincher,1
Carrie,24,"romance, comedy",Se7en,thriller,David Fincher,3
Carrie,24,"romance, comedy",Alien,horror,Ridley Scott,3
Carrie,24,"romance, comedy",Interstellar,sci-fi,Christopher Nolan,1
Carrie,24,"romance, comedy",John Wick,action,Chad Stahelski,2
Isabel,20,"sci-fi, drama",Joker,crime,Todd Phillips,4
Isabel,20,"sci-fi, drama",Interstellar,sci-fi,Christopher Nolan,3
Isabel,20,"sci-fi, drama",Forrest Gump,drama,Robert Zemeckis,4
Isabel,20,"sci-fi, drama",Pulp Fiction,crime,Quentin Tarantino,3
Isabel,20,"sci-fi, drama",The Notebook,romance,Nick Cassavetes,1
Isabel,20,"sci-fi, drama",Finding Nemo,animation,Andrew Stanton,1
Isabel,20,"sci-fi, drama",John Wick,action,Chad Stahelski,5
William,61,"drama, action",The Notebook,romance,Nick Cassavetes,3
William,61,"drama, action",The Dark Knight,action,Christopher Nolan,3
William,61,"drama, action",Gladiator,action,Ridley Scott,1
William,61,"drama, action",Joker,crime,Todd Phillips,2
Gabriel,30,"crime, thriller",Gladiator,action,Ridley Scott,4
Gabriel,30,"crime, thriller",Mad Max: Fury Road,action,George Miller,3
Gabriel,30,"crime, thriller",Pulp Fiction,crime,Quentin Tarantino,3
Gabriel,30,"crime, thriller",The Dark Knight,action,Christopher Nolan,1
Gabriel,30,"crime, thriller",Pulp Fiction,crime,Quentin Tarantino,4
George,44,"comedy, crime",Se7en,thriller,David Fincher,2
George,44,"comedy, crime",Toy Story,animation,John Lasseter,5
George,44,"comedy, crime",Interstellar,sci-fi,Christopher Nolan,5
George,44,"comedy, crime",Get Out,horror,Jordan Peele,3
George,44,"comedy, crime",Shrek,animation,Andrew Adamson,4
George,44,"comedy, crime",Interstellar,sci-fi,Christopher Nolan,1
Shannon,45,"horror, thriller",Gladiator,action,Ridley Scott,4
Shannon,45,"horror, thriller",Gladiator,action,Ridley Scott,5
Shannon,45,"horror, thriller",John Wick,action,Chad Stahelski,3
Shannon,45,"horror, thriller",Se7en,thriller,David Fincher,1
Shannon,45,"horror, thriller",Se7en,thriller,David Fincher,4
Shannon,45,"horror, thriller",Titanic,romance,James Cameron,3
Shannon,45,"horror, thriller",Inception,sci-fi,Christopher Nolan,4
Teresa,54,"sci-fi, horror",Get Out,horror,Jordan Peele,2
Teresa,54,"sci-fi, horror",Forrest Gump,drama,Robert Zemeckis,2
Teresa,54,"sci-fi, horror",Mad Max: Fury Road,action,George Miller,4
Teresa,54,"sci-fi, horror",Titanic,romance,James Cameron,2
Teresa,54,"sci-fi, horror",The Dark Knight,action,Christopher Nolan,2
Teresa,54,"sci-fi, horror",John Wick,action,Chad Stahelski,3
Teresa,54,"sci-fi, horror",The Matrix,sci-fi,The Wachowskis,5
Teresa,54,"sci-fi, horror",Se7en,thriller,David Fincher,4
Craig,63,"horror, crime",The Matrix,sci-fi,The Wachowskis,3
Craig,63,"horror, crime",Interstellar,sci-fi,Christopher Nolan,1
Craig,63,"horror, crime",Inception,sci-fi,Christopher Nolan,1
Craig,63,"horror, crime",Superbad,comedy,Greg Mottola,4
Anthony,20,"action, crime",Joker,crime,Todd Phillips,5
Anthony,20,"action, crime",Joker,crime,Todd Phillips,4
Anthony,20,"action, crime",Get Out,horror,Jordan Peele,5
William,62,"romance, drama",Joker,crime,Todd Phillips,1
William,62,"romance, drama",Toy Story,animation,John Lasseter,4
William,62,"romance, drama",Forrest Gump,drama,Robert Zemeckis,3
William,62,"romance, drama",John Wick,action,Chad Stahelski,4
William,62,"romance, drama",Se7en,thriller,David Fincher,1
Terri,57,"horror, sci-fi",The Matrix,sci-fi,The Wachowskis,1
Terri,57,"horror, sci-fi",Forrest Gump,drama,Robert Zemeckis,1
Terri,57,"horror, sci-fi",John Wick,action,Chad Stahelski,4
Terri,57,"horror, sci-fi",Inception,sci-fi,Christopher Nolan,2
Terri,57,"horror, sci-fi",Se7en,thriller,David Fincher,1
Jason,45,"drama, sci-fi",Se7en,thriller,David Fincher,4
Jason,45,"drama, sci-fi",Titanic,romance,James Cameron,1
Jason,45,"drama, sci-fi",Interstellar,sci-fi,Christopher Nolan,4
Jason,45,"drama, sci-fi",Mad Max: Fury Road,action,George Miller,4
Cole,45,"sci-fi, fantasy",Gladiator,action,Ridley Scott,1
Cole,45,"sci-fi, fantasy",Alien,horror,Ridley Scott,2
Cole,45,"sci-fi, fantasy",Shrek,animation,Andrew Adamson,1
Cole,45,"sci-fi, fantasy",Pulp Fiction,crime,Quentin Tarantino,5
Cole,45,"sci-fi, fantasy",Mad Max: Fury Road,action,George Miller,1
Cole,45,"sci-fi, fantasy",The Dark Knight,action,Christopher Nolan,3
Cole,45,"sci-fi, fantasy",Pulp Fiction,crime,Quentin Tarantino,2
Elizabeth,39,"animation, horror",Pulp Fiction,crime,Quentin Tarantino,5
Elizabeth,39,"animation, horror",Superbad,comedy,Greg Mottola,4
Elizabeth,39,"animation, horror",Titanic,romance,James Cameron,1
Elizabeth,39,"animation, horror",Mad Max: Fury Road,action,George Miller,2
Philip,65,"action, comedy",Forrest Gump,drama,Robert Zemeckis,1
Philip,65,"action, comedy",Shrek,animation,Andrew Adamson,3
Philip,65,"action, comedy",The Notebook,romance,Nick Cassavetes,2
Philip,65,"action, comedy",Interstellar,sci-fi,Christopher Nolan,2
Katherine,54,"fantasy, thriller",Superbad,comedy,Greg Mottola,5
Katherine,54,"fantasy, thriller",The Dark Knight,action,Christopher Nolan,3
Katherine,54,"fantasy, thriller",Se7en,thriller,David Fincher,5
Katherine,54,"fantasy, thriller",The Notebook,romance,Nick Cassavetes,1
Katherine,54,"fantasy, thriller",Pulp Fiction,crime,Quentin Tarantino,1
Katherine,54,"fantasy, thriller",Alien,horror,Ridley Scott,3
Katherine,54,"fantasy, thriller",Toy Story,animation,John Lasseter,3
Katherine,54,"fantasy, thriller",Alien,horror,Ridley Scott,1
Paul,51,"romance, sci-fi",Parasite,drama,Bong Joon-ho,3
Paul,51,"romance, sci-fi",Finding Nemo,animation,Andrew Stanton,1
Paul,51,"romance, sci-fi",Parasite,drama,Bong Joon-ho,3
Eric,41,"sci-fi, horror",Finding Nemo,animation,Andrew Stanton,1
Eric,41,"sci-fi, horror",Parasite,drama,Bong Joon-ho,1
Eric,41,"sci-fi, horror",Toy Story,animation,John Lasseter,2
Eric,41,"sci-fi, horror",The Dark Knight,action,Christopher Nolan,4
Eric,41,"sci-fi, horror",Superbad,comedy,Greg Mottola,2
Carolyn,58,"drama, action",Shrek,animation,Andrew Adamson,2
Carolyn,58,"drama, action",Shrek,animation,Andrew Adamson,3
Carolyn,58,"drama, action",Alien,horror,Ridley Scott,5
Carolyn,58,"drama, action",Joker,crime,Todd Phillips,5
Carolyn,58,"drama, action",The Notebook,romance,Nick Cassavetes,1
Carolyn,58,"drama, action",Parasite,drama,Bong Joon-ho,5
Alexandria,42,"action, thriller",Toy Story,animation,John Lasseter,5
Alexandria,42,"action, thriller",Pulp Fiction,crime,Quentin Tarantino,4
Alexandria,42,"action, thriller",Alien,horror,Ridley Scott,5
Alexandria,42,"action, thriller",Forrest Gump,drama,Robert Zemeckis,1
Alexandria,42,"action, thriller",Inception,sci-fi,Christopher Nolan,5
Alexandria,42,"action, thriller",Titanic,romance,James Cameron,1
Alexandria,42,"action, thriller",The Dark Knight,action,Christopher Nolan,3
Alexandria,42,"action, thriller",Inception,sci-fi,Christopher Nolan,5
Rebecca,58,"romance, crime",The Dark Knight,action,Christopher Nolan,5
Rebecca,58,"romance, crime",Interstellar,sci-fi,Christopher Nolan,4
Rebecca,58,"romance, crime",Forrest Gump,drama,Robert Zemeckis,1
Rebecca,58,"romance, crime",John Wick,action,Chad Stahelski,2
Rebecca,58,"romance, crime",Inception,sci-fi,Christopher Nolan,5
Rebecca,58,"romance, crime",Shrek,animation,Andrew Adamson,4
Rebecca,58,"romance, crime",Shrek,animation,Andrew Adamson,3
Rebecca,58,"romance, crime",The Matrix,sci-fi,The Wachowskis,2
Sarah,32,"drama, comedy",Parasite,drama,Bong Joon-ho,5
Sarah,32,"drama, comedy",Joker,crime,Todd Phillips,1
Sarah,32,"drama, comedy",John Wick,action,Chad Stahelski,2
Sarah,32,"drama, comedy",The Dark Knight,action,Christopher Nolan,4
Sarah,32,"drama, comedy",Finding Nemo,animation,Andrew Stanton,2
Sarah,32,"drama, comedy",Finding Nemo,animation,Andrew Stanton,5
Sarah,32,"drama, comedy",The Dark Knight,action,Christopher Nolan,4
Susan,27,"drama, comedy",Forrest Gump,drama,Robert Zemeckis,1
Susan,27,"drama, comedy",Parasite,drama,Bong Joon-ho,3
Susan,27,"drama, comedy",Shrek,animation,Andrew Adamson,1
Susan,27,"drama, comedy",Pulp Fiction,crime,Quentin Tarantino,1
Thomas,59,"thriller, romance",Pulp Fiction,crime,Quentin Tarantino,5
Thomas,59,"thriller, romance",Interstellar,sci-fi,Christopher Nolan,1
Thomas,59,"thriller, romance",Shrek,animation,Andrew Adamson,4
Christina,60,"crime, sci-fi",Shrek,animation,Andrew Adamson,2
Christina,60,"crime, sci-fi",Parasite,drama,Bong Joon-ho,2
Christina,60,"crime, sci-fi",Gladiator,action,Ridley Scott,4
Christina,60,"crime, sci-fi",Pulp Fiction,crime,Quentin Tarantino,5
Christina,60,"crime, sci-fi",Se7en,thriller,David Fincher,4
Christina,60,"crime, sci-fi",Alien,horror,Ridley Scott,1
Christina,60,"crime, sci-fi",Titanic,romance,James Cameron,5
Lisa,31,"drama, fantasy",Se7en,thriller,David Fincher,1
Lisa,31,"drama, fantasy",John Wick,action,Chad Stahelski,1
Lisa,31,"drama, fantasy",Parasite,drama,Bong Joon-ho,3
Lisa,31,"drama, fantasy",The Matrix,sci-fi,The Wachowskis,2
Lisa,31,"drama, fantasy",Interstellar,sci-fi,Christopher Nolan,4
Lisa,31,"drama, fantasy",Mad Max: Fury Road,action,George Miller,3
Lisa,31,"drama, fantasy",Interstellar,sci-fi,Christopher Nolan,4
Jennifer,49,"romance, drama",Se7en,thriller,David Fincher,2
Jennifer,49,"romance, drama",The Notebook,romance,Nick Cassavetes,3
Jennifer,49,"romance, drama",Shrek,animation,Andrew Adamson,5
Jennifer,49,"romance, drama",Alien,horror,Ridley Scott,5
Michael,26,"animation, sci-fi",Parasite,drama,Bong Joon-ho,5
Michael,26,"animation, sci-fi",Joker,crime,Todd Phillips,3
Michael,26,"animation, sci-fi",Pulp Fiction,crime,Quentin Tarantino,3
Michael,26,"animation, sci-fi",The Notebook,romance,Nick Cassavetes,1
Michael,26,"animation, sci-fi",Inception,sci-fi,Christopher Nolan,2
Michael,26,"animation, sci-fi",Interstellar,sci-fi,Christopher Nolan,3
Michael,26,"animation, sci-fi",The Notebook,romance,Nick Cassavetes,4
Linda,43,"horror, sci-fi",Gladiator,action,Ridley Scott,5
Linda,43,"horror, sci-fi",Finding Nemo,animation,Andrew Stanton,4
Linda,43,"horror, sci-fi",Interstellar,sci-fi,Christopher Nolan,5
Linda,43,"horror, sci-fi",Superbad,comedy,Greg Mottola,2
Linda,43,"horror, sci-fi",Pulp Fiction,crime,Quentin Tarantino,5
Linda,43,"horror, sci-fi",Parasite,drama,Bong Joon-ho,2
Linda,43,"horror, sci-fi",Get Out,horror,Jordan Peele,5
Jordan,38,"animation, drama",Superbad,comedy,Greg Mottola,2
Jordan,38,"animation, drama",Se7en,thriller,David Fincher,3
Jordan,38,"animation, drama",The Matrix,sci-fi,The Wachowskis,5
Jordan,38,"animation, drama",Gladiator,action,Ridley Scott,3
Jordan,38,"animation, drama",Toy Story,animation,John Lasseter,3
Jordan,38,"animation, drama",The Matrix,sci-fi,The Wachowskis,2
Jordan,38,"animation, drama",Pulp Fiction,crime,Quentin Tarantino,3
Jordan,38,"animation, drama",Se7en,thriller,David Fincher,3
Tracey,36,"comedy, crime",Gladiator,action,Ridley Scott,5
Tracey,36,"comedy, crime",The Notebook,romance,Nick Cassavetes,4
Tracey,36,"comedy, crime",Gladiator,action,Ridley Scott,3
Tracey,36,"comedy, crime",The Matrix,sci-fi,The Wachowskis,4
Tracey,36,"comedy, crime",Parasite,drama,Bong Joon-ho,1
Erin,63,"drama, comedy",Forrest Gump,drama,Robert Zemeckis,4
Erin,63,"drama, comedy",Finding Nemo,animation,Andrew Stanton,3
Erin,63,"drama, comedy",Finding Nemo,animation,Andrew Stanton,4
Erin,63,"drama, comedy",Forrest Gump,drama,Robert Zemeckis,5
Erin,63,"drama, comedy",Gladiator,action,Ridley Scott,1
Marcus,50,"horror, crime",Inception,sci-fi,Christopher Nolan,5
Marcus,50,"horror, crime",Alien,horror,Ridley Scott,5
Marcus,50,"horror, crime",John Wick,action,Chad Stahelski,3
Jennifer,37,"crime, horror",Shrek,animation,Andrew Adamson,4
Jennifer,37,"crime, horror",The Matrix,sci-fi,The Wachowskis,3
Jennifer,37,"crime, horror",Mad Max: Fury Road,action,George Miller,2
Jennifer,37,"crime, horror",Toy Story,animation,John Lasseter,3
Jennifer,37,"crime, horror",The Matrix,sci-fi,The Wachowskis,2
Jennifer,37,"crime, horror",Titanic,romance,James Cameron,5
Victor,43,"animation, romance",The Matrix,sci-fi,The Wachowskis,4
Victor,43,"animation, romance",The Notebook,romance,Nick Cassavetes,4
Victor,43,"animation, romance",Gladiator,action,Ridley Scott,5
Victor,43,"animation, romance",Shrek,animation,Andrew Adamson,5
Victor,43,"animation, romance",Forrest Gump,drama,Robert Zemeckis,2
Victor,43,"animation, romance",Interstellar,sci-fi,Christopher Nolan,3
Victor,43,"animation, romance",Shrek,animation,Andrew Adamson,2
Victor,43,"animation, romance",Forrest Gump,drama,Robert Zemeckis,1
Danielle,64,"animation, fantasy",Toy Story,animation,John Lasseter,4
Danielle,64,"animation, fantasy",Interstellar,sci-fi,Christopher Nolan,5
Danielle,64,"animation, fantasy",Get Out,horror,Jordan Peele,1
Dana,44,"crime, animation",Inception,sci-fi,Christopher Nolan,1
Dana,44,"crime, animation",Mad Max: Fury Road,action,George Miller,2
Dana,44,"crime, animation",The Dark Knight,action,Christopher Nolan,2
Dana,44,"crime, animation",Shrek,animation,Andrew Adamson,3
Gavin,50,"thriller, sci-fi",Alien,horror,Ridley Scott,1
Gavin,50,"thriller, sci-fi",John Wick,action,Chad Stahelski,1
Gavin,50,"thriller, sci-fi",The Dark Knight,action,Christopher Nolan,1
Patrick,31,"thriller, action",John Wick,action,Chad Stahelski,3
Patrick,31,"thriller, action",Alien,horror,Ridley Scott,3
Patrick,31,"thriller, action",Inception,sci-fi,Christopher Nolan,1
Patrick,31,"thriller, action",Parasite,drama,Bong Joon-ho,2
Patrick,31,"thriller, action",The Dark Knight,action,Christopher Nolan,3
Patrick,31,"thriller, action",The Matrix,sci-fi,The Wachowskis,2
Patrick,31,"thriller, action",Gladiator,action,Ridley Scott,3
Melissa,46,"romance, comedy",The Matrix,sci-fi,The Wachowskis,3
Melissa,46,"romance, comedy",Forrest Gump,drama,Robert Zemeckis,1
Melissa,46,"romance, comedy",Gladiator,action,Ridley Scott,1
Melissa,46,"romance, comedy",Superbad,comedy,Greg Mottola,2
Melissa,46,"romance, comedy",Mad Max: Fury Road,action,George Miller,1
Melissa,46,"romance, comedy",Gladiator,action,Ridley Scott,3
Melissa,46,"romance, comedy",Pulp Fiction,crime,Quentin Tarantino,4
Jennifer,51,"crime, thriller",The Dark Knight,action,Christopher Nolan,4
Jennifer,51,"crime, thriller",The Dark Knight,action,Christopher Nolan,3
Jennifer,51,"crime, thriller",Forrest Gump,drama,Robert Zemeckis,1
Jennifer,51,"crime, thriller",John Wick,action,Chad Stahelski,3
Jennifer,51,"crime, thriller",Shrek,animation,Andrew Adamson,4
Jennifer,51,"crime, thriller",Toy Story,animation,John Lasseter,3
Jennifer,51,"crime, thriller",The Matrix,sci-fi,The Wachowskis,1
Jennifer,51,"crime, thriller",Gladiator,action,Ridley Scott,3
Michael,33,"fantasy, horror",Mad Max: Fury Road,action,George Miller,2
Michael,33,"fantasy, horror",Joker,crime,Todd Phillips,1
Michael,33,"fantasy, horror",Shrek,animation,Andrew Adamson,1
Michael,33,"fantasy, horror",Toy Story,animation,John Lasseter,4
Michael,33,"fantasy, horror",Se7en,thriller,David Fincher,4
Michael,33,"fantasy, horror",Shrek,animation,Andrew Adamson,1
Michael,33,"fantasy, horror",The Matrix,sci-fi,The Wachowskis,2
Timothy,41,"animation, drama",Alien,horror,Ridley Scott,5
Timothy,41,"animation, drama",John Wick,action,Chad Stahelski,4
Timothy,41,"animation, drama",Toy Story,animation,John Lasseter,5
Timothy,41,"animation, drama",Toy Story,animation,John Lasseter,1
Timothy,41,"animation, drama",Finding Nemo,animation,Andrew Stanton,1
Thomas,27,"drama, sci-fi",Titanic,romance,James Cameron,5
Thomas,27,"drama, sci-fi",Shrek,animation,Andrew Adamson,2
Thomas,27,"drama, sci-fi",Parasite,drama,Bong Joon-ho,4
Thomas,27,"drama, sci-fi",Mad Max: Fury Road,action,George Miller,4
Thomas,27,"drama, sci-fi",Finding Nemo,animation,Andrew Stanton,5
Thomas,27,"drama, sci-fi",Se7en,thriller,David Fincher,3
Thomas,27,"drama, sci-fi",Mad Max: Fury Road,action,George Miller,3
Thomas,27,"drama, sci-fi",Pulp Fiction,crime,Quentin Tarantino,4
Kyle,29,"action, comedy",Shrek,animation,Andrew Adamson,2
Kyle,29,"action, comedy",Interstellar,sci-fi,Christopher Nolan,1
Kyle,29,"action, comedy",Mad Max: Fury Road,action,George Miller,5
Kyle,29,"action, comedy",Shrek,animation,Andrew Adamson,3
Kyle,29,"action, comedy",The Notebook,romance,Nick Cassavetes,2
Kyle,29,"action, comedy",Pulp Fiction,crime,Quentin Tarantino,3
Kyle,29,"action, comedy",Shrek,animation,Andrew Adamson,3
David,19,"action, thriller",Alien,horror,Ridley Scott,1
David,19,"action, thriller",Inception,sci-fi,Christopher Nolan,3
David,19,"action, thriller",Se7en,thriller,David Fincher,4
David,19,"action, thriller",Interstellar,sci-fi,Christopher Nolan,4
David,19,"action, thriller",Interstellar,sci-fi,Christopher Nolan,1
David,19,"action, thriller",Parasite,drama,Bong Joon-ho,5
David,19,"action, thriller",Gladiator,action,Ridley Scott,5
David,19,"action, thriller",The Notebook,romance,Nick Cassavetes,3
Kimberly,36,"sci-fi, crime",Shrek,animation,Andrew Adamson,4
Kimberly,36,"sci-fi, crime",Gladiator,action,Ridley Scott,1
Kimberly,36,"sci-fi, crime",Alien,horror,Ridley Scott,4
Kimberly,36,"sci-fi, crime",Parasite,drama,Bong Joon-ho,4
Kimberly,36,"sci-fi, crime",Shrek,animation,Andrew Adamson,4
James,24,"crime, comedy",Se7en,thriller,David Fincher,5
James,24,"crime, comedy",Gladiator,action,Ridley Scott,2
James,24,"crime, comedy",John Wick,action,Chad Stahelski,2
Albert,20,"fantasy, sci-fi",Se7en,thriller,David Fincher,2
Albert,20,"fantasy, sci-fi",Toy Story,animation,John Lasseter,4
Albert,20,"fantasy, sci-fi",Toy Story,animation,John Lasseter,4
Albert,20,"fantasy, sci-fi",Pulp Fiction,crime,Quentin Tarantino,5
Albert,20,"fantasy, sci-fi",John Wick,action,Chad Stahelski,2
Albert,20,"fantasy, sci-fi",Parasite,drama,Bong Joon-ho,4
Albert,20,"fantasy, sci-fi",Alien,horror,Ridley Scott,1
Albert,20,"fantasy, sci-fi",Joker,crime,Todd Phillips,1
Jasmine,32,"comedy, romance",Toy Story,animation,John Lasseter,1
Jasmine,32,"comedy, romance",Titanic,romance,James Cameron,5
Jasmine,32,"comedy, romance",Shrek,animation,Andrew Adamson,1
Jasmine,32,"comedy, romance",Forrest Gump,drama,Robert Zemeckis,3
Jasmine,32,"comedy, romance",Pulp Fiction,crime,Quentin Tarantino,3
Jasmine,32,"comedy, romance",Inception,sci-fi,Christopher Nolan,3
Kayla,33,"comedy, drama",Parasite,drama,Bong Joon-ho,5
Kayla,33,"comedy, drama",Interstellar,sci-fi,Christopher Nolan,3
Kayla,33,"comedy, drama",Interstellar,sci-fi,Christopher Nolan,5
Kayla,33,"comedy, drama",Joker,crime,Todd Phillips,3
Kayla,33,"comedy, drama",Toy Story,animation,John Lasseter,4
Kayla,33,"comedy, drama",Alien,horror,Ridley Scott,3
Kayla,33,"comedy, drama",Titanic,romance,James Cameron,2
Rodney,48,"crime, action",Finding Nemo,animation,Andrew Stanton,1
Rodney,48,"crime, action",Alien,horror,Ridley Scott,3
Rodney,48,"crime, action",Finding Nemo,animation,Andrew Stanton,2
Rodney,48,"crime, action",Finding Nemo,animation,Andrew Stanton,2
Rodney,48,"crime, action",The Matrix,sci-fi,The Wachowskis,1
Andrew,29,"comedy, horror",The Dark Knight,action,Christopher Nolan,3
Andrew,29,"comedy, horror",Superbad,comedy,Greg Mottola,3
Andrew,29,"comedy, horror",Titanic,romance,James Cameron,4
Andrew,29,"comedy, horror",The Notebook,romance,Nick Cassavetes,5
Andrew,29,"comedy, horror",Pulp Fiction,crime,Quentin Tarantino,2
James,38,"drama, animation",Finding Nemo,animation,Andrew Stanton,1
James,38,"drama, animation",Mad Max: Fury Road,action,George Miller,1
James,38,"drama, animation",Forrest Gump,drama,Robert Zemeckis,4
James,38,"drama, animation",Se7en,thriller,David Fincher,2
David,34,"crime, horror",Se7en,thriller,David Fincher,2
David,34,"crime, horror",Titanic,romance,James Cameron,5
David,34,"crime, horror",Joker,crime,Todd Phillips,1
David,34,"crime, horror",Superbad,comedy,Greg Mottola,2
Daniel,40,"romance, sci-fi",Forrest Gump,drama,Robert Zemeckis,4
Daniel,40,"romance, sci-fi",Se7en,thriller,David Fincher,5
Daniel,40,"romance, sci-fi",Finding Nemo,animation,Andrew Stanton,5
Daniel,40,"romance, sci-fi",The Matrix,sci-fi,The Wachowskis,3
Daniel,40,"romance, sci-fi",Mad Max: Fury Road,action,George Miller,3
Hannah,41,"horror, drama",The Notebook,romance,Nick Cassavetes,5
Hannah,41,"horror, drama",Alien,horror,Ridley Scott,4
Hannah,41,"horror, drama",Mad Max: Fury Road,action,George Miller,5
Hannah,41,"horror, drama",Interstellar,sci-fi,Christopher Nolan,3
Hannah,41,"horror, drama",Gladiator,action,Ridley Scott,5
Laura,53,"romance, crime",Forrest Gump,drama,Robert Zemeckis,4
Laura,53,"romance, crime",Forrest Gump,drama,Robert Zemeckis,2
Laura,53,"romance, crime",Get Out,horror,Jordan Peele,1
Laura,53,"romance, crime",Inception,sci-fi,Christopher Nolan,3
Laura,53,"romance, crime",Gladiator,action,Ridley Scott,3
Laura,53,"romance, crime",Shrek,animation,Andrew Adamson,2
Laura,53,"romance, crime",Shrek,animation,Andrew Adamson,1
Trevor,53,"sci-fi, animation",Forrest Gump,drama,Robert Zemeckis,4
Trevor,53,"sci-fi, animation",Interstellar,sci-fi,Christopher Nolan,2
Trevor,53,"sci-fi, animation",The Dark Knight,action,Christopher Nolan,1
Trevor,53,"sci-fi, animation",Inception,sci-fi,Christopher Nolan,5
Trevor,53,"sci-fi, animation",Pulp Fiction,crime,Quentin Tarantino,3
Trevor,53,"sci-fi, animation",Titanic,romance,James Cameron,2
Brooke,34,"fantasy, horror",John Wick,action,Chad Stahelski,5
Brooke,34,"fantasy, horror",Alien,horror,Ridley Scott,1
Brooke,34,"fantasy, horror",Shrek,animation,Andrew Adamson,1
Brooke,34,"fantasy, horror",Titanic,romance,James Cameron,4
Brooke,34,"fantasy, horror",The Dark Knight,action,Christopher Nolan,4
Deanna,44,"horror, romance",Titanic,romance,James Cameron,2
Deanna,44,"horror, romance",Shrek,animation,Andrew Adamson,1
Deanna,44,"horror, romance",Forrest Gump,drama,Robert Zemeckis,3
Anita,31,"drama, comedy",Titanic,romance,James Cameron,5
Anita,31,"drama, comedy",Mad Max: Fury Road,action,George Miller,5
Anita,31,"drama, comedy",Inception,sci-fi,Christopher Nolan,3
Anita,31,"drama, comedy",Superbad,comedy,Greg Mottola,1
Anita,31,"drama, comedy",John Wick,action,Chad Stahelski,5
Anita,31,"drama, comedy",Superbad,comedy,Greg Mottola,4
Steven,35,"thriller, animation",John Wick,action,Chad Stahelski,5
Steven,35,"thriller, animation",Titanic,romance,James Cameron,5
Steven,35,"thriller, animation",Pulp Fiction,crime,Quentin Tarantino,4
Steven,35,"thriller, animation",Shrek,animation,Andrew Adamson,5
Steven,35,"thriller, animation",Titanic,romance,James Cameron,4
Steven,35,"thriller, animation",Toy Story,animation,John Lasseter,2
Steven,35,"thriller, animation",Titanic,romance,James Cameron,1
Brandon,59,"crime, comedy",Pulp Fiction,crime,Quentin Tarantino,2
Brandon,59,"crime, comedy",Shrek,animation,Andrew Adamson,5
Brandon,59,"crime, comedy",Alien,horror,Ridley Scott,4
Brandon,59,"crime, comedy",Gladiator,action,Ridley Scott,4
Brandon,59,"crime, comedy",John Wick,action,Chad Stahelski,2
Joshua,33,"horror, drama",Toy Story,animation,John Lasseter,2
Joshua,33,"horror, drama",Mad Max: Fury Road,action,George Miller,2
Joshua,33,"horror, drama",Forrest Gump,drama,Robert Zemeckis,1
Joshua,33,"horror, drama",Inception,sci-fi,Christopher Nolan,3
Joshua,33,"horror, drama",Superbad,comedy,Greg Mottola,2
Andrea,34,"drama, romance",The Matrix,sci-fi,The Wachowskis,1
Andrea,34,"drama, romance",Joker,crime,Todd Phillips,1
Andrea,34,"drama, romance",The Notebook,romance,Nick Cassavetes,1
Andrea,34,"drama, romance",Gladiator,action,Ridley Scott,3
Andrea,34,"drama, romance",Superbad,comedy,Greg Mottola,2
Andrea,34,"drama, romance",Parasite,drama,Bong Joon-ho,1
Andrea,34,"drama, romance",Inception,sci-fi,Christopher Nolan,4
Andrea,34,"drama, romance",Get Out,horror,Jordan Peele,5
Devon,33,"horror, crime",Se7en,thriller,David Fincher,4
Devon,33,"horror, crime",Titanic,romance,James Cameron,4
Devon,33,"horror, crime",The Dark Knight,action,Christopher Nolan,3
Devon,33,"horror, crime",Inception,sci-fi,Christopher Nolan,2
Devon,33,"horror, crime",Pulp Fiction,crime,Quentin Tarantino,2
Devon,33,"horror, crime",Parasite,drama,Bong Joon-ho,3
Devon,33,"horror, crime",The Dark Knight,action,Christopher Nolan,1
Devon,33,"horror, crime",Forrest Gump,drama,Robert Zemeckis,5
Joel,36,"action, drama",Toy Story,animation,John Lasseter,4
Joel,36,"action, drama",Get Out,horror,Jordan Peele,3
Joel,36,"action, drama",Alien,horror,Ridley Scott,2
Joel,36,"action, drama",Alien,horror,Ridley Scott,5
Joel,36,"action, drama",Parasite,drama,Bong Joon-ho,1
Joel,36,"action, drama",The Notebook,romance,Nick Cassavetes,3
Joel,36,"action, drama",Inception,sci-fi,Christopher Nolan,5
Todd,37,"drama, comedy",The Dark Knight,action,Christopher Nolan,1
Todd,37,"drama, comedy",Se7en,thriller,David Fincher,1
Todd,37,"drama, comedy",Inception,sci-fi,Christopher Nolan,5
Todd,37,"drama, comedy",John Wick,action,Chad Stahelski,4
Todd,37,"drama, comedy",Alien,horror,Ridley Scott,4
Todd,37,"drama, comedy",Shrek,animation,Andrew Adamson,5
Jocelyn,57,"sci-fi, drama",Pulp Fiction,crime,Quentin Tarantino,3
Jocelyn,57,"sci-fi, drama",Forrest Gump,drama,Robert Zemeckis,2
Jocelyn,57,"sci-fi, drama",Gladiator,action,Ridley Scott,5
Cindy,30,"comedy, drama",Gladiator,action,Ridley Scott,3
Cindy,30,"comedy, drama",Toy Story,animation,John Lasseter,5
Cindy,30,"comedy, drama",John Wick,action,Chad Stahelski,2
Cindy,30,"comedy, drama",Finding Nemo,animation,Andrew Stanton,5
Cindy,30,"comedy, drama",Se7en,thriller,David Fincher,2
Cindy,30,"comedy, drama",Gladiator,action,Ridley Scott,1
Cindy,30,"comedy, drama",The Notebook,romance,Nick Cassavetes,5
Steven,56,"animation, drama",The Dark Knight,action,Christopher Nolan,2
Steven,56,"animation, drama",Titanic,romance,James Cameron,1
Steven,56,"animation, drama",Forrest Gump,drama,Robert Zemeckis,5
Steven,56,"animation, drama",Superbad,comedy,Greg Mottola,3
Steven,56,"animation, drama",Mad Max: Fury Road,action,George Miller,4
Steven,56,"animation, drama",Interstellar,sci-fi,Christopher Nolan,2
Steven,56,"animation, drama",The Matrix,sci-fi,The Wachowskis,3
Joshua,30,"crime, animation",Parasite,drama,Bong Joon-ho,5
Joshua,30,"crime, animation",Inception,sci-fi,Christopher Nolan,2
Joshua,30,"crime, animation",Gladiator,action,Ridley Scott,4
Joshua,30,"crime, animation",Interstellar,sci-fi,Christopher Nolan,2
Joshua,30,"crime, animation",Parasite,drama,Bong Joon-ho,4
Eric,47,"animation, thriller",Interstellar,sci-fi,Christopher Nolan,1
Eric,47,"animation, thriller",The Dark Knight,action,Christopher Nolan,3
Eric,47,"animation, thriller",Shrek,animation,Andrew Adamson,2
Eric,47,"animation, thriller",Titanic,romance,James Cameron,3
Eric,47,"animation, thriller",Pulp Fiction,crime,Quentin Tarantino,3
Eric,47,"animation, thriller",Toy Story,animation,John Lasseter,4
Eric,47,"animation, thriller",Finding Nemo,animation,Andrew Stanton,4
Roy,49,"thriller, animation",Alien,horror,Ridley Scott,5
Roy,49,"thriller, animation",Pulp Fiction,crime,Quentin Tarantino,1
Roy,49,"thriller, animation",Pulp Fiction,crime,Quentin Tarantino,1
Roy,49,"thriller, animation",Interstellar,sci-fi,Christopher Nolan,4
Roy,49,"thriller, animation",Pulp Fiction,crime,Quentin Tarantino,4
Megan,64,"action, drama",Se7en,thriller,David Fincher,4
Megan,64,"action, drama",Superbad,comedy,Greg Mottola,2
Megan,64,"action, drama",Shrek,animation,Andrew Adamson,1
Megan,64,"action, drama",Toy Story,animation,John Lasseter,2
Lawrence,42,"action, horror",Shrek,animation,Andrew Adamson,4
Lawrence,42,"action, horror",Shrek,animation,Andrew Adamson,5
Lawrence,42,"action, horror",Forrest Gump,drama,Robert Zemeckis,3
Lawrence,42,"action, horror",Joker,crime,Todd Phillips,2
Lawrence,42,"action, horror",Se7en,thriller,David Fincher,1
Danielle,48,"drama, sci-fi",The Notebook,romance,Nick Cassavetes,4
Danielle,48,"drama, sci-fi",Finding Nemo,animation,Andrew Stanton,4
Danielle,48,"drama, sci-fi",Joker,crime,Todd Phillips,2
Danielle,48,"drama, sci-fi",Gladiator,action,Ridley Scott,4
Danielle,48,"drama, sci-fi",Interstellar,sci-fi,Christopher Nolan,4
Danielle,48,"drama, sci-fi",The Matrix,sci-fi,The Wachowskis,4
Danielle,48,"drama, sci-fi",Superbad,comedy,Greg Mottola,2
Samuel,32,"thriller, comedy",Finding Nemo,animation,Andrew Stanton,4
Samuel,32,"thriller, comedy",The Matrix,sci-fi,The Wachowskis,3
Samuel,32,"thriller, comedy",The Matrix,sci-fi,The Wachowskis,1
Vanessa,32,"sci-fi, horror",Get Out,horror,Jordan Peele,2
Vanessa,32,"sci-fi, horror",The Matrix,sci-fi,The Wachowskis,4
Vanessa,32,"sci-fi, horror",Superbad,comedy,Greg Mottola,5
James,28,"thriller, crime",Shrek,animation,Andrew Adamson,5
James,28,"thriller, crime",Joker,crime,Todd Phillips,5
James,28,"thriller, crime",Alien,horror,Ridley Scott,5
James,28,"thriller, crime",Finding Nemo,animation,Andrew Stanton,3
David,45,"romance, drama",Superbad,comedy,Greg Mottola,1
David,45,"romance, drama",Pulp Fiction,crime,Quentin Tarantino,1
David,45,"romance, drama",Interstellar,sci-fi,Christopher Nolan,4
David,45,"romance, drama",The Dark Knight,action,Christopher Nolan,2
David,45,"romance, drama",The Dark Knight,action,Christopher Nolan,5
Kristina,32,"fantasy, animation",Pulp Fiction,crime,Quentin Tarantino,2
Kristina,32,"fantasy, animation",Finding Nemo,animation,Andrew Stanton,5
Kristina,32,"fantasy, animation",Interstellar,sci-fi,Christopher Nolan,2
Kristina,32,"fantasy, animation",Gladiator,action,Ridley Scott,2
Kristina,32,"fantasy, animation",Forrest Gump,drama,Robert Zemeckis,4
Judith,34,"thriller, drama",Toy Story,animation,John Lasseter,5
Judith,34,"thriller, drama",Titanic,romance,James Cameron,5
Judith,34,"thriller, drama",Gladiator,action,Ridley Scott,3
Judith,34,"thriller, drama",Joker,crime,Todd Phillips,2
Brandon,21,"comedy, fantasy",Toy Story,animation,John Lasseter,5
Brandon,21,"comedy, fantasy",Mad Max: Fury Road,action,George Miller,1
Brandon,21,"comedy, fantasy",The Matrix,sci-fi,The Wachowskis,3
Brandon,21,"comedy, fantasy",Parasite,drama,Bong Joon-ho,2
Brandon,21,"comedy, fantasy",John Wick,action,Chad Stahelski,2
Brandon,21,"comedy, fantasy",Inception,sci-fi,Christopher Nolan,2
Xavier,61,"romance, action",The Dark Knight,action,Christopher Nolan,5
Xavier,61,"romance, action",Pulp Fiction,crime,Quentin Tarantino,5
Xavier,61,"romance, action",John Wick,action,Chad Stahelski,2
Xavier,61,"romance, action",Interstellar,sci-fi,Christopher Nolan,4
Xavier,61,"romance, action",Toy Story,animation,John Lasseter,5
Alyssa,64,"thriller, animation",Superbad,comedy,Greg Mottola,4
Alyssa,64,"thriller, animation",Parasite,drama,Bong Joon-ho,4
Alyssa,64,"thriller, animation",The Dark Knight,action,Christopher Nolan,5
Alyssa,64,"thriller, animation",Get Out,horror,Jordan Peele,5
Alyssa,64,"thriller, animation",The Notebook,romance,Nick Cassavetes,1
Alyssa,64,"thriller, animation",Interstellar,sci-fi,Christopher Nolan,1
Alyssa,64,"thriller, animation",Interstellar,sci-fi,Christopher Nolan,3
Joshua,44,"crime, thriller",Interstellar,sci-fi,Christopher Nolan,2
Joshua,44,"crime, thriller",The Notebook,romance,Nick Cassavetes,2
Joshua,44,"crime, thriller",Interstellar,sci-fi,Christopher Nolan,2
Joshua,44,"crime, thriller",The Dark Knight,action,Christopher Nolan,4
Joshua,44,"crime, thriller",Pulp Fiction,crime,Quentin Tarantino,5
Joshua,44,"crime, thriller",Se7en,thriller,David Fincher,1
Joshua,41,"sci-fi, crime",Toy Story,animation,John Lasseter,3
Joshua,41,"sci-fi, crime",Mad Max: Fury Road,action,George Miller,4
Joshua,41,"sci-fi, crime",The Matrix,sci-fi,The Wachowskis,3
Joshua,41,"sci-fi, crime",Titanic,romance,James Cameron,5
Diana,52,"thriller, crime",Finding Nemo,animation,Andrew Stanton,3
Diana,52,"thriller, crime",Inception,sci-fi,Christopher Nolan,4
Diana,52,"thriller, crime",Se7en,thriller,David Fincher,4
Diana,52,"thriller, crime",Parasite,drama,Bong Joon-ho,5
Diana,52,"thriller, crime",Toy Story,animation,John Lasseter,2
Diana,52,"thriller, crime",Pulp Fiction,crime,Quentin Tarantino,3
Diana,52,"thriller, crime",Parasite,drama,Bong Joon-ho,4
Calvin,40,"comedy, action",Inception,sci-fi,Christopher Nolan,5
Calvin,40,"comedy, action",Toy Story,animation,John Lasseter,1
Calvin,40,"comedy, action",Se7en,thriller,David Fincher,1
Calvin,40,"comedy, action",Se7en,thriller,David Fincher,1
Calvin,40,"comedy, action",Finding Nemo,animation,Andrew Stanton,1
Calvin,40,"comedy, action",Shrek,animation,Andrew Adamson,4
Calvin,40,"comedy, action",The Notebook,romance,Nick Cassavetes,2
Calvin,40,"comedy, action",Gladiator,action,Ridley Scott,3
Tamara,26,"action, fantasy",Interstellar,sci-fi,Christopher Nolan,2
Tamara,26,"action, fantasy",Joker,crime,Todd Phillips,3
Tamara,26,"action, fantasy",Titanic,romance,James Cameron,3
Tamara,26,"action, fantasy",Mad Max: Fury Road,action,George Miller,5
Dalton,61,"horror, animation",Pulp Fiction,crime,Quentin Tarantino,3
Dalton,61,"horror, animation",Gladiator,action,Ridley Scott,2
Dalton,61,"horror, animation",The Notebook,romance,Nick Cassavetes,2
Molly,35,"romance, thriller",The Notebook,romance,Nick Cassavetes,5
Molly,35,"romance, thriller",Superbad,comedy,Greg Mottola,1
Molly,35,"romance, thriller",The Notebook,romance,Nick Cassavetes,3
Molly,35,"romance, thriller",The Matrix,sci-fi,The Wachowskis,4
Molly,35,"romance, thriller",Interstellar,sci-fi,Christopher Nolan,5
Molly,35,"romance, thriller",Finding Nemo,animation,Andrew Stanton,3
Molly,35,"romance, thriller",Parasite,drama,Bong Joon-ho,1
Molly,35,"romance, thriller",Joker,crime,Todd Phillips,4
Christopher,44,"horror, fantasy",Get Out,horror,Jordan Peele,3
Christopher,44,"horror, fantasy",Forrest Gump,drama,Robert Zemeckis,5
Christopher,44,"horror, fantasy",John Wick,action,Chad Stahelski,5
Christopher,44,"horror, fantasy",Pulp Fiction,crime,Quentin Tarantino,4
Christopher,44,"horror, fantasy",Mad Max: Fury Road,action,George Miller,1
Christopher,44,"horror, fantasy",John Wick,action,Chad Stahelski,3
Christopher,44,"horror, fantasy",Toy Story,animation,John Lasseter,1
Christopher,44,"horror, fantasy",Parasite,drama,Bong Joon-ho,1
Karina,27,"horror, sci-fi",The Notebook,romance,Nick Cassavetes,2
Karina,27,"horror, sci-fi",The Matrix,sci-fi,The Wachowskis,1
Karina,27,"horror, sci-fi",Gladiator,action,Ridley Scott,4
Tim,51,"comedy, animation",Se7en,thriller,David Fincher,4
Tim,51,"comedy, animation",Interstellar,sci-fi,Christopher Nolan,4
Tim,51,"comedy, animation",The Matrix,sci-fi,The Wachowskis,5
Tim,51,"comedy, animation",Se7en,thriller,David Fincher,3
Tim,51,"comedy, animation",Forrest Gump,drama,Robert Zemeckis,2
Tim,51,"comedy, animation",Titanic,romance,James Cameron,4
William,55,"thriller, comedy",Pulp Fiction,crime,Quentin Tarantino,3
William,55,"thriller, comedy",Finding Nemo,animation,Andrew Stanton,4
William,55,"thriller, comedy",John Wick,action,Chad Stahelski,5
William,55,"thriller, comedy",Toy Story,animation,John Lasseter,4
Vanessa,59,"comedy, romance",Titanic,romance,James Cameron,4
Vanessa,59,"comedy, romance",Forrest Gump,drama,Robert Zemeckis,4
Vanessa,59,"comedy, romance",Toy Story,animation,John Lasseter,3
Vanessa,59,"comedy, romance",Gladiator,action,Ridley Scott,2
Vanessa,59,"comedy, romance",Shrek,animation,Andrew Adamson,1
Antonio,27,"romance, action",Toy Story,animation,John Lasseter,4
Antonio,27,"romance, action",The Notebook,romance,Nick Cassavetes,5
Antonio,27,"romance, action",Toy Story,animation,John Lasseter,1
Antonio,27,"romance, action",Parasite,drama,Bong Joon-ho,3
Antonio,27,"romance, action",Pulp Fiction,crime,Quentin Tarantino,3
Antonio,27,"romance, action",The Matrix,sci-fi,The Wachowskis,4
Antonio,27,"romance, action",Pulp Fiction,crime,Quentin Tarantino,3
Antonio,27,"romance, action",Superbad,comedy,Greg Mottola,3
Jordan,58,"romance, drama",Se7en,thriller,David Fincher,1
Jordan,58,"romance, drama",Superbad,comedy,Greg Mottola,4
Jordan,58,"romance, drama",Superbad,comedy,Greg Mottola,2
Jordan,58,"romance, drama",The Notebook,romance,Nick Cassavetes,4
Jordan,58,"romance, drama",Titanic,romance,James Cameron,5
Jordan,58,"romance, drama",Superbad,comedy,Greg Mottola,1
Shannon,18,"romance, horror",John Wick,action,Chad Stahelski,1
Shannon,18,"romance, horror",The Notebook,romance,Nick Cassavetes,3
Shannon,18,"romance, horror",Joker,crime,Todd Phillips,3
Shannon,18,"romance, horror",Toy Story,animation,John Lasseter,1
Monica,56,"drama, comedy",Superbad,comedy,Greg Mottola,2
Monica,56,"drama, comedy",Finding Nemo,animation,Andrew Stanton,3
Monica,56,"drama, comedy",Titanic,romance,James Cameron,5
Monica,56,"drama, comedy",Shrek,animation,Andrew Adamson,4
Monica,56,"drama, comedy",John Wick,action,Chad Stahelski,1
Linda,28,"crime, horror",Forrest Gump,drama,Robert Zemeckis,2
Linda,28,"crime, horror",Forrest Gump,drama,Robert Zemeckis,3
Linda,28,"crime, horror",Forrest Gump,drama,Robert Zemeckis,4
Linda,28,"crime, horror",Get Out,horror,Jordan Peele,4
Linda,28,"crime, horror",The Matrix,sci-fi,The Wachowskis,2
John,44,"comedy, thriller",Titanic,romance,James Cameron,5
John,44,"comedy, thriller",Inception,sci-fi,Christopher Nolan,5
John,44,"comedy, thriller",The Notebook,romance,Nick Cassavetes,4
John,44,"comedy, thriller",Se7en,thriller,David Fincher,5
John,44,"comedy, thriller",Toy Story,animation,John Lasseter,5
John,44,"comedy, thriller",Interstellar,sci-fi,Christopher Nolan,1
John,44,"comedy, thriller",Toy Story,animation,John Lasseter,4
John,44,"comedy, thriller",Forrest Gump,drama,Robert Zemeckis,3
Kelly,32,"thriller, action",Toy Story,animation,John Lasseter,5
Kelly,32,"thriller, action",Forrest Gump,drama,Robert Zemeckis,5
Kelly,32,"thriller, action",Gladiator,action,Ridley Scott,1
Kelly,32,"thriller, action",The Notebook,romance,Nick Cassavetes,4
Crystal,53,"horror, crime",The Matrix,sci-fi,The Wachowskis,2
Crystal,53,"horror, crime",Superbad,comedy,Greg Mottola,5
Crystal,53,"horror, crime",The Matrix,sci-fi,The Wachowskis,4
Crystal,53,"horror, crime",Pulp Fiction,crime,Quentin Tarantino,5
Crystal,53,"horror, crime",Se7en,thriller,David Fincher,2
Kelly,34,"horror, action",The Notebook,romance,Nick Cassavetes,1
Kelly,34,"horror, action",Gladiator,action,Ridley Scott,1
Kelly,34,"horror, action",The Matrix,sci-fi,The Wachowskis,1
Kelly,34,"horror, action",Pulp Fiction,crime,Quentin Tarantino,1
Amanda,24,"drama, romance",Parasite,drama,Bong Joon-ho,4
Amanda,24,"drama, romance",Forrest Gump,drama,Robert Zemeckis,5
Amanda,24,"drama, romance",Se7en,thriller,David Fincher,3
Amanda,24,"drama, romance",Joker,crime,Todd Phillips,5
Amanda,24,"drama, romance",Shrek,animation,Andrew Adamson,4
Amanda,24,"drama, romance",Mad Max: Fury Road,action,George Miller,5
Amanda,24,"drama, romance",Shrek,animation,Andrew Adamson,4
Amanda,24,"drama, romance",The Notebook,romance,Nick Cassavetes,2
April,26,"drama, thriller",Interstellar,sci-fi,Christopher Nolan,3
April,26,"drama, thriller",Get Out,horror,Jordan Peele,3
April,26,"drama, thriller",Interstellar,sci-fi,Christopher Nolan,4
Veronica,25,"horror, action",Se7en,thriller,David Fincher,3
Veronica,25,"horror, action",Interstellar,sci-fi,Christopher Nolan,1
Veronica,25,"horror, action",The Notebook,romance,Nick Cassavetes,3
John,41,"romance, fantasy",John Wick,action,Chad Stahelski,1
John,41,"romance, fantasy",Gladiator,action,Ridley Scott,3
John,41,"romance, fantasy",Parasite,drama,Bong Joon-ho,1
John,41,"romance, fantasy",John Wick,action,Chad Stahelski,3
John,41,"romance, fantasy",Mad Max: Fury Road,action,George Miller,1
John,41,"romance, fantasy",John Wick,action,Chad Stahelski,2
John,41,"romance, fantasy",Interstellar,sci-fi,Christopher Nolan,4
Jose,45,"fantasy, comedy",Shrek,animation,Andrew Adamson,1
Jose,45,"fantasy, comedy",John Wick,action,Chad Stahelski,2
Jose,45,"fantasy, comedy",Parasite,drama,Bong Joon-ho,5
Jose,45,"fantasy, comedy",Pulp Fiction,crime,Quentin Tarantino,3
Jose,45,"fantasy, comedy",Get Out,horror,Jordan Peele,5
Jose,45,"fantasy, comedy",Titanic,romance,James Cameron,1
Jose,45,"fantasy, comedy",Shrek,animation,Andrew Adamson,1
Jose,45,"fantasy, comedy",Parasite,drama,Bong Joon-ho,5
Cynthia,48,"crime, fantasy",Gladiator,action,Ridley Scott,4
Cynthia,48,"crime, fantasy",Gladiator,action,Ridley Scott,5
Cynthia,48,"crime, fantasy",Interstellar,sci-fi,Christopher Nolan,2
Cynthia,48,"crime, fantasy",Mad Max: Fury Road,action,George Miller,3
Stacy,41,"drama, action",Shrek,animation,Andrew Adamson,4
Stacy,41,"drama, action",Superbad,comedy,Greg Mottola,1
Stacy,41,"drama, action",Joker,crime,Todd Phillips,3
Stacy,41,"drama, action",Superbad,comedy,Greg Mottola,5
Stacy,41,"drama, action",Gladiator,action,Ridley Scott,4
Stacy,41,"drama, action",Pulp Fiction,crime,Quentin Tarantino,3
Stacy,41,"drama, action",Get Out,horror,Jordan Peele,3
Stacy,41,"drama, action",The Matrix,sci-fi,The Wachowskis,1
Valerie,22,"crime, animation",Shrek,animation,Andrew Adamson,3
Valerie,22,"crime, animation",Alien,horror,Ridley Scott,4
Valerie,22,"crime, animation",Se7en,thriller,David Fincher,2
Valerie,22,"crime, animation",The Notebook,romance,Nick Cassavetes,4
Valerie,22,"crime, animation",Parasite,drama,Bong Joon-ho,3
Valerie,22,"crime, animation",Gladiator,action,Ridley Scott,4
Valerie,22,"crime, animation",Titanic,romance,James Cameron,4
Shawn,18,"romance, fantasy",Interstellar,sci-fi,Christopher Nolan,5
Shawn,18,"romance, fantasy",The Dark Knight,action,Christopher Nolan,2
Shawn,18,"romance, fantasy",The Dark Knight,action,Christopher Nolan,4
Courtney,30,"drama, romance",Forrest Gump,drama,Robert Zemeckis,3
Courtney,30,"drama, romance",Alien,horror,Ridley Scott,1
Courtney,30,"drama, romance",Se7en,thriller,David Fincher,4
Courtney,30,"drama, romance",Parasite,drama,Bong Joon-ho,2
Courtney,30,"drama, romance",Mad Max: Fury Road,action,George Miller,5
Courtney,30,"drama, romance",John Wick,action,Chad Stahelski,1
Courtney,30,"drama, romance",Finding Nemo,animation,Andrew Stanton,4
Christopher,27,"horror, action",The Notebook,romance,Nick Cassavetes,3
Christopher,27,"horror, action",The Dark Knight,action,Christopher Nolan,2
Christopher,27,"horror, action",Inception,sci-fi,Christopher Nolan,2
Tonya,61,"drama, crime",Inception,sci-fi,Christopher Nolan,5
Tonya,61,"drama, crime",Gladiator,action,Ridley Scott,2
Tonya,61,"drama, crime",The Notebook,romance,Nick Cassavetes,2
Tonya,61,"drama, crime",Interstellar,sci-fi,Christopher Nolan,2
Tonya,61,"drama, crime",Pulp Fiction,crime,Quentin Tarantino,3
Tonya,61,"drama, crime",Titanic,romance,James Cameron,5
Tonya,61,"drama, crime",Inception,sci-fi,Christopher Nolan,3
Tonya,61,"drama, crime",Superbad,comedy,Greg Mottola,4
Louis,24,"action, sci-fi",The Notebook,romance,Nick Cassavetes,5
Louis,24,"action, sci-fi",John Wick,action,Chad Stahelski,2
Louis,24,"action, sci-fi",Shrek,animation,Andrew Adamson,5
Louis,24,"action, sci-fi",John Wick,action,Chad Stahelski,1
Louis,24,"action, sci-fi",John Wick,action,Chad Stahelski,3
Louis,24,"action, sci-fi",Finding Nemo,animation,Andrew Stanton,1
Louis,24,"action, sci-fi",Alien,horror,Ridley Scott,1
Christopher,56,"sci-fi, drama",Forrest Gump,drama,Robert Zemeckis,5
Christopher,56,"sci-fi, drama",Get Out,horror,Jordan Peele,3
Christopher,56,"sci-fi, drama",Titanic,romance,James Cameron,1
Jason,63,"comedy, fantasy",Interstellar,sci-fi,Christopher Nolan,3
Jason,63,"comedy, fantasy",Alien,horror,Ridley Scott,3
Jason,63,"comedy, fantasy",Superbad,comedy,Greg Mottola,3
Nicholas,27,"drama, horror",Parasite,drama,Bong Joon-ho,5
Nicholas,27,"drama, horror",Titanic,romance,James Cameron,5
Nicholas,27,"drama, horror",John Wick,action,Chad Stahelski,2
Nicholas,27,"drama, horror",John Wick,action,Chad Stahelski,3
Nicholas,27,"drama, horror",Forrest Gump,drama,Robert Zemeckis,2
Brent,54,"romance, sci-fi",The Notebook,romance,Nick Cassavetes,2
Brent,54,"romance, sci-fi",The Dark Knight,action,Christopher Nolan,2
Brent,54,"romance, sci-fi",Se7en,thriller,David Fincher,1
Brent,54,"romance, sci-fi",Toy Story,animation,John Lasseter,5
Brent,54,"romance, sci-fi",Superbad,comedy,Greg Mottola,1
Brent,54,"romance, sci-fi",Finding Nemo,animation,Andrew Stanton,5
George,23,"sci-fi, thriller",The Matrix,sci-fi,The Wachowskis,5
George,23,"sci-fi, thriller",Parasite,drama,Bong Joon-ho,2
George,23,"sci-fi, thriller",Interstellar,sci-fi,Christopher Nolan,5
George,23,"sci-fi, thriller",Titanic,romance,James Cameron,3
Kevin,34,"thriller, crime",Shrek,animation,Andrew Adamson,1
Kevin,34,"thriller, crime",The Matrix,sci-fi,The Wachowskis,2
Kevin,34,"thriller, crime",Superbad,comedy,Greg Mottola,3
Kevin,34,"thriller, crime",Se7en,thriller,David Fincher,5
Kevin,34,"thriller, crime",Alien,horror,Ridley Scott,4
Cynthia,34,"romance, animation",Finding Nemo,animation,Andrew Stanton,1
Cynthia,34,"romance, animation",Get Out,horror,Jordan Peele,1
Cynthia,34,"romance, animation",Get Out,horror,Jordan Peele,4
Cynthia,34,"romance, animation",The Notebook,romance,Nick Cassavetes,2
Cynthia,34,"romance, animation",Se7en,thriller,David Fincher,5
Cynthia,34,"romance, animation",The Matrix,sci-fi,The Wachowskis,4
Joseph,29,"thriller, comedy",The Dark Knight,action,Christopher Nolan,3
Joseph,29,"thriller, comedy",Gladiator,action,Ridley Scott,1
Joseph,29,"thriller, comedy",Parasite,drama,Bong Joon-ho,3
Joseph,29,"thriller, comedy",Se7en,thriller,David Fincher,2
Joseph,29,"thriller, comedy",Shrek,animation,Andrew Adamson,2
Joseph,29,"thriller, comedy",Joker,crime,Todd Phillips,1
Joseph,29,"thriller, comedy",Forrest Gump,drama,Robert Zemeckis,4
Joseph,29,"thriller, comedy",Inception,sci-fi,Christopher Nolan,4
Jennifer,32,"fantasy, crime",Mad Max: Fury Road,action,George Miller,1
Jennifer,32,"fantasy, crime",Toy Story,animation,John Lasseter,2
Jennifer,32,"fantasy, crime",John Wick,action,Chad Stahelski,1
Jordan,18,"animation, thriller",Parasite,drama,Bong Joon-ho,2
Jordan,18,"animation, thriller",Toy Story,animation,John Lasseter,3
Jordan,18,"animation, thriller",Superbad,comedy,Greg Mottola,2
Jordan,18,"animation, thriller",Mad Max: Fury Road,action,George Miller,5
Jordan,18,"animation, thriller",Titanic,romance,James Cameron,5
Willie,40,"horror, comedy",The Notebook,romance,Nick Cassavetes,5
Willie,40,"horror, comedy",The Dark Knight,action,Christopher Nolan,5
Willie,40,"horror, comedy",Pulp Fiction,crime,Quentin Tarantino,3
Willie,40,"horror, comedy",Titanic,romance,James Cameron,3
Willie,40,"horror, comedy",Joker,crime,Todd Phillips,3
Willie,40,"horror, comedy",Joker,crime,Todd Phillips,1
Katelyn,43,"animation, horror",Parasite,drama,Bong Joon-ho,5
Katelyn,43,"animation, horror",The Notebook,romance,Nick Cassavetes,3
Katelyn,43,"animation, horror",Se7en,thriller,David Fincher,2
Scott,60,"sci-fi, horror",Gladiator,action,Ridley Scott,2
Scott,60,"sci-fi, horror",Superbad,comedy,Greg Mottola,2
Scott,60,"sci-fi, horror",Forrest Gump,drama,Robert Zemeckis,1
Scott,60,"sci-fi, horror",Alien,horror,Ridley Scott,2
Scott,60,"sci-fi, horror",Se7en,thriller,David Fincher,5
Scott,60,"sci-fi, horror",John Wick,action,Chad Stahelski,1
Christopher,37,"horror, thriller",The Dark Knight,action,Christopher Nolan,5
Christopher,37,"horror, thriller",Superbad,comedy,Greg Mottola,5
Christopher,37,"horror, thriller",Se7en,thriller,David Fincher,3
Christopher,37,"horror, thriller",Toy Story,animation,John Lasseter,5
Christopher,37,"horror, thriller",Shrek,animation,Andrew Adamson,4
Christopher,37,"horror, thriller",The Matrix,sci-fi,The Wachowskis,5
Steven,31,"horror, action",Toy Story,animation,John Lasseter,4
Steven,31,"horror, action",Shrek,animation,Andrew Adamson,5
Steven,31,"horror, action",Se7en,thriller,David Fincher,2
Steven,31,"horror, action",The Notebook,romance,Nick Cassavetes,1
Steven,31,"horror, action",Se7en,thriller,David Fincher,1
Christine,32,"action, thriller",Se7en,thriller,David Fincher,5
Christine,32,"action, thriller",Gladiator,action,Ridley Scott,3
Christine,32,"action, thriller",Forrest Gump,drama,Robert Zemeckis,2
Christine,32,"action, thriller",The Dark Knight,action,Christopher Nolan,1
Bethany,31,"comedy, action",Toy Story,animation,John Lasseter,5
Bethany,31,"comedy, action",Inception,sci-fi,Christopher Nolan,5
Bethany,31,"comedy, action",Titanic,romance,James Cameron,1
Bethany,31,"comedy, action",Shrek,animation,Andrew Adamson,2
Bethany,31,"comedy, action",Parasite,drama,Bong Joon-ho,5
Bethany,31,"comedy, action",Titanic,romance,James Cameron,5
Amy,64,"horror, drama",Get Out,horror,Jordan Peele,4
Amy,64,"horror, drama",The Matrix,sci-fi,The Wachowskis,2
Amy,64,"horror, drama",Toy Story,animation,John Lasseter,2
Amy,64,"horror, drama",The Notebook,romance,Nick Cassavetes,1
Jennifer,32,"crime, fantasy",Get Out,horror,Jordan Peele,1
Jennifer,32,"crime, fantasy",Forrest Gump,drama,Robert Zemeckis,2
Jennifer,32,"crime, fantasy",Inception,sci-fi,Christopher Nolan,5
Jennifer,32,"crime, fantasy",Mad Max: Fury Road,action,George Miller,1
Jennifer,32,"crime, fantasy",The Matrix,sci-fi,The Wachowskis,2
Jennifer,32,"crime, fantasy",Gladiator,action,Ridley Scott,4
Jennifer,32,"crime, fantasy",Alien,horror,Ridley Scott,5
Robert,48,"animation, fantasy",Joker,crime,Todd Phillips,1
Robert,48,"animation, fantasy",Finding Nemo,animation,Andrew Stanton,1
Robert,48,"animation, fantasy",Shrek,animation,Andrew Adamson,1
Robert,48,"animation, fantasy",Parasite,drama,Bong Joon-ho,4
Robert,48,"animation, fantasy",Joker,crime,Todd Phillips,2
Robert,48,"animation, fantasy",Pulp Fiction,crime,Quentin Tarantino,1
Dawn,18,"thriller, animation",Superbad,comedy,Greg Mottola,4
Dawn,18,"thriller, animation",Parasite,drama,Bong Joon-ho,2
Dawn,18,"thriller, animation",Superbad,comedy,Greg Mottola,2
Dawn,18,"thriller, animation",Titanic,romance,James Cameron,2
Danielle,49,"horror, comedy",The Notebook,romance,Nick Cassavetes,5
Danielle,49,"horror, comedy",Shrek,animation,Andrew Adamson,5
Danielle,49,"horror, comedy",Se7en,thriller,David Fincher,2
Danielle,49,"horror, comedy",Pulp Fiction,crime,Quentin Tarantino,2
Danielle,49,"horror, comedy",Get Out,horror,Jordan Peele,4
Danielle,49,"horror, comedy",The Matrix,sci-fi,The Wachowskis,3
Brandon,29,"animation, comedy",Shrek,animation,Andrew Adamson,3
Brandon,29,"animation, comedy",Get Out,horror,Jordan Peele,1
Brandon,29,"animation, comedy",John Wick,action,Chad Stahelski,2
Brandon,29,"animation, comedy",John Wick,action,Chad Stahelski,2
Gregory,61,"horror, comedy",Finding Nemo,animation,Andrew Stanton,3
Gregory,61,"horror, comedy",Pulp Fiction,crime,Quentin Tarantino,5
Gregory,61,"horror, comedy",Mad Max: Fury Road,action,George Miller,2
Gregory,61,"horror, comedy",Se7en,thriller,David Fincher,5
Gregory,61,"horror, comedy",The Matrix,sci-fi,The Wachowskis,1
Gregory,61,"horror, comedy",The Notebook,romance,Nick Cassavetes,4
Gregory,61,"horror, comedy",Finding Nemo,animation,Andrew Stanton,2
Gregory,61,"horror, comedy",Pulp Fiction,crime,Quentin Tarantino,1
Lisa,46,"romance, drama",Pulp Fiction,crime,Quentin Tarantino,3
Lisa,46,"romance, drama",Titanic,romance,James Cameron,1
Lisa,46,"romance, drama",Shrek,animation,Andrew Adamson,2
Lisa,46,"romance, drama",Shrek,animation,Andrew Adamson,4
Lisa,46,"romance, drama",Interstellar,sci-fi,Christopher Nolan,3
Samuel,59,"animation, sci-fi",Inception,sci-fi,Christopher Nolan,4
Samuel,59,"animation, sci-fi",Toy Story,animation,John Lasseter,4
Samuel,59,"animation, sci-fi",Finding Nemo,animation,Andrew Stanton,4
Samuel,59,"animation, sci-fi",Titanic,romance,James Cameron,4
Teresa,38,"comedy, fantasy",Joker,crime,Todd Phillips,1
Teresa,38,"comedy, fantasy",Joker,crime,Todd Phillips,3
Teresa,38,"comedy, fantasy",Se7en,thriller,David Fincher,4
Teresa,38,"comedy, fantasy",Se7en,thriller,David Fincher,1
Susan,44,"animation, action",Forrest Gump,drama,Robert Zemeckis,1
Susan,44,"animation, action",Superbad,comedy,Greg Mottola,2
Susan,44,"animation, action",Finding Nemo,animation,Andrew Stanton,2
Susan,44,"animation, action",Mad Max: Fury Road,action,George Miller,3
Susan,44,"animation, action",Get Out,horror,Jordan Peele,3
Elizabeth,37,"romance, action",Get Out,horror,Jordan Peele,1
Elizabeth,37,"romance, action",Mad Max: Fury Road,action,George Miller,2
Elizabeth,37,"romance, action",Shrek,animation,Andrew Adamson,2
Elizabeth,37,"romance, action",John Wick,action,Chad Stahelski,4
Elizabeth,37,"romance, action",Interstellar,sci-fi,Christopher Nolan,1
Elizabeth,26,"drama, fantasy",Superbad,comedy,Greg Mottola,2
Elizabeth,26,"drama, fantasy",Toy Story,animation,John Lasseter,5
Elizabeth,26,"drama, fantasy",Gladiator,action,Ridley Scott,4
Elizabeth,26,"drama, fantasy",Alien,horror,Ridley Scott,3
Elizabeth,26,"drama, fantasy",Alien,horror,Ridley Scott,5
Elizabeth,26,"drama, fantasy",The Dark Knight,action,Christopher Nolan,2
Elizabeth,26,"drama, fantasy",Toy Story,animation,John Lasseter,3
Elizabeth,26,"drama, fantasy",Superbad,comedy,Greg Mottola,2
Maria,28,"sci-fi, comedy",Joker,crime,Todd Phillips,4
Maria,28,"sci-fi, comedy",Se7en,thriller,David Fincher,4
Maria,28,"sci-fi, comedy",John Wick,action,Chad Stahelski,4
Maria,28,"sci-fi, comedy",Shrek,animation,Andrew Adamson,2
Maria,28,"sci-fi, comedy",Toy Story,animation,John Lasseter,4
Maria,28,"sci-fi, comedy",Alien,horror,Ridley Scott,2
Stephen,31,"animation, action",Pulp Fiction,crime,Quentin Tarantino,3
Stephen,31,"animation, action",Alien,horror,Ridley Scott,2
Stephen,31,"animation, action",Get Out,horror,Jordan Peele,1
Stephen,31,"animation, action",Shrek,animation,Andrew Adamson,2
Stephen,31,"animation, action",The Notebook,romance,Nick Cassavetes,5
Richard,32,"fantasy, animation",Forrest Gump,drama,Robert Zemeckis,5
Richard,32,"fantasy, animation",Joker,crime,Todd Phillips,5
Richard,32,"fantasy, animation",John Wick,action,Chad Stahelski,4
Richard,32,"fantasy, animation",The Notebook,romance,Nick Cassavetes,2
Richard,32,"fantasy, animation",Interstellar,sci-fi,Christopher Nolan,3
Michelle,52,"animation, horror",Finding Nemo,animation,Andrew Stanton,5
Michelle,52,"animation, horror",Interstellar,sci-fi,Christopher Nolan,4
Michelle,52,"animation, horror",Pulp Fiction,crime,Quentin Tarantino,3
Michelle,52,"animation, horror",Finding Nemo,animation,Andrew Stanton,2
Amanda,39,"sci-fi, crime",Mad Max: Fury Road,action,George Miller,2
Amanda,39,"sci-fi, crime",Gladiator,action,Ridley Scott,5
Amanda,39,"sci-fi, crime",Gladiator,action,Ridley Scott,2
Amanda,39,"sci-fi, crime",Parasite,drama,Bong Joon-ho,2
Amanda,39,"sci-fi, crime",Mad Max: Fury Road,action,George Miller,4
Amanda,39,"sci-fi, crime",The Matrix,sci-fi,The Wachowskis,1
Amanda,39,"sci-fi, crime",Mad Max: Fury Road,action,George Miller,2
Teresa,60,"action, crime",Pulp Fiction,crime,Quentin Tarantino,1
Teresa,60,"action, crime",The Dark Knight,action,Christopher Nolan,2
Teresa,60,"action, crime",Get Out,horror,Jordan Peele,1
Teresa,60,"action, crime",Toy Story,animation,John Lasseter,2
Teresa,60,"action, crime",Parasite,drama,Bong Joon-ho,5
Philip,28,"animation, thriller",Se7en,thriller,David Fincher,2
Philip,28,"animation, thriller",Se7en,thriller,David Fincher,3
Philip,28,"animation, thriller",Parasite,drama,Bong Joon-ho,5
Philip,28,"animation, thriller",Alien,horror,Ridley Scott,1
Daniel,32,"drama, romance",John Wick,action,Chad Stahelski,5
Daniel,32,"drama, romance",Gladiator,action,Ridley Scott,5
Daniel,32,"drama, romance",The Matrix,sci-fi,The Wachowskis,1
Daniel,32,"drama, romance",Se7en,thriller,David Fincher,5
Daniel,32,"drama, romance",Parasite,drama,Bong Joon-ho,2
Zachary,34,"fantasy, romance",The Matrix,sci-fi,The Wachowskis,2
Zachary,34,"fantasy, romance",Shrek,animation,Andrew Adamson,5
Zachary,34,"fantasy, romance",Shrek,animation,Andrew Adamson,5
Zachary,34,"fantasy, romance",Titanic,romance,James Cameron,3
Zachary,34,"fantasy, romance",Pulp Fiction,crime,Quentin Tarantino,2
Zachary,34,"fantasy, romance",The Dark Knight,action,Christopher Nolan,5
Joshua,44,"animation, romance",Alien,horror,Ridley Scott,4
Joshua,44,"animation, romance",Superbad,comedy,Greg Mottola,4
Joshua,44,"animation, romance",Pulp Fiction,crime,Quentin Tarantino,1
Joshua,44,"animation, romance",Pulp Fiction,crime,Quentin Tarantino,3
Joshua,44,"animation, romance",Joker,crime,Todd Phillips,2
Katrina,33,"crime, animation",Mad Max: Fury Road,action,George Miller,1
Katrina,33,"crime, animation",Get Out,horror,Jordan Peele,2
Katrina,33,"crime, animation",Shrek,animation,Andrew Adamson,2
Katrina,33,"crime, animation",Alien,horror,Ridley Scott,3
Katrina,33,"crime, animation",Interstellar,sci-fi,Christopher Nolan,5
Katrina,33,"crime, animation",Mad Max: Fury Road,action,George Miller,2
Katrina,33,"crime, animation",Gladiator,action,Ridley Scott,3
Sheri,47,"drama, thriller",The Notebook,romance,Nick Cassavetes,3
Sheri,47,"drama, thriller",Parasite,drama,Bong Joon-ho,1
Sheri,47,"drama, thriller",Pulp Fiction,crime,Quentin Tarantino,1
Sheri,47,"drama, thriller",Parasite,drama,Bong Joon-ho,1
Sheri,47,"drama, thriller",Titanic,romance,James Cameron,4
Sheri,47,"drama, thriller",Superbad,comedy,Greg Mottola,1
Thomas,20,"sci-fi, comedy",Superbad,comedy,Greg Mottola,3
Thomas,20,"sci-fi, comedy",Joker,crime,Todd Phillips,5
Thomas,20,"sci-fi, comedy",John Wick,action,Chad Stahelski,2
Thomas,20,"sci-fi, comedy",Gladiator,action,Ridley Scott,5
Thomas,20,"sci-fi, comedy",Forrest Gump,drama,Robert Zemeckis,4
Shelia,25,"comedy, thriller",Pulp Fiction,crime,Quentin Tarantino,5
Shelia,25,"comedy, thriller",Titanic,romance,James Cameron,4
Shelia,25,"comedy, thriller",Finding Nemo,animation,Andrew Stanton,4
Shelia,25,"comedy, thriller",Joker,crime,Todd Phillips,4
Shelia,25,"comedy, thriller",Mad Max: Fury Road,action,George Miller,1
Shelia,25,"comedy, thriller",Titanic,romance,James Cameron,4
Cathy,49,"sci-fi, drama",Get Out,horror,Jordan Peele,4
Cathy,49,"sci-fi, drama",Interstellar,sci-fi,Christopher Nolan,1
Cathy,49,"sci-fi, drama",The Matrix,sci-fi,The Wachowskis,2
Cathy,49,"sci-fi, drama",Shrek,animation,Andrew Adamson,3
Cathy,49,"sci-fi, drama",Shrek,animation,Andrew Adamson,1
Cathy,49,"sci-fi, drama",Inception,sci-fi,Christopher Nolan,4
Cathy,49,"sci-fi, drama",Titanic,romance,James Cameron,3
Cathy,49,"sci-fi, drama",Alien,horror,Ridley Scott,2
Kevin,59,"romance, sci-fi",Parasite,drama,Bong Joon-ho,2
Kevin,59,"romance, sci-fi",The Matrix,sci-fi,The Wachowskis,2
Kevin,59,"romance, sci-fi",Shrek,animation,Andrew Adamson,3
Kevin,59,"romance, sci-fi",Parasite,drama,Bong Joon-ho,1
Kevin,59,"romance, sci-fi",Gladiator,action,Ridley Scott,3
Kevin,59,"romance, sci-fi",Joker,crime,Todd Phillips,4
Kevin,59,"romance, sci-fi",Shrek,animation,Andrew Adamson,4
Dawn,29,"horror, crime",The Notebook,romance,Nick Cassavetes,3
Dawn,29,"horror, crime",Parasite,drama,Bong Joon-ho,1
Dawn,29,"horror, crime",John Wick,action,Chad Stahelski,3
Dawn,29,"horror, crime",Mad Max: Fury Road,action,George Miller,3
Dawn,29,"horror, crime",Titanic,romance,James Cameron,4
Dawn,29,"horror, crime",Gladiator,action,Ridley Scott,5
Andrew,60,"fantasy, comedy",Forrest Gump,drama,Robert Zemeckis,2
Andrew,60,"fantasy, comedy",Inception,sci-fi,Christopher Nolan,1
Andrew,60,"fantasy, comedy",Joker,crime,Todd Phillips,4
Andrew,60,"fantasy, comedy",Parasite,drama,Bong Joon-ho,5
Andrew,60,"fantasy, comedy",Parasite,drama,Bong Joon-ho,3
Andrew,60,"fantasy, comedy",Mad Max: Fury Road,action,George Miller,2
Andrew,60,"fantasy, comedy",Titanic,romance,James Cameron,1
John,59,"romance, thriller",Forrest Gump,drama,Robert Zemeckis,4
John,59,"romance, thriller",The Matrix,sci-fi,The Wachowskis,4
John,59,"romance, thriller",The Notebook,romance,Nick Cassavetes,5
John,59,"romance, thriller",Joker,crime,Todd Phillips,1
John,59,"romance, thriller",Titanic,romance,James Cameron,3
John,59,"romance, thriller",Get Out,horror,Jordan Peele,1
John,59,"romance, thriller",Mad Max: Fury Road,action,George Miller,3
John,59,"romance, thriller",Get Out,horror,Jordan Peele,4
Trevor,45,"action, fantasy",Parasite,drama,Bong Joon-ho,1
Trevor,45,"action, fantasy",The Matrix,sci-fi,The Wachowskis,5
Trevor,45,"action, fantasy",Get Out,horror,Jordan Peele,2
Trevor,45,"action, fantasy",Forrest Gump,drama,Robert Zemeckis,2
Trevor,45,"action, fantasy",Parasite,drama,Bong Joon-ho,2
Trevor,45,"action, fantasy",Get Out,horror,Jordan Peele,1
Candace,59,"drama, comedy",Finding Nemo,animation,Andrew Stanton,3
Candace,59,"drama, comedy",Finding Nemo,animation,Andrew Stanton,3
Candace,59,"drama, comedy",Mad Max: Fury Road,action,George Miller,2
Candace,59,"drama, comedy",Get Out,horror,Jordan Peele,2
Candace,59,"drama, comedy",Parasite,drama,Bong Joon-ho,4
Candace,59,"drama, comedy",Interstellar,sci-fi,Christopher Nolan,3
Matthew,43,"crime, animation",Gladiator,action,Ridley Scott,5
Matthew,43,"crime, animation",Interstellar,sci-fi,Christopher Nolan,4
Matthew,43,"crime, animation",Parasite,drama,Bong Joon-ho,5
Brandon,32,"action, thriller",Gladiator,action,Ridley Scott,4
Brandon,32,"action, thriller",The Dark Knight,action,Christopher Nolan,1
Brandon,32,"action, thriller",Mad Max: Fury Road,action,George Miller,1
Brandon,32,"action, thriller",Interstellar,sci-fi,Christopher Nolan,3
Brandon,32,"action, thriller",John Wick,action,Chad Stahelski,4
Brandon,32,"action, thriller",John Wick,action,Chad Stahelski,2
Brandon,32,"action, thriller",Get Out,horror,Jordan Peele,1
David,20,"drama, crime",Superbad,comedy,Greg Mottola,2
David,20,"drama, crime",The Dark Knight,action,Christopher Nolan,3
David,20,"drama, crime",Shrek,animation,Andrew Adamson,5
Kathryn,42,"thriller, horror",Get Out,horror,Jordan Peele,3
Kathryn,42,"thriller, horror",Toy Story,animation,John Lasseter,1
Kathryn,42,"thriller, horror",Joker,crime,Todd Phillips,5
Kathryn,42,"thriller, horror",Inception,sci-fi,Christopher Nolan,1
Kathryn,42,"thriller, horror",Parasite,drama,Bong Joon-ho,1
Marisa,53,"thriller, fantasy",Inception,sci-fi,Christopher Nolan,5
Marisa,53,"thriller, fantasy",Pulp Fiction,crime,Quentin Tarantino,5
Marisa,53,"thriller, fantasy",Pulp Fiction,crime,Quentin Tarantino,4
Marisa,53,"thriller, fantasy",Inception,sci-fi,Christopher Nolan,4
Marisa,53,"thriller, fantasy",Inception,sci-fi,Christopher Nolan,5
Marisa,53,"thriller, fantasy",Toy Story,animation,John Lasseter,1
Marisa,53,"thriller, fantasy",Mad Max: Fury Road,action,George Miller,1
Mary,63,"thriller, drama",Superbad,comedy,Greg Mottola,2
Mary,63,"thriller, drama",Joker,crime,Todd Phillips,2
Mary,63,"thriller, drama",Pulp Fiction,crime,Quentin Tarantino,3
Mary,63,"thriller, drama",Interstellar,sci-fi,Christopher Nolan,5
Mary,63,"thriller, drama",Inception,sci-fi,Christopher Nolan,3
Mary,63,"thriller, drama",Mad Max: Fury Road,action,George Miller,5
Mary,63,"thriller, drama",Toy Story,animation,John Lasseter,2
Mary,63,"thriller, drama",Titanic,romance,James Cameron,2
William,49,"crime, drama",Toy Story,animation,John Lasseter,4
William,49,"crime, drama",Titanic,romance,James Cameron,4
William,49,"crime, drama",Shrek,animation,Andrew Adamson,5
William,49,"crime, drama",Toy Story,animation,John Lasseter,3
William,49,"crime, drama",The Matrix,sci-fi,The Wachowskis,3
William,49,"crime, drama",The Matrix,sci-fi,The Wachowskis,3
William,49,"crime, drama",Alien,horror,Ridley Scott,3
William,49,"crime, drama",Inception,sci-fi,Christopher Nolan,1
Jeremy,55,"thriller, drama",Titanic,romance,James Cameron,1
Jeremy,55,"thriller, drama",Se7en,thriller,David Fincher,1
Jeremy,55,"thriller, drama",Titanic,romance,James Cameron,3
Jeremy,55,"thriller, drama",Joker,crime,Todd Phillips,5
Sean,27,"romance, thriller",The Notebook,romance,Nick Cassavetes,1
Sean,27,"romance, thriller",Parasite,drama,Bong Joon-ho,1
Sean,27,"romance, thriller",Joker,crime,Todd Phillips,2
Sean,27,"romance, thriller",Gladiator,action,Ridley Scott,1
Sean,27,"romance, thriller",The Dark Knight,action,Christopher Nolan,2
Sean,27,"romance, thriller",Superbad,comedy,Greg Mottola,5
Austin,20,"drama, horror",The Notebook,romance,Nick Cassavetes,5
Austin,20,"drama, horror",The Matrix,sci-fi,The Wachowskis,3
Austin,20,"drama, horror",Se7en,thriller,David Fincher,4
Holly,47,"horror, comedy",The Dark Knight,action,Christopher Nolan,3
Holly,47,"horror, comedy",Pulp Fiction,crime,Quentin Tarantino,2
Holly,47,"horror, comedy",Parasite,drama,Bong Joon-ho,5
Holly,47,"horror, comedy",Superbad,comedy,Greg Mottola,2
Emily,54,"animation, horror",Mad Max: Fury Road,action,George Miller,2
Emily,54,"animation, horror",Parasite,drama,Bong Joon-ho,5
Emily,54,"animation, horror",Inception,sci-fi,Christopher Nolan,1
Emily,54,"animation, horror",The Dark Knight,action,Christopher Nolan,2
David,62,"romance, fantasy",Alien,horror,Ridley Scott,2
David,62,"romance, fantasy",Get Out,horror,Jordan Peele,2
David,62,"romance, fantasy",John Wick,action,Chad Stahelski,5
David,62,"romance, fantasy",The Dark Knight,action,Christopher Nolan,2
David,62,"romance, fantasy",Inception,sci-fi,Christopher Nolan,4
David,62,"romance, fantasy",Interstellar,sci-fi,Christopher Nolan,4
David,62,"romance, fantasy",The Notebook,romance,Nick Cassavetes,2
Victor,53,"drama, thriller",The Dark Knight,action,Christopher Nolan,4
Victor,53,"drama, thriller",Titanic,romance,James Cameron,3
Victor,53,"drama, thriller",Toy Story,animation,John Lasseter,3
Victor,53,"drama, thriller",Pulp Fiction,crime,Quentin Tarantino,1
Victor,53,"drama, thriller",Get Out,horror,Jordan Peele,1
Victor,53,"drama, thriller",Interstellar,sci-fi,Christopher Nolan,5
Susan,22,"romance, thriller",Joker,crime,Todd Phillips,4
Susan,22,"romance, thriller",Alien,horror,Ridley Scott,1
Susan,22,"romance, thriller",The Dark Knight,action,Christopher Nolan,2
Richard,50,"animation, action",Parasite,drama,Bong Joon-ho,2
Richard,50,"animation, action",Pulp Fiction,crime,Quentin Tarantino,1
Richard,50,"animation, action",Titanic,romance,James Cameron,2
Richard,50,"animation, action",Mad Max: Fury Road,action,George Miller,3
Richard,50,"animation, action",Titanic,romance,James Cameron,3
Richard,50,"animation, action",Interstellar,sci-fi,Christopher Nolan,3
Richard,50,"animation, action",John Wick,action,Chad Stahelski,5
Judith,33,"animation, fantasy",Mad Max: Fury Road,action,George Miller,4
Judith,33,"animation, fantasy",Shrek,animation,Andrew Adamson,5
Judith,33,"animation, fantasy",Superbad,comedy,Greg Mottola,2
Judith,33,"animation, fantasy",Joker,crime,Todd Phillips,3
Judith,33,"animation, fantasy",The Dark Knight,action,Christopher Nolan,1
Judith,33,"animation, fantasy",Parasite,drama,Bong Joon-ho,4
Judith,33,"animation, fantasy",Mad Max: Fury Road,action,George Miller,1
Judith,33,"animation, fantasy",Joker,crime,Todd Phillips,2
Cody,40,"animation, romance",The Matrix,sci-fi,The Wachowskis,2
Cody,40,"animation, romance",Se7en,thriller,David Fincher,4
Cody,40,"animation, romance",Inception,sci-fi,Christopher Nolan,4
Julie,38,"sci-fi, action",The Matrix,sci-fi,The Wachowskis,1
Julie,38,"sci-fi, action",Alien,horror,Ridley Scott,2
Julie,38,"sci-fi, action",Joker,crime,Todd Phillips,2
Julie,38,"sci-fi, action",Forrest Gump,drama,Robert Zemeckis,2
Julie,38,"sci-fi, action",The Matrix,sci-fi,The Wachowskis,2
Julie,38,"sci-fi, action",Joker,crime,Todd Phillips,1
Julie,38,"sci-fi, action",The Dark Knight,action,Christopher Nolan,2
Julie,38,"sci-fi, action",Inception,sci-fi,Christopher Nolan,1
Sabrina,19,"sci-fi, thriller",Superbad,comedy,Greg Mottola,5
Sabrina,19,"sci-fi, thriller",Interstellar,sci-fi,Christopher Nolan,1
Sabrina,19,"sci-fi, thriller",Forrest Gump,drama,Robert Zemeckis,3
Kayla,21,"fantasy, animation",Gladiator,action,Ridley Scott,2
Kayla,21,"fantasy, animation",Alien,horror,Ridley Scott,3
Kayla,21,"fantasy, animation",Shrek,animation,Andrew Adamson,5
Kayla,21,"fantasy, animation",The Notebook,romance,Nick Cassavetes,1
Kayla,21,"fantasy, animation",Titanic,romance,James Cameron,3
Kayla,21,"fantasy, animation",Inception,sci-fi,Christopher Nolan,3
Kayla,21,"fantasy, animation",The Notebook,romance,Nick Cassavetes,3
Dana,35,"thriller, action",Titanic,romance,James Cameron,2
Dana,35,"thriller, action",Mad Max: Fury Road,action,George Miller,2
Dana,35,"thriller, action",Alien,horror,Ridley Scott,2
Dana,35,"thriller, action",Interstellar,sci-fi,Christopher Nolan,2
Dana,35,"thriller, action",Shrek,animation,Andrew Adamson,3
Matthew,22,"romance, horror",Shrek,animation,Andrew Adamson,2
Matthew,22,"romance, horror",Superbad,comedy,Greg Mottola,2
Matthew,22,"romance, horror",Toy Story,animation,John Lasseter,3
Matthew,22,"romance, horror",Pulp Fiction,crime,Quentin Tarantino,3
Matthew,22,"romance, horror",The Matrix,sci-fi,The Wachowskis,2
Linda,23,"action, sci-fi",Gladiator,action,Ridley Scott,4
Linda,23,"action, sci-fi",Parasite,drama,Bong Joon-ho,2
Linda,23,"action, sci-fi",Toy Story,animation,John Lasseter,4
Linda,23,"action, sci-fi",Inception,sci-fi,Christopher Nolan,1
Linda,23,"action, sci-fi",Forrest Gump,drama,Robert Zemeckis,1
Linda,23,"action, sci-fi",Parasite,drama,Bong Joon-ho,1
Linda,23,"action, sci-fi",Superbad,comedy,Greg Mottola,3
Linda,23,"action, sci-fi",Get Out,horror,Jordan Peele,3
Hayley,46,"comedy, crime",Joker,crime,Todd Phillips,3
Hayley,46,"comedy, crime",John Wick,action,Chad Stahelski,1
Hayley,46,"comedy, crime",Get Out,horror,Jordan Peele,1
Hayley,46,"comedy, crime",Parasite,drama,Bong Joon-ho,2
Hayley,46,"comedy, crime",Superbad,comedy,Greg Mottola,1
Mary,64,"crime, thriller",Titanic,romance,James Cameron,4
Mary,64,"crime, thriller",Parasite,drama,Bong Joon-ho,4
Mary,64,"crime, thriller",Shrek,animation,Andrew Adamson,2
Mary,64,"crime, thriller",The Notebook,romance,Nick Cassavetes,1
Mary,64,"crime, thriller",Titanic,romance,James Cameron,4
Mary,64,"crime, thriller",The Matrix,sci-fi,The Wachowskis,1
Mary,64,"crime, thriller",Inception,sci-fi,Christopher Nolan,1
Mary,64,"crime, thriller",Shrek,animation,Andrew Adamson,3
Jerome,51,"drama, romance",The Notebook,romance,Nick Cassavetes,5
Jerome,51,"drama, romance",Titanic,romance,James Cameron,5
Jerome,51,"drama, romance",Gladiator,action,Ridley Scott,5
Jerome,51,"drama, romance",Toy Story,animation,John Lasseter,1
Jerome,51,"drama, romance",Parasite,drama,Bong Joon-ho,4
Jerome,51,"drama, romance",Forrest Gump,drama,Robert Zemeckis,5
Jerome,51,"drama, romance",Titanic,romance,James Cameron,4
Jerome,51,"drama, romance",Titanic,romance,James Cameron,4
Scott,55,"comedy, fantasy",Inception,sci-fi,Christopher Nolan,1
Scott,55,"comedy, fantasy",Titanic,romance,James Cameron,1
Scott,55,"comedy, fantasy",Gladiator,action,Ridley Scott,5
Joseph,23,"horror, action",Se7en,thriller,David Fincher,2
Joseph,23,"horror, action",John Wick,action,Chad Stahelski,5
Joseph,23,"horror, action",Shrek,animation,Andrew Adamson,4
Candice,65,"action, comedy",Forrest Gump,drama,Robert Zemeckis,3
Candice,65,"action, comedy",John Wick,action,Chad Stahelski,5
Candice,65,"action, comedy",Finding Nemo,animation,Andrew Stanton,2
Candice,65,"action, comedy",Toy Story,animation,John Lasseter,5
Cynthia,64,"sci-fi, comedy",Superbad,comedy,Greg Mottola,5
Cynthia,64,"sci-fi, comedy",Shrek,animation,Andrew Adamson,3
Cynthia,64,"sci-fi, comedy",Interstellar,sci-fi,Christopher Nolan,3
Cynthia,64,"sci-fi, comedy",Get Out,horror,Jordan Peele,1
Cynthia,64,"sci-fi, comedy",Inception,sci-fi,Christopher Nolan,5
Cynthia,64,"sci-fi, comedy",Toy Story,animation,John Lasseter,3
Cynthia,64,"sci-fi, comedy",Get Out,horror,Jordan Peele,3
Cynthia,64,"sci-fi, comedy",Se7en,thriller,David Fincher,5
Shawn,24,"thriller, action",Titanic,romance,James Cameron,3
Shawn,24,"thriller, action",Parasite,drama,Bong Joon-ho,3
Shawn,24,"thriller, action",Superbad,comedy,Greg Mottola,5
Shawn,24,"thriller, action",Inception,sci-fi,Christopher Nolan,5
Shawn,24,"thriller, action",Mad Max: Fury Road,action,George Miller,5
Shawn,24,"thriller, action",The Notebook,romance,Nick Cassavetes,3
Shawn,24,"thriller, action",Toy Story,animation,John Lasseter,2
Shawn,24,"thriller, action",Superbad,comedy,Greg Mottola,5
Rachel,21,"crime, drama",John Wick,action,Chad Stahelski,4
Rachel,21,"crime, drama",Forrest Gump,drama,Robert Zemeckis,4
Rachel,21,"crime, drama",Superbad,comedy,Greg Mottola,4
Rachel,21,"crime, drama",Get Out,horror,Jordan Peele,3
Timothy,61,"action, crime",Shrek,animation,Andrew Adamson,3
Timothy,61,"action, crime",The Notebook,romance,Nick Cassavetes,2
Timothy,61,"action, crime",Shrek,animation,Andrew Adamson,1
Andrea,51,"action, sci-fi",The Matrix,sci-fi,The Wachowskis,5
Andrea,51,"action, sci-fi",The Dark Knight,action,Christopher Nolan,2
Andrea,51,"action, sci-fi",Superbad,comedy,Greg Mottola,4
Andrea,51,"action, sci-fi",Joker,crime,Todd Phillips,1
Andrea,51,"action, sci-fi",Shrek,animation,Andrew Adamson,3
Andrea,51,"action, sci-fi",Shrek,animation,Andrew Adamson,2
Sarah,38,"romance, thriller",Finding Nemo,animation,Andrew Stanton,1
Sarah,38,"romance, thriller",The Notebook,romance,Nick Cassavetes,2
Sarah,38,"romance, thriller",Titanic,romance,James Cameron,1
Sarah,38,"romance, thriller",The Notebook,romance,Nick Cassavetes,3
Sarah,38,"romance, thriller",Parasite,drama,Bong Joon-ho,1
Sarah,38,"romance, thriller",Shrek,animation,Andrew Adamson,5
Sarah,38,"romance, thriller",Pulp Fiction,crime,Quentin Tarantino,5
Laura,63,"crime, sci-fi",The Dark Knight,action,Christopher Nolan,5
Laura,63,"crime, sci-fi",Pulp Fiction,crime,Quentin Tarantino,1
Laura,63,"crime, sci-fi",The Matrix,sci-fi,The Wachowskis,1
Sarah,64,"thriller, fantasy",Toy Story,animation,John Lasseter,5
Sarah,64,"thriller, fantasy",Interstellar,sci-fi,Christopher Nolan,2
Sarah,64,"thriller, fantasy",John Wick,action,Chad Stahelski,4
Sarah,64,"thriller, fantasy",Se7en,thriller,David Fincher,2
Sarah,64,"thriller, fantasy",Toy Story,animation,John Lasseter,4
Sarah,64,"thriller, fantasy",Alien,horror,Ridley Scott,4
Sarah,64,"thriller, fantasy",Shrek,animation,Andrew Adamson,3
Katie,50,"fantasy, romance",Joker,crime,Todd Phillips,2
Katie,50,"fantasy, romance",Toy Story,animation,John Lasseter,4
Katie,50,"fantasy, romance",The Notebook,romance,Nick Cassavetes,3
William,18,"animation, romance",Mad Max: Fury Road,action,George Miller,5
William,18,"animation, romance",Parasite,drama,Bong Joon-ho,4
William,18,"animation, romance",Get Out,horror,Jordan Peele,5
William,18,"animation, romance",The Dark Knight,action,Christopher Nolan,1
William,18,"animation, romance",The Dark Knight,action,Christopher Nolan,3
William,18,"animation, romance",Forrest Gump,drama,Robert Zemeckis,1
William,18,"animation, romance",Gladiator,action,Ridley Scott,5
Matthew,63,"fantasy, sci-fi",Parasite,drama,Bong Joon-ho,1
Matthew,63,"fantasy, sci-fi",Forrest Gump,drama,Robert Zemeckis,2
Matthew,63,"fantasy, sci-fi",Shrek,animation,Andrew Adamson,2
Matthew,63,"fantasy, sci-fi",Mad Max: Fury Road,action,George Miller,4
Matthew,63,"fantasy, sci-fi",Finding Nemo,animation,Andrew Stanton,1
Matthew,63,"fantasy, sci-fi",Forrest Gump,drama,Robert Zemeckis,5
Matthew,63,"fantasy, sci-fi",The Dark Knight,action,Christopher Nolan,1
Anna,43,"crime, fantasy",Parasite,drama,Bong Joon-ho,1
Anna,43,"crime, fantasy",Toy Story,animation,John Lasseter,1
Anna,43,"crime, fantasy",The Notebook,romance,Nick Cassavetes,5
Kaitlyn,46,"drama, comedy",Titanic,romance,James Cameron,3
Kaitlyn,46,"drama, comedy",Alien,horror,Ridley Scott,3
Kaitlyn,46,"drama, comedy",The Notebook,romance,Nick Cassavetes,5
Kaitlyn,46,"drama, comedy",Alien,horror,Ridley Scott,3
Carrie,43,"thriller, drama",Forrest Gump,drama,Robert Zemeckis,1
Carrie,43,"thriller, drama",Shrek,animation,Andrew Adamson,2
Carrie,43,"thriller, drama",Shrek,animation,Andrew Adamson,3
Carrie,43,"thriller, drama",Gladiator,action,Ridley Scott,3
Carrie,43,"thriller, drama",Se7en,thriller,David Fincher,2
Carrie,43,"thriller, drama",Titanic,romance,James Cameron,5
Carrie,43,"thriller, drama",Interstellar,sci-fi,Christopher Nolan,5
Stephanie,43,"crime, romance",Shrek,animation,Andrew Adamson,3
Stephanie,43,"crime, romance",The Dark Knight,action,Christopher Nolan,5
Stephanie,43,"crime, romance",Get Out,horror,Jordan Peele,5
Stephanie,43,"crime, romance",Forrest Gump,drama,Robert Zemeckis,1
Stephanie,43,"crime, romance",John Wick,action,Chad Stahelski,4
Stephanie,43,"crime, romance",Superbad,comedy,Greg Mottola,3
Stephanie,43,"crime, romance",Joker,crime,Todd Phillips,4
Stephanie,43,"crime, romance",Superbad,comedy,Greg Mottola,3
Matthew,28,"fantasy, romance",Gladiator,action,Ridley Scott,4
Matthew,28,"fantasy, romance",Toy Story,animation,John Lasseter,3
Matthew,28,"fantasy, romance",Parasite,drama,Bong Joon-ho,2
Ashley,61,"action, comedy",Get Out,horror,Jordan Peele,5
Ashley,61,"action, comedy",Gladiator,action,Ridley Scott,4
Ashley,61,"action, comedy",Pulp Fiction,crime,Quentin Tarantino,5
Ashley,61,"action, comedy",John Wick,action,Chad Stahelski,1
Ashley,61,"action, comedy",Pulp Fiction,crime,Quentin Tarantino,2
Ashley,61,"action, comedy",Get Out,horror,Jordan Peele,2
Ashley,61,"action, comedy",Shrek,animation,Andrew Adamson,3
Ashley,61,"action, comedy",Superbad,comedy,Greg Mottola,1
Christopher,65,"action, romance",Finding Nemo,animation,Andrew Stanton,3
Christopher,65,"action, romance",Forrest Gump,drama,Robert Zemeckis,2
Christopher,65,"action, romance",Finding Nemo,animation,Andrew Stanton,4
Christopher,65,"action, romance",Inception,sci-fi,Christopher Nolan,1
Christopher,65,"action, romance",Se7en,thriller,David Fincher,4
Christopher,65,"action, romance",Finding Nemo,animation,Andrew Stanton,3
Jessica,23,"sci-fi, fantasy",Titanic,romance,James Cameron,5
Jessica,23,"sci-fi, fantasy",Parasite,drama,Bong Joon-ho,2
Jessica,23,"sci-fi, fantasy",Se7en,thriller,David Fincher,1
Jessica,23,"sci-fi, fantasy",Joker,crime,Todd Phillips,5
Jessica,23,"sci-fi, fantasy",Forrest Gump,drama,Robert Zemeckis,4
Kristin,41,"comedy, romance",Finding Nemo,animation,Andrew Stanton,1
Kristin,41,"comedy, romance",Parasite,drama,Bong Joon-ho,1
Kristin,41,"comedy, romance",John Wick,action,Chad Stahelski,5
Kristin,41,"comedy, romance",Alien,horror,Ridley Scott,5
Kristin,41,"comedy, romance",The Matrix,sci-fi,The Wachowskis,2
Kristin,41,"comedy, romance",Gladiator,action,Ridley Scott,2
Kristin,41,"comedy, romance",Mad Max: Fury Road,action,George Miller,3
Morgan,47,"drama, romance",Toy Story,animation,John Lasseter,1
Morgan,47,"drama, romance",Superbad,comedy,Greg Mottola,1
Morgan,47,"drama, romance",Mad Max: Fury Road,action,George Miller,3
Morgan,47,"drama, romance",Forrest Gump,drama,Robert Zemeckis,3
Morgan,47,"drama, romance",John Wick,action,Chad Stahelski,1
Michael,46,"romance, comedy",Joker,crime,Todd Phillips,1
Michael,46,"romance, comedy",Get Out,horror,Jordan Peele,2
Michael,46,"romance, comedy",Superbad,comedy,Greg Mottola,3
Michael,46,"romance, comedy",Get Out,horror,Jordan Peele,2
Michael,46,"romance, comedy",The Dark Knight,action,Christopher Nolan,5
Olivia,22,"comedy, animation",Joker,crime,Todd Phillips,4
Olivia,22,"comedy, animation",Joker,crime,Todd Phillips,5
Olivia,22,"comedy, animation",The Matrix,sci-fi,The Wachowskis,5
Olivia,22,"comedy, animation",Gladiator,action,Ridley Scott,2
Philip,45,"horror, crime",The Matrix,sci-fi,The Wachowskis,4
Philip,45,"horror, crime",Get Out,horror,Jordan Peele,3
Philip,45,"horror, crime",Pulp Fiction,crime,Quentin Tarantino,4
Philip,45,"horror, crime",Mad Max: Fury Road,action,George Miller,2
Robert,37,"comedy, fantasy",Gladiator,action,Ridley Scott,4
Robert,37,"comedy, fantasy",Forrest Gump,drama,Robert Zemeckis,5
Robert,37,"comedy, fantasy",Inception,sci-fi,Christopher Nolan,3
Robert,37,"comedy, fantasy",Toy Story,animation,John Lasseter,4
Robert,37,"comedy, fantasy",Forrest Gump,drama,Robert Zemeckis,3
Robert,37,"comedy, fantasy",Joker,crime,Todd Phillips,3
Jonathan,34,"fantasy, crime",Pulp Fiction,crime,Quentin Tarantino,3
Jonathan,34,"fantasy, crime",Alien,horror,Ridley Scott,2
Jonathan,34,"fantasy, crime",Mad Max: Fury Road,action,George Miller,5
Jonathan,34,"fantasy, crime",Get Out,horror,Jordan Peele,3
Susan,36,"animation, fantasy",John Wick,action,Chad Stahelski,2
Susan,36,"animation, fantasy",Interstellar,sci-fi,Christopher Nolan,3
Susan,36,"animation, fantasy",Gladiator,action,Ridley Scott,1
Susan,36,"animation, fantasy",Inception,sci-fi,Christopher Nolan,1
Alicia,55,"crime, horror",The Dark Knight,action,Christopher Nolan,5
Alicia,55,"crime, horror",Alien,horror,Ridley Scott,3
Alicia,55,"crime, horror",Shrek,animation,Andrew Adamson,1
Alicia,55,"crime, horror",Toy Story,animation,John Lasseter,5
Alicia,55,"crime, horror",Gladiator,action,Ridley Scott,2
Joyce,45,"romance, thriller",Toy Story,animation,John Lasseter,2
Joyce,45,"romance, thriller",Get Out,horror,Jordan Peele,2
Joyce,45,"romance, thriller",Titanic,romance,James Cameron,1
Tiffany,51,"animation, fantasy",Gladiator,action,Ridley Scott,4
Tiffany,51,"animation, fantasy",Joker,crime,Todd Phillips,5
Tiffany,51,"animation, fantasy",Titanic,romance,James Cameron,5
Tiffany,51,"animation, fantasy",The Notebook,romance,Nick Cassavetes,5
Tiffany,51,"animation, fantasy",Get Out,horror,Jordan Peele,4
Michelle,41,"thriller, animation",The Matrix,sci-fi,The Wachowskis,3
Michelle,41,"thriller, animation",Pulp Fiction,crime,Quentin Tarantino,3
Michelle,41,"thriller, animation",The Matrix,sci-fi,The Wachowskis,5
Michelle,41,"thriller, animation",Joker,crime,Todd Phillips,1
Timothy,63,"horror, romance",Mad Max: Fury Road,action,George Miller,1
Timothy,63,"horror, romance",The Matrix,sci-fi,The Wachowskis,4
Timothy,63,"horror, romance",John Wick,action,Chad Stahelski,5
Timothy,63,"horror, romance",Joker,crime,Todd Phillips,3
Timothy,63,"horror, romance",Interstellar,sci-fi,Christopher Nolan,4
Timothy,63,"horror, romance",The Dark Knight,action,Christopher Nolan,3
Timothy,63,"horror, romance",John Wick,action,Chad Stahelski,2
Timothy,63,"horror, romance",Interstellar,sci-fi,Christopher Nolan,5
David,24,"thriller, sci-fi",Alien,horror,Ridley Scott,3
David,24,"thriller, sci-fi",Parasite,drama,Bong Joon-ho,3
David,24,"thriller, sci-fi",The Dark Knight,action,Christopher Nolan,4
David,24,"thriller, sci-fi",Parasite,drama,Bong Joon-ho,3
David,24,"thriller, sci-fi",Toy Story,animation,John Lasseter,3
David,24,"thriller, sci-fi",Finding Nemo,animation,Andrew Stanton,5
David,24,"thriller, sci-fi",Toy Story,animation,John Lasseter,1
Thomas,40,"action, fantasy",John Wick,action,Chad Stahelski,1
Thomas,40,"action, fantasy",Alien,horror,Ridley Scott,1
Thomas,40,"action, fantasy",Titanic,romance,James Cameron,2
Thomas,40,"action, fantasy",Joker,crime,Todd Phillips,5
Thomas,40,"action, fantasy",Finding Nemo,animation,Andrew Stanton,2
Thomas,40,"action, fantasy",Se7en,thriller,David Fincher,5
Thomas,40,"action, fantasy",Titanic,romance,James Cameron,1
Tim,56,"sci-fi, comedy",Se7en,thriller,David Fincher,1
Tim,56,"sci-fi, comedy",John Wick,action,Chad Stahelski,3
Tim,56,"sci-fi, comedy",Forrest Gump,drama,Robert Zemeckis,2
Kristin,49,"sci-fi, drama",The Dark Knight,action,Christopher Nolan,3
Kristin,49,"sci-fi, drama",Superbad,comedy,Greg Mottola,1
Kristin,49,"sci-fi, drama",Se7en,thriller,David Fincher,5
Kristin,49,"sci-fi, drama",The Matrix,sci-fi,The Wachowskis,1
Kristin,49,"sci-fi, drama",Interstellar,sci-fi,Christopher Nolan,2
Kristin,49,"sci-fi, drama",The Matrix,sci-fi,The Wachowskis,3
Matthew,21,"drama, animation",Parasite,drama,Bong Joon-ho,3
Matthew,21,"drama, animation",Get Out,horror,Jordan Peele,2
Matthew,21,"drama, animation",The Dark Knight,action,Christopher Nolan,4
Alexis,22,"fantasy, action",The Notebook,romance,Nick Cassavetes,1
Alexis,22,"fantasy, action",Parasite,drama,Bong Joon-ho,4
Alexis,22,"fantasy, action",Forrest Gump,drama,Robert Zemeckis,4
Alexis,22,"fantasy, action",Mad Max: Fury Road,action,George Miller,2
Alexis,22,"fantasy, action",Gladiator,action,Ridley Scott,5
Alexis,22,"fantasy, action",Parasite,drama,Bong Joon-ho,5
Alexis,22,"fantasy, action",John Wick,action,Chad Stahelski,4
Alexandra,31,"comedy, fantasy",Forrest Gump,drama,Robert Zemeckis,5
Alexandra,31,"comedy, fantasy",Shrek,animation,Andrew Adamson,5
Alexandra,31,"comedy, fantasy",Interstellar,sci-fi,Christopher Nolan,2
Alexandra,31,"comedy, fantasy",Get Out,horror,Jordan Peele,2
Alexandra,31,"comedy, fantasy",Pulp Fiction,crime,Quentin Tarantino,3
Alexandra,31,"comedy, fantasy",John Wick,action,Chad Stahelski,5
Benjamin,54,"horror, thriller",Get Out,horror,Jordan Peele,4
Benjamin,54,"horror, thriller",Pulp Fiction,crime,Quentin Tarantino,3
Benjamin,54,"horror, thriller",Titanic,romance,James Cameron,4
Benjamin,54,"horror, thriller",Mad Max: Fury Road,action,George Miller,1
Benjamin,54,"horror, thriller",Superbad,comedy,Greg Mottola,2
Benjamin,54,"horror, thriller",Parasite,drama,Bong Joon-ho,1
Benjamin,54,"horror, thriller",The Notebook,romance,Nick Cassavetes,5
Joseph,63,"animation, action",Get Out,horror,Jordan Peele,2
Joseph,63,"animation, action",Alien,horror,Ridley Scott,3
Joseph,63,"animation, action",Shrek,animation,Andrew Adamson,2
Joseph,63,"animation, action",Shrek,animation,Andrew Adamson,2
Joseph,63,"animation, action",Toy Story,animation,John Lasseter,2
Joseph,63,"animation, action",Get Out,horror,Jordan Peele,4
Joseph,63,"animation, action",John Wick,action,Chad Stahelski,5
Joseph,63,"animation, action",Pulp Fiction,crime,Quentin Tarantino,4
Philip,23,"fantasy, romance",The Notebook,romance,Nick Cassavetes,5
Philip,23,"fantasy, romance",Pulp Fiction,crime,Quentin Tarantino,3
Philip,23,"fantasy, romance",Pulp Fiction,crime,Quentin Tarantino,4
Anthony,55,"crime, romance",Superbad,comedy,Greg Mottola,3
Anthony,55,"crime, romance",Se7en,thriller,David Fincher,5
Anthony,55,"crime, romance",Mad Max: Fury Road,action,George Miller,5
Anthony,55,"crime, romance",Pulp Fiction,crime,Quentin Tarantino,1
Jeffery,47,"action, romance",Alien,horror,Ridley Scott,5
Jeffery,47,"action, romance",Pulp Fiction,crime,Quentin Tarantino,5
Jeffery,47,"action, romance",Interstellar,sci-fi,Christopher Nolan,1
Jeffery,47,"action, romance",Titanic,romance,James Cameron,2
Jeffery,47,"action, romance",The Notebook,romance,Nick Cassavetes,3
Jeffery,47,"action, romance",Interstellar,sci-fi,Christopher Nolan,2
Glenda,57,"thriller, sci-fi",Joker,crime,Todd Phillips,2
Glenda,57,"thriller, sci-fi",Parasite,drama,Bong Joon-ho,2
Glenda,57,"thriller, sci-fi",John Wick,action,Chad Stahelski,2
Glenda,57,"thriller, sci-fi",The Notebook,romance,Nick Cassavetes,3
Glenda,57,"thriller, sci-fi",Mad Max: Fury Road,action,George Miller,4
Dylan,32,"fantasy, crime",Get Out,horror,Jordan Peele,2
Dylan,32,"fantasy, crime",The Notebook,romance,Nick Cassavetes,2
Dylan,32,"fantasy, crime",Get Out,horror,Jordan Peele,2
Alicia,37,"crime, action",The Matrix,sci-fi,The Wachowskis,1
Alicia,37,"crime, action",Shrek,animation,Andrew Adamson,2
Alicia,37,"crime, action",Pulp Fiction,crime,Quentin Tarantino,3
Alicia,37,"crime, action",The Dark Knight,action,Christopher Nolan,5
Alicia,37,"crime, action",Pulp Fiction,crime,Quentin Tarantino,2
Benjamin,23,"drama, fantasy",The Notebook,romance,Nick Cassavetes,3
Benjamin,23,"drama, fantasy",Interstellar,sci-fi,Christopher Nolan,1
Benjamin,23,"drama, fantasy",Titanic,romance,James Cameron,1
Benjamin,23,"drama, fantasy",Se7en,thriller,David Fincher,2
Michael,46,"animation, action",The Notebook,romance,Nick Cassavetes,2
Michael,46,"animation, action",The Notebook,romance,Nick Cassavetes,5
Michael,46,"animation, action",Shrek,animation,Andrew Adamson,1
Michael,46,"animation, action",The Matrix,sci-fi,The Wachowskis,1
Michael,46,"animation, action",The Dark Knight,action,Christopher Nolan,3
Kendra,34,"sci-fi, fantasy",The Dark Knight,action,Christopher Nolan,1
Kendra,34,"sci-fi, fantasy",The Dark Knight,action,Christopher Nolan,3
Kendra,34,"sci-fi, fantasy",Toy Story,animation,John Lasseter,2
Kendra,34,"sci-fi, fantasy",Alien,horror,Ridley Scott,4
Kendra,34,"sci-fi, fantasy",Titanic,romance,James Cameron,1
Kendra,34,"sci-fi, fantasy",Inception,sci-fi,Christopher Nolan,4
Kendra,34,"sci-fi, fantasy",Parasite,drama,Bong Joon-ho,3
Cindy,55,"horror, romance",Gladiator,action,Ridley Scott,4
Cindy,55,"horror, romance",Inception,sci-fi,Christopher Nolan,5
Cindy,55,"horror, romance",Se7en,thriller,David Fincher,4
Cindy,55,"horror, romance",Gladiator,action,Ridley Scott,4
Cindy,55,"horror, romance",Se7en,thriller,David Fincher,5
Cindy,55,"horror, romance",The Matrix,sci-fi,The Wachowskis,3
Cindy,55,"horror, romance",Finding Nemo,animation,Andrew Stanton,2
Cindy,55,"horror, romance",Se7en,thriller,David Fincher,3
Shannon,51,"action, romance",John Wick,action,Chad Stahelski,2
Shannon,51,"action, romance",Toy Story,animation,John Lasseter,2
Shannon,51,"action, romance",Shrek,animation,Andrew Adamson,5
Shannon,51,"action, romance",Gladiator,action,Ridley Scott,1
Shannon,51,"action, romance",Superbad,comedy,Greg Mottola,4
Alyssa,40,"sci-fi, thriller",The Notebook,romance,Nick Cassavetes,3
Alyssa,40,"sci-fi, thriller",Superbad,comedy,Greg Mottola,5
Alyssa,40,"sci-fi, thriller",The Notebook,romance,Nick Cassavetes,1
Alyssa,40,"sci-fi, thriller",The Notebook,romance,Nick Cassavetes,2
Alyssa,40,"sci-fi, thriller",Parasite,drama,Bong Joon-ho,4
Paul,36,"romance, horror",Shrek,animation,Andrew Adamson,1
Paul,36,"romance, horror",Finding Nemo,animation,Andrew Stanton,5
Paul,36,"romance, horror",Interstellar,sci-fi,Christopher Nolan,4
Paul,36,"romance, horror",Inception,sci-fi,Christopher Nolan,1
Paul,36,"romance, horror",Se7en,thriller,David Fincher,3
Paul,36,"romance, horror",John Wick,action,Chad Stahelski,3
Christian,19,"romance, crime",Forrest Gump,drama,Robert Zemeckis,3
Christian,19,"romance, crime",Mad Max: Fury Road,action,George Miller,1
Christian,19,"romance, crime",Se7en,thriller,David Fincher,1
Christian,19,"romance, crime",Titanic,romance,James Cameron,3
Christian,19,"romance, crime",Mad Max: Fury Road,action,George Miller,5
Christian,19,"romance, crime",Joker,crime,Todd Phillips,1
Christian,19,"romance, crime",Pulp Fiction,crime,Quentin Tarantino,5
Audrey,35,"fantasy, horror",Se7en,thriller,David Fincher,2
Audrey,35,"fantasy, horror",Shrek,animation,Andrew Adamson,2
Audrey,35,"fantasy, horror",Gladiator,action,Ridley Scott,5
Audrey,35,"fantasy, horror",Finding Nemo,animation,Andrew Stanton,2
Audrey,35,"fantasy, horror",The Dark Knight,action,Christopher Nolan,2
Audrey,35,"fantasy, horror",The Dark Knight,action,Christopher Nolan,1
Audrey,35,"fantasy, horror",The Dark Knight,action,Christopher Nolan,5
Audrey,35,"fantasy, horror",Inception,sci-fi,Christopher Nolan,4
Jeremy,47,"horror, romance",Finding Nemo,animation,Andrew Stanton,3
Jeremy,47,"horror, romance",Shrek,animation,Andrew Adamson,2
Jeremy,47,"horror, romance",Titanic,romance,James Cameron,4
Jeremy,47,"horror, romance",Superbad,comedy,Greg Mottola,5
Jeremy,47,"horror, romance",Toy Story,animation,John Lasseter,5
Melanie,58,"action, horror",Forrest Gump,drama,Robert Zemeckis,1
Melanie,58,"action, horror",Interstellar,sci-fi,Christopher Nolan,1
Melanie,58,"action, horror",The Dark Knight,action,Christopher Nolan,3
Melanie,58,"action, horror",Shrek,animation,Andrew Adamson,4
Stephanie,45,"sci-fi, crime",Joker,crime,Todd Phillips,5
Stephanie,45,"sci-fi, crime",Joker,crime,Todd Phillips,5
Stephanie,45,"sci-fi, crime",Joker,crime,Todd Phillips,4
Stephanie,45,"sci-fi, crime",Superbad,comedy,Greg Mottola,4
Stephanie,45,"sci-fi, crime",The Matrix,sci-fi,The Wachowskis,1
Barbara,39,"drama, action",The Dark Knight,action,Christopher Nolan,5
Barbara,39,"drama, action",Se7en,thriller,David Fincher,4
Barbara,39,"drama, action",Inception,sci-fi,Christopher Nolan,5
Barbara,39,"drama, action",Parasite,drama,Bong Joon-ho,2
Barbara,39,"drama, action",Pulp Fiction,crime,Quentin Tarantino,2
Barbara,39,"drama, action",Alien,horror,Ridley Scott,4
Barbara,39,"drama, action",The Notebook,romance,Nick Cassavetes,3
Richard,20,"thriller, drama",The Notebook,romance,Nick Cassavetes,1
Richard,20,"thriller, drama",The Matrix,sci-fi,The Wachowskis,4
Richard,20,"thriller, drama",Toy Story,animation,John Lasseter,5
Richard,20,"thriller, drama",Forrest Gump,drama,Robert Zemeckis,2
Richard,20,"thriller, drama",Mad Max: Fury Road,action,George Miller,3
Richard,20,"thriller, drama",Titanic,romance,James Cameron,3
Richard,20,"thriller, drama",Forrest Gump,drama,Robert Zemeckis,1
Richard,20,"thriller, drama",John Wick,action,Chad Stahelski,2
Patricia,48,"thriller, crime",Shrek,animation,Andrew Adamson,5
Patricia,48,"thriller, crime",The Dark Knight,action,Christopher Nolan,1
Patricia,48,"thriller, crime",Get Out,horror,Jordan Peele,3
Patricia,48,"thriller, crime",Superbad,comedy,Greg Mottola,3
Patricia,48,"thriller, crime",Inception,sci-fi,Christopher Nolan,4
Patricia,48,"thriller, crime",Shrek,animation,Andrew Adamson,5
Nicholas,59,"crime, sci-fi",The Matrix,sci-fi,The Wachowskis,2
Nicholas,59,"crime, sci-fi",Parasite,drama,Bong Joon-ho,3
Nicholas,59,"crime, sci-fi",Shrek,animation,Andrew Adamson,4
Nicholas,59,"crime, sci-fi",Mad Max: Fury Road,action,George Miller,5
Nicholas,59,"crime, sci-fi",Inception,sci-fi,Christopher Nolan,2
Nicholas,59,"crime, sci-fi",Mad Max: Fury Road,action,George Miller,1
William,63,"romance, crime",Joker,crime,Todd Phillips,5
William,63,"romance, crime",Joker,crime,Todd Phillips,3
William,63,"romance, crime",Finding Nemo,animation,Andrew Stanton,4
William,63,"romance, crime",Se7en,thriller,David Fincher,1
William,63,"romance, crime",Gladiator,action,Ridley Scott,3
William,63,"romance, crime",Alien,horror,Ridley Scott,1
William,63,"romance, crime",Inception,sci-fi,Christopher Nolan,4
Jessica,39,"sci-fi, drama",Forrest Gump,drama,Robert Zemeckis,2
Jessica,39,"sci-fi, drama",Joker,crime,Todd Phillips,1
Jessica,39,"sci-fi, drama",Get Out,horror,Jordan Peele,2
Mark,18,"drama, animation",John Wick,action,Chad Stahelski,5
Mark,18,"drama, animation",Mad Max: Fury Road,action,George Miller,3
Mark,18,"drama, animation",Pulp Fiction,crime,Quentin Tarantino,2
Mark,18,"drama, animation",Parasite,drama,Bong Joon-ho,1
Mark,18,"drama, animation",Titanic,romance,James Cameron,3
Jimmy,30,"drama, comedy",Interstellar,sci-fi,Christopher Nolan,1
Jimmy,30,"drama, comedy",John Wick,action,Chad Stahelski,3
Jimmy,30,"drama, comedy",The Notebook,romance,Nick Cassavetes,1
Jimmy,30,"drama, comedy",Pulp Fiction,crime,Quentin Tarantino,4
Jimmy,30,"drama, comedy",Titanic,romance,James Cameron,2
Jimmy,30,"drama, comedy",Interstellar,sci-fi,Christopher Nolan,3
Austin,46,"animation, crime",Gladiator,action,Ridley Scott,3
Austin,46,"animation, crime",Joker,crime,Todd Phillips,3
Austin,46,"animation, crime",Forrest Gump,drama,Robert Zemeckis,4
Austin,46,"animation, crime",Pulp Fiction,crime,Quentin Tarantino,2
Austin,46,"animation, crime",Inception,sci-fi,Christopher Nolan,2
Austin,46,"animation, crime",Superbad,comedy,Greg Mottola,1
Eric,64,"sci-fi, romance",Shrek,animation,Andrew Adamson,1
Eric,64,"sci-fi, romance",Toy Story,animation,John Lasseter,1
Eric,64,"sci-fi, romance",Mad Max: Fury Road,action,George Miller,5
Eric,64,"sci-fi, romance",Toy Story,animation,John Lasseter,2
Eric,64,"sci-fi, romance",The Dark Knight,action,Christopher Nolan,1
Eric,64,"sci-fi, romance",Parasite,drama,Bong Joon-ho,3
Eric,64,"sci-fi, romance",Superbad,comedy,Greg Mottola,3
Curtis,38,"animation, sci-fi",The Dark Knight,action,Christopher Nolan,1
Curtis,38,"animation, sci-fi",Toy Story,animation,John Lasseter,3
Curtis,38,"animation, sci-fi",Toy Story,animation,John Lasseter,1
Curtis,38,"animation, sci-fi",Pulp Fiction,crime,Quentin Tarantino,5
Curtis,38,"animation, sci-fi",Joker,crime,Todd Phillips,1
Curtis,38,"animation, sci-fi",Superbad,comedy,Greg Mottola,1
Curtis,38,"animation, sci-fi",Shrek,animation,Andrew Adamson,3
Curtis,38,"animation, sci-fi",Shrek,animation,Andrew Adamson,4
Courtney,33,"crime, comedy",Forrest Gump,drama,Robert Zemeckis,5
Courtney,33,"crime, comedy",The Dark Knight,action,Christopher Nolan,4
Courtney,33,"crime, comedy",Se7en,thriller,David Fincher,1
Courtney,33,"crime, comedy",Pulp Fiction,crime,Quentin Tarantino,3
Courtney,33,"crime, comedy",Finding Nemo,animation,Andrew Stanton,5
Courtney,33,"crime, comedy",Alien,horror,Ridley Scott,4
Courtney,33,"crime, comedy",Pulp Fiction,crime,Quentin Tarantino,3
Courtney,33,"crime, comedy",Finding Nemo,animation,Andrew Stanton,2
Natasha,26,"animation, drama",Titanic,romance,James Cameron,3
Natasha,26,"animation, drama",Toy Story,animation,John Lasseter,5
Natasha,26,"animation, drama",Superbad,comedy,Greg Mottola,2
Ronald,39,"horror, romance",Forrest Gump,drama,Robert Zemeckis,2
Ronald,39,"horror, romance",Toy Story,animation,John Lasseter,1
Ronald,39,"horror, romance",Superbad,comedy,Greg Mottola,3
Ronald,39,"horror, romance",The Dark Knight,action,Christopher Nolan,4
Ronald,39,"horror, romance",The Dark Knight,action,Christopher Nolan,3
Ronald,39,"horror, romance",Pulp Fiction,crime,Quentin Tarantino,5
Deanna,33,"comedy, thriller",Titanic,romance,James Cameron,4
Deanna,33,"comedy, thriller",Se7en,thriller,David Fincher,1
Deanna,33,"comedy, thriller",Finding Nemo,animation,Andrew Stanton,5
Deanna,33,"comedy, thriller",Mad Max: Fury Road,action,George Miller,3
Deanna,33,"comedy, thriller",Pulp Fiction,crime,Quentin Tarantino,2
James,65,"horror, comedy",Se7en,thriller,David Fincher,1
James,65,"horror, comedy",Get Out,horror,Jordan Peele,5
James,65,"horror, comedy",Mad Max: Fury Road,action,George Miller,1
James,65,"horror, comedy",Interstellar,sci-fi,Christopher Nolan,1
Raymond,35,"animation, fantasy",Inception,sci-fi,Christopher Nolan,3
Raymond,35,"animation, fantasy",Joker,crime,Todd Phillips,4
Raymond,35,"animation, fantasy",Joker,crime,Todd Phillips,3
Raymond,35,"animation, fantasy",Get Out,horror,Jordan Peele,2
Raymond,35,"animation, fantasy",The Dark Knight,action,Christopher Nolan,4
Alex,40,"romance, fantasy",The Dark Knight,action,Christopher Nolan,3
Alex,40,"romance, fantasy",Titanic,romance,James Cameron,4
Alex,40,"romance, fantasy",John Wick,action,Chad Stahelski,5
Alex,40,"romance, fantasy",The Matrix,sci-fi,The Wachowskis,5
Alex,40,"romance, fantasy",The Dark Knight,action,Christopher Nolan,4
Mikayla,36,"animation, drama",The Dark Knight,action,Christopher Nolan,3
Mikayla,36,"animation, drama",Toy Story,animation,John Lasseter,4
Mikayla,36,"animation, drama",Finding Nemo,animation,Andrew Stanton,1
Mikayla,36,"animation, drama",Get Out,horror,Jordan Peele,3
Mikayla,36,"animation, drama",Get Out,horror,Jordan Peele,3
Mikayla,36,"animation, drama",Joker,crime,Todd Phillips,2
Mikayla,36,"animation, drama",Pulp Fiction,crime,Quentin Tarantino,1
Mikayla,36,"animation, drama",Alien,horror,Ridley Scott,5
Larry,50,"crime, animation",The Dark Knight,action,Christopher Nolan,5
Larry,50,"crime, animation",Gladiator,action,Ridley Scott,1
Larry,50,"crime, animation",Gladiator,action,Ridley Scott,2
Larry,50,"crime, animation",The Dark Knight,action,Christopher Nolan,1
Larry,50,"crime, animation",Se7en,thriller,David Fincher,1
Larry,50,"crime, animation",Gladiator,action,Ridley Scott,5
Larry,50,"crime, animation",Pulp Fiction,crime,Quentin Tarantino,3
Lauren,52,"horror, comedy",Alien,horror,Ridley Scott,2
Lauren,52,"horror, comedy",Inception,sci-fi,Christopher Nolan,2
Lauren,52,"horror, comedy",Toy Story,animation,John Lasseter,4
Lauren,52,"horror, comedy",Shrek,animation,Andrew Adamson,5
Lauren,52,"horror, comedy",Inception,sci-fi,Christopher Nolan,5
Lauren,52,"horror, comedy",Superbad,comedy,Greg Mottola,4
Lauren,52,"horror, comedy",Gladiator,action,Ridley Scott,2
Lauren,52,"horror, comedy",Gladiator,action,Ridley Scott,1
Erica,60,"horror, comedy",The Matrix,sci-fi,The Wachowskis,2
Erica,60,"horror, comedy",Superbad,comedy,Greg Mottola,3
Erica,60,"horror, comedy",Superbad,comedy,Greg Mottola,5
Erica,60,"horror, comedy",Se7en,thriller,David Fincher,1
James,27,"horror, animation",Inception,sci-fi,Christopher Nolan,3
James,27,"horror, animation",Forrest Gump,drama,Robert Zemeckis,2
James,27,"horror, animation",Gladiator,action,Ridley Scott,1
Kristi,42,"sci-fi, animation",Se7en,thriller,David Fincher,5
Kristi,42,"sci-fi, animation",Forrest Gump,drama,Robert Zemeckis,3
Kristi,42,"sci-fi, animation",Inception,sci-fi,Christopher Nolan,1
Kristi,42,"sci-fi, animation",Forrest Gump,drama,Robert Zemeckis,4
Kristi,42,"sci-fi, animation",Alien,horror,Ridley Scott,5
Joseph,30,"romance, fantasy",The Notebook,romance,Nick Cassavetes,1
Joseph,30,"romance, fantasy",Gladiator,action,Ridley Scott,1
Joseph,30,"romance, fantasy",Forrest Gump,drama,Robert Zemeckis,5
Joseph,30,"romance, fantasy",Gladiator,action,Ridley Scott,5
Joseph,30,"romance, fantasy",Finding Nemo,animation,Andrew Stanton,2
Ashley,46,"action, fantasy",Se7en,thriller,David Fincher,4
Ashley,46,"action, fantasy",Mad Max: Fury Road,action,George Miller,2
Ashley,46,"action, fantasy",Mad Max: Fury Road,action,George Miller,3
Ashley,46,"action, fantasy",Joker,crime,Todd Phillips,3
Ashley,46,"action, fantasy",Mad Max: Fury Road,action,George Miller,1
Ashley,46,"action, fantasy",Pulp Fiction,crime,Quentin Tarantino,1
Gina,52,"sci-fi, fantasy",Alien,horror,Ridley Scott,5
Gina,52,"sci-fi, fantasy",The Notebook,romance,Nick Cassavetes,5
Gina,52,"sci-fi, fantasy",Gladiator,action,Ridley Scott,3
Gina,52,"sci-fi, fantasy",Mad Max: Fury Road,action,George Miller,4
Gina,52,"sci-fi, fantasy",Finding Nemo,animation,Andrew Stanton,3
Gina,52,"sci-fi, fantasy",Inception,sci-fi,Christopher Nolan,3
George,43,"comedy, drama",Get Out,horror,Jordan Peele,5
George,43,"comedy, drama",Finding Nemo,animation,Andrew Stanton,2
George,43,"comedy, drama",Mad Max: Fury Road,action,George Miller,2
George,43,"comedy, drama",Parasite,drama,Bong Joon-ho,5
George,43,"comedy, drama",Forrest Gump,drama,Robert Zemeckis,2
George,43,"comedy, drama",Shrek,animation,Andrew Adamson,3
George,43,"comedy, drama",Gladiator,action,Ridley Scott,2
George,43,"comedy, drama",Forrest Gump,drama,Robert Zemeckis,4
Jason,20,"crime, sci-fi",Toy Story,animation,John Lasseter,3
Jason,20,"crime, sci-fi",Finding Nemo,animation,Andrew Stanton,3
Jason,20,"crime, sci-fi",The Dark Knight,action,Christopher Nolan,1
Jason,20,"crime, sci-fi",Toy Story,animation,John Lasseter,3
Jason,20,"crime, sci-fi",The Notebook,romance,Nick Cassavetes,4
Jason,20,"crime, sci-fi",Finding Nemo,animation,Andrew Stanton,5
Melanie,42,"sci-fi, romance",Pulp Fiction,crime,Quentin Tarantino,5
Melanie,42,"sci-fi, romance",Forrest Gump,drama,Robert Zemeckis,5
Melanie,42,"sci-fi, romance",Shrek,animation,Andrew Adamson,2
Melanie,42,"sci-fi, romance",Gladiator,action,Ridley Scott,4
Melanie,42,"sci-fi, romance",Get Out,horror,Jordan Peele,4
Laura,61,"crime, action",Toy Story,animation,John Lasseter,2
Laura,61,"crime, action",Parasite,drama,Bong Joon-ho,2
Laura,61,"crime, action",Joker,crime,Todd Phillips,4
Laura,61,"crime, action",Forrest Gump,drama,Robert Zemeckis,4
Laura,61,"crime, action",Shrek,animation,Andrew Adamson,4
Laura,61,"crime, action",Inception,sci-fi,Christopher Nolan,5
Laura,61,"crime, action",Alien,horror,Ridley Scott,5
Laura,61,"crime, action",Superbad,comedy,Greg Mottola,2
Nicholas,28,"sci-fi, fantasy",Joker,crime,Todd Phillips,4
Nicholas,28,"sci-fi, fantasy",The Matrix,sci-fi,The Wachowskis,1
Nicholas,28,"sci-fi, fantasy",Gladiator,action,Ridley Scott,4
Nicholas,28,"sci-fi, fantasy",Parasite,drama,Bong Joon-ho,4
Tammy,32,"animation, drama",Finding Nemo,animation,Andrew Stanton,5
Tammy,32,"animation, drama",Forrest Gump,drama,Robert Zemeckis,1
Tammy,32,"animation, drama",John Wick,action,Chad Stahelski,1
Tammy,32,"animation, drama",Inception,sci-fi,Christopher Nolan,1
Tammy,32,"animation, drama",Superbad,comedy,Greg Mottola,2
Tammy,32,"animation, drama",Forrest Gump,drama,Robert Zemeckis,3
Carrie,58,"action, comedy",Interstellar,sci-fi,Christopher Nolan,1
Carrie,58,"action, comedy",Mad Max: Fury Road,action,George Miller,4
Carrie,58,"action, comedy",Finding Nemo,animation,Andrew Stanton,1
Carrie,58,"action, comedy",Interstellar,sci-fi,Christopher Nolan,4
Carrie,58,"action, comedy",Finding Nemo,animation,Andrew Stanton,2
Carrie,58,"action, comedy",Finding Nemo,animation,Andrew Stanton,5
Shane,64,"animation, drama",Parasite,drama,Bong Joon-ho,2
Shane,64,"animation, drama",The Dark Knight,action,Christopher Nolan,3
Shane,64,"animation, drama",Parasite,drama,Bong Joon-ho,2
Ashley,47,"drama, horror",Parasite,drama,Bong Joon-ho,4
Ashley,47,"drama, horror",Parasite,drama,Bong Joon-ho,4
Ashley,47,"drama, horror",The Matrix,sci-fi,The Wachowskis,2
Ashley,47,"drama, horror",John Wick,action,Chad Stahelski,3
Penny,22,"animation, romance",Finding Nemo,animation,Andrew Stanton,2
Penny,22,"animation, romance",Shrek,animation,Andrew Adamson,2
Penny,22,"animation, romance",Pulp Fiction,crime,Quentin Tarantino,4
Penny,22,"animation, romance",Shrek,animation,Andrew Adamson,5
Sarah,53,"drama, crime",The Matrix,sci-fi,The Wachowskis,5
Sarah,53,"drama, crime",Alien,horror,Ridley Scott,3
Sarah,53,"drama, crime",Superbad,comedy,Greg Mottola,1
Joseph,34,"fantasy, thriller",Shrek,animation,Andrew Adamson,2
Joseph,34,"fantasy, thriller",Forrest Gump,drama,Robert Zemeckis,4
Joseph,34,"fantasy, thriller",Finding Nemo,animation,Andrew Stanton,1
Joseph,34,"fantasy, thriller",The Matrix,sci-fi,The Wachowskis,4
Joseph,34,"fantasy, thriller",Finding Nemo,animation,Andrew Stanton,4
Joseph,34,"fantasy, thriller",The Matrix,sci-fi,The Wachowskis,5
Joseph,34,"fantasy, thriller",Forrest Gump,drama,Robert Zemeckis,2
Joseph,34,"fantasy, thriller",Shrek,animation,Andrew Adamson,4
Allison,25,"drama, sci-fi",Superbad,comedy,Greg Mottola,4
Allison,25,"drama, sci-fi",Joker,crime,Todd Phillips,3
Allison,25,"drama, sci-fi",Se7en,thriller,David Fincher,1
Allison,25,"drama, sci-fi",Se7en,thriller,David Fincher,2
Allison,25,"drama, sci-fi",Shrek,animation,Andrew Adamson,1
Allison,25,"drama, sci-fi",Shrek,animation,Andrew Adamson,5
Allison,25,"drama, sci-fi",Finding Nemo,animation,Andrew Stanton,4
Allison,25,"drama, sci-fi",The Notebook,romance,Nick Cassavetes,4
David,31,"romance, animation",The Matrix,sci-fi,The Wachowskis,1
David,31,"romance, animation",Titanic,romance,James Cameron,5
David,31,"romance, animation",Get Out,horror,Jordan Peele,4
David,31,"romance, animation",Gladiator,action,Ridley Scott,2
David,31,"romance, animation",Forrest Gump,drama,Robert Zemeckis,5
Catherine,46,"sci-fi, crime",The Notebook,romance,Nick Cassavetes,2
Catherine,46,"sci-fi, crime",John Wick,action,Chad Stahelski,4
Catherine,46,"sci-fi, crime",Parasite,drama,Bong Joon-ho,5
Catherine,46,"sci-fi, crime",Forrest Gump,drama,Robert Zemeckis,3
Catherine,46,"sci-fi, crime",Pulp Fiction,crime,Quentin Tarantino,4
Catherine,46,"sci-fi, crime",Titanic,romance,James Cameron,2
Catherine,46,"sci-fi, crime",Shrek,animation,Andrew Adamson,4
Catherine,46,"sci-fi, crime",Gladiator,action,Ridley Scott,1
Sheila,27,"action, thriller",The Matrix,sci-fi,The Wachowskis,3
Sheila,27,"action, thriller",Get Out,horror,Jordan Peele,1
Sheila,27,"action, thriller",Shrek,animation,Andrew Adamson,5
Sheila,27,"action, thriller",Pulp Fiction,crime,Quentin Tarantino,5
Sheila,27,"action, thriller",Superbad,comedy,Greg Mottola,5
Sheila,27,"action, thriller",Interstellar,sci-fi,Christopher Nolan,5
Sheila,27,"action, thriller",Shrek,animation,Andrew Adamson,4
Brandon,33,"drama, romance",Joker,crime,Todd Phillips,2
Brandon,33,"drama, romance",Se7en,thriller,David Fincher,3
Brandon,33,"drama, romance",Finding Nemo,animation,Andrew Stanton,4
Brandon,33,"drama, romance",Superbad,comedy,Greg Mottola,5
Brandon,33,"drama, romance",Inception,sci-fi,Christopher Nolan,4
Brandon,33,"drama, romance",Finding Nemo,animation,Andrew Stanton,2
Brandon,33,"drama, romance",Forrest Gump,drama,Robert Zemeckis,2
Jonathan,58,"drama, horror",Forrest Gump,drama,Robert Zemeckis,1
Jonathan,58,"drama, horror",Toy Story,animation,John Lasseter,4
Jonathan,58,"drama, horror",Gladiator,action,Ridley Scott,5
Jonathan,58,"drama, horror",Forrest Gump,drama,Robert Zemeckis,2
Jonathan,58,"drama, horror",Alien,horror,Ridley Scott,4
Jonathan,58,"drama, horror",Finding Nemo,animation,Andrew Stanton,1
Jonathan,58,"drama, horror",The Matrix,sci-fi,The Wachowskis,2
Rachel,63,"comedy, fantasy",Joker,crime,Todd Phillips,4
Rachel,63,"comedy, fantasy",Alien,horror,Ridley Scott,5
Rachel,63,"comedy, fantasy",The Dark Knight,action,Christopher Nolan,4
Rachel,63,"comedy, fantasy",Alien,horror,Ridley Scott,3
Wendy,43,"crime, animation",Interstellar,sci-fi,Christopher Nolan,3
Wendy,43,"crime, animation",Se7en,thriller,David Fincher,4
Wendy,43,"crime, animation",Titanic,romance,James Cameron,1
Wendy,43,"crime, animation",Mad Max: Fury Road,action,George Miller,2
Corey,27,"sci-fi, comedy",The Matrix,sci-fi,The Wachowskis,1
Corey,27,"sci-fi, comedy",Parasite,drama,Bong Joon-ho,4
Corey,27,"sci-fi, comedy",Mad Max: Fury Road,action,George Miller,4
Monica,48,"fantasy, horror",Gladiator,action,Ridley Scott,2
Monica,48,"fantasy, horror",Gladiator,action,Ridley Scott,4
Monica,48,"fantasy, horror",Titanic,romance,James Cameron,1
Monica,48,"fantasy, horror",Alien,horror,Ridley Scott,3
Meghan,30,"romance, crime",Alien,horror,Ridley Scott,1
Meghan,30,"romance, crime",Se7en,thriller,David Fincher,1
Meghan,30,"romance, crime",Titanic,romance,James Cameron,1
Meghan,30,"romance, crime",The Dark Knight,action,Christopher Nolan,2
Meghan,30,"romance, crime",The Dark Knight,action,Christopher Nolan,3
Meghan,30,"romance, crime",Shrek,animation,Andrew Adamson,4
Meghan,30,"romance, crime",Gladiator,action,Ridley Scott,2
Jason,42,"drama, comedy",The Notebook,romance,Nick Cassavetes,4
Jason,42,"drama, comedy",Shrek,animation,Andrew Adamson,3
Jason,42,"drama, comedy",Se7en,thriller,David Fincher,4
Jason,42,"drama, comedy",Parasite,drama,Bong Joon-ho,4
Jason,42,"drama, comedy",Titanic,romance,James Cameron,4
Richard,57,"horror, thriller",Gladiator,action,Ridley Scott,5
Richard,57,"horror, thriller",Superbad,comedy,Greg Mottola,1
Richard,57,"horror, thriller",Alien,horror,Ridley Scott,5
Richard,57,"horror, thriller",Inception,sci-fi,Christopher Nolan,2
Anna,61,"fantasy, romance",The Dark Knight,action,Christopher Nolan,5
Anna,61,"fantasy, romance",The Notebook,romance,Nick Cassavetes,2
Anna,61,"fantasy, romance",Mad Max: Fury Road,action,George Miller,5
Anna,61,"fantasy, romance",Superbad,comedy,Greg Mottola,1
Anna,61,"fantasy, romance",Titanic,romance,James Cameron,3
Zachary,29,"action, fantasy",Toy Story,animation,John Lasseter,1
Zachary,29,"action, fantasy",Parasite,drama,Bong Joon-ho,5
Zachary,29,"action, fantasy",Finding Nemo,animation,Andrew Stanton,2
Zachary,29,"action, fantasy",The Dark Knight,action,Christopher Nolan,5
Zachary,29,"action, fantasy",Mad Max: Fury Road,action,George Miller,1
Zachary,29,"action, fantasy",Se7en,thriller,David Fincher,5
Zachary,29,"action, fantasy",Titanic,romance,James Cameron,5
Zachary,29,"action, fantasy",Inception,sci-fi,Christopher Nolan,1
Darrell,59,"animation, horror",Inception,sci-fi,Christopher Nolan,2
Darrell,59,"animation, horror",Interstellar,sci-fi,Christopher Nolan,2
Darrell,59,"animation, horror",Superbad,comedy,Greg Mottola,3
Darrell,59,"animation, horror",Alien,horror,Ridley Scott,4
Darrell,59,"animation, horror",Inception,sci-fi,Christopher Nolan,3
Darrell,59,"animation, horror",Forrest Gump,drama,Robert Zemeckis,2
Daniel,50,"horror, drama",Get Out,horror,Jordan Peele,4
Daniel,50,"horror, drama",The Dark Knight,action,Christopher Nolan,3
Daniel,50,"horror, drama",Mad Max: Fury Road,action,George Miller,3
Daniel,50,"horror, drama",Mad Max: Fury Road,action,George Miller,4
Daniel,50,"horror, drama",Pulp Fiction,crime,Quentin Tarantino,5
Daniel,50,"horror, drama",The Notebook,romance,Nick Cassavetes,2
Daniel,50,"horror, drama",The Matrix,sci-fi,The Wachowskis,3
Arthur,63,"animation, drama",Finding Nemo,animation,Andrew Stanton,2
Arthur,63,"animation, drama",The Notebook,romance,Nick Cassavetes,5
Arthur,63,"animation, drama",Finding Nemo,animation,Andrew Stanton,1
Arthur,63,"animation, drama",Inception,sci-fi,Christopher Nolan,3
Alexander,42,"drama, horror",Inception,sci-fi,Christopher Nolan,2
Alexander,42,"drama, horror",Gladiator,action,Ridley Scott,4
Alexander,42,"drama, horror",Pulp Fiction,crime,Quentin Tarantino,1
Alexander,42,"drama, horror",Shrek,animation,Andrew Adamson,5
Alexander,42,"drama, horror",Finding Nemo,animation,Andrew Stanton,2
James,34,"fantasy, horror",Titanic,romance,James Cameron,2
James,34,"fantasy, horror",Interstellar,sci-fi,Christopher Nolan,3
James,34,"fantasy, horror",Mad Max: Fury Road,action,George Miller,3
James,34,"fantasy, horror",Get Out,horror,Jordan Peele,4
James,34,"fantasy, horror",Finding Nemo,animation,Andrew Stanton,1
James,34,"fantasy, horror",Shrek,animation,Andrew Adamson,1
Jason,54,"animation, romance",Joker,crime,Todd Phillips,4
Jason,54,"animation, romance",Finding Nemo,animation,Andrew Stanton,3
Jason,54,"animation, romance",Mad Max: Fury Road,action,George Miller,1
Megan,24,"crime, animation",Interstellar,sci-fi,Christopher Nolan,4
Megan,24,"crime, animation",The Dark Knight,action,Christopher Nolan,5
Megan,24,"crime, animation",The Matrix,sci-fi,The Wachowskis,4
Megan,24,"crime, animation",Shrek,animation,Andrew Adamson,4
Megan,24,"crime, animation",Gladiator,action,Ridley Scott,1
Megan,24,"crime, animation",Titanic,romance,James Cameron,4
Megan,24,"crime, animation",Parasite,drama,Bong Joon-ho,2
Robert,46,"comedy, sci-fi",The Matrix,sci-fi,The Wachowskis,2
Robert,46,"comedy, sci-fi",John Wick,action,Chad Stahelski,4
Robert,46,"comedy, sci-fi",Joker,crime,Todd Phillips,2
Robert,46,"comedy, sci-fi",Parasite,drama,Bong Joon-ho,2
Robert,46,"comedy, sci-fi",Se7en,thriller,David Fincher,2
Robert,46,"comedy, sci-fi",Mad Max: Fury Road,action,George Miller,4
Robert,46,"comedy, sci-fi",Parasite,drama,Bong Joon-ho,1
Robert,46,"comedy, sci-fi",Get Out,horror,Jordan Peele,1
David,36,"drama, comedy",Interstellar,sci-fi,Christopher Nolan,2
David,36,"drama, comedy",Get Out,horror,Jordan Peele,3
David,36,"drama, comedy",Pulp Fiction,crime,Quentin Tarantino,2
David,36,"drama, comedy",The Notebook,romance,Nick Cassavetes,4
David,36,"drama, comedy",Inception,sci-fi,Christopher Nolan,3
David,36,"drama, comedy",Interstellar,sci-fi,Christopher Nolan,2
Deanna,38,"crime, action",Forrest Gump,drama,Robert Zemeckis,2
Deanna,38,"crime, action",Titanic,romance,James Cameron,2
Deanna,38,"crime, action",Forrest Gump,drama,Robert Zemeckis,5
Karen,19,"comedy, fantasy",Get Out,horror,Jordan Peele,4
Karen,19,"comedy, fantasy",The Matrix,sci-fi,The Wachowskis,5
Karen,19,"comedy, fantasy",The Dark Knight,action,Christopher Nolan,1
Karen,19,"comedy, fantasy",Gladiator,action,Ridley Scott,3
Karen,19,"comedy, fantasy",The Matrix,sci-fi,The Wachowskis,4
Karen,19,"comedy, fantasy",The Matrix,sci-fi,The Wachowskis,5
Karen,19,"comedy, fantasy",Shrek,animation,Andrew Adamson,2
Michael,45,"animation, fantasy",Joker,crime,Todd Phillips,1
Michael,45,"animation, fantasy",Titanic,romance,James Cameron,5
Michael,45,"animation, fantasy",Inception,sci-fi,Christopher Nolan,2
Jill,56,"comedy, horror",John Wick,action,Chad Stahelski,4
Jill,56,"comedy, horror",Finding Nemo,animation,Andrew Stanton,4
Jill,56,"comedy, horror",The Matrix,sci-fi,The Wachowskis,3
Jill,56,"comedy, horror",Inception,sci-fi,Christopher Nolan,4
Jill,56,"comedy, horror",Joker,crime,Todd Phillips,2
Brian,39,"sci-fi, fantasy",Interstellar,sci-fi,Christopher Nolan,5
Brian,39,"sci-fi, fantasy",Interstellar,sci-fi,Christopher Nolan,5
Brian,39,"sci-fi, fantasy",The Matrix,sci-fi,The Wachowskis,5
Brian,39,"sci-fi, fantasy",The Notebook,romance,Nick Cassavetes,2
Michael,55,"fantasy, crime",Joker,crime,Todd Phillips,1
Michael,55,"fantasy, crime",Pulp Fiction,crime,Quentin Tarantino,5
Michael,55,"fantasy, crime",Finding Nemo,animation,Andrew Stanton,2
Michael,55,"fantasy, crime",Se7en,thriller,David Fincher,3
Michael,55,"fantasy, crime",Parasite,drama,Bong Joon-ho,3
Michael,55,"fantasy, crime",Shrek,animation,Andrew Adamson,3
Thomas,41,"drama, thriller",Interstellar,sci-fi,Christopher Nolan,3
Thomas,41,"drama, thriller",Toy Story,animation,John Lasseter,1
Thomas,41,"drama, thriller",Parasite,drama,Bong Joon-ho,1
Thomas,41,"drama, thriller",Pulp Fiction,crime,Quentin Tarantino,4
Thomas,41,"drama, thriller",Se7en,thriller,David Fincher,5
Jeremy,27,"comedy, romance",Shrek,animation,Andrew Adamson,4
Jeremy,27,"comedy, romance",Inception,sci-fi,Christopher Nolan,1
Jeremy,27,"comedy, romance",Mad Max: Fury Road,action,George Miller,2
Jeremy,27,"comedy, romance",Forrest Gump,drama,Robert Zemeckis,3
Jeremy,27,"comedy, romance",Inception,sci-fi,Christopher Nolan,2
Jeremy,27,"comedy, romance",Joker,crime,Todd Phillips,1
Jeremy,27,"comedy, romance",Finding Nemo,animation,Andrew Stanton,1
Hannah,34,"thriller, animation",The Notebook,romance,Nick Cassavetes,4
Hannah,34,"thriller, animation",The Dark Knight,action,Christopher Nolan,2
Hannah,34,"thriller, animation",Shrek,animation,Andrew Adamson,3
Jeremiah,20,"action, sci-fi",Superbad,comedy,Greg Mottola,3
Jeremiah,20,"action, sci-fi",Mad Max: Fury Road,action,George Miller,4
Jeremiah,20,"action, sci-fi",Superbad,comedy,Greg Mottola,2
Jeremiah,20,"action, sci-fi",Titanic,romance,James Cameron,3
Jeremiah,20,"action, sci-fi",Pulp Fiction,crime,Quentin Tarantino,3
Jeremiah,20,"action, sci-fi",Gladiator,action,Ridley Scott,1
Jeremiah,20,"action, sci-fi",Mad Max: Fury Road,action,George Miller,1
Jeremiah,20,"action, sci-fi",Alien,horror,Ridley Scott,5
Ethan,53,"crime, drama",The Matrix,sci-fi,The Wachowskis,3
Ethan,53,"crime, drama",The Notebook,romance,Nick Cassavetes,3
Ethan,53,"crime, drama",Toy Story,animation,John Lasseter,1
Jimmy,24,"comedy, drama",Parasite,drama,Bong Joon-ho,2
Jimmy,24,"comedy, drama",The Dark Knight,action,Christopher Nolan,3
Jimmy,24,"comedy, drama",Pulp Fiction,crime,Quentin Tarantino,5
Jimmy,24,"comedy, drama",Titanic,romance,James Cameron,1
Jimmy,24,"comedy, drama",Inception,sci-fi,Christopher Nolan,5
Stephen,27,"horror, comedy",Joker,crime,Todd Phillips,2
Stephen,27,"horror, comedy",John Wick,action,Chad Stahelski,1
Stephen,27,"horror, comedy",Parasite,drama,Bong Joon-ho,3
Stephen,27,"horror, comedy",Interstellar,sci-fi,Christopher Nolan,1
Stephen,27,"horror, comedy",Get Out,horror,Jordan Peele,2
William,26,"thriller, sci-fi",John Wick,action,Chad Stahelski,3
William,26,"thriller, sci-fi",Joker,crime,Todd Phillips,3
William,26,"thriller, sci-fi",Parasite,drama,Bong Joon-ho,3
William,26,"thriller, sci-fi",Toy Story,animation,John Lasseter,3
William,26,"thriller, sci-fi",The Notebook,romance,Nick Cassavetes,1
William,26,"thriller, sci-fi",Get Out,horror,Jordan Peele,2
William,26,"thriller, sci-fi",Mad Max: Fury Road,action,George Miller,2
William,26,"thriller, sci-fi",Gladiator,action,Ridley Scott,3
Eric,50,"comedy, action",Shrek,animation,Andrew Adamson,1
Eric,50,"comedy, action",Finding Nemo,animation,Andrew Stanton,5
Eric,50,"comedy, action",The Dark Knight,action,Christopher Nolan,2
Eric,50,"comedy, action",Parasite,drama,Bong Joon-ho,4
Amy,37,"horror, sci-fi",John Wick,action,Chad Stahelski,1
Amy,37,"horror, sci-fi",Shrek,animation,Andrew Adamson,2
Amy,37,"horror, sci-fi",Shrek,animation,Andrew Adamson,4
Amy,37,"horror, sci-fi",Pulp Fiction,crime,Quentin Tarantino,3
Amy,37,"horror, sci-fi",Interstellar,sci-fi,Christopher Nolan,1
Joyce,19,"thriller, drama",John Wick,action,Chad Stahelski,3
Joyce,19,"thriller, drama",Se7en,thriller,David Fincher,1
Joyce,19,"thriller, drama",Titanic,romance,James Cameron,1
Daniel,29,"sci-fi, action",Toy Story,animation,John Lasseter,1
Daniel,29,"sci-fi, action",Parasite,drama,Bong Joon-ho,1
Daniel,29,"sci-fi, action",The Dark Knight,action,Christopher Nolan,1
Daniel,29,"sci-fi, action",Get Out,horror,Jordan Peele,2
Daniel,29,"sci-fi, action",Shrek,animation,Andrew Adamson,5
Daniel,29,"sci-fi, action",Alien,horror,Ridley Scott,3
Joe,58,"thriller, drama",Shrek,animation,Andrew Adamson,1
Joe,58,"thriller, drama",Titanic,romance,James Cameron,2
Joe,58,"thriller, drama",Inception,sci-fi,Christopher Nolan,5
Justin,54,"sci-fi, romance",The Dark Knight,action,Christopher Nolan,1
Justin,54,"sci-fi, romance",Toy Story,animation,John Lasseter,3
Justin,54,"sci-fi, romance",Titanic,romance,James Cameron,1
Justin,54,"sci-fi, romance",Inception,sci-fi,Christopher Nolan,4
Justin,54,"sci-fi, romance",Toy Story,animation,John Lasseter,1
Justin,54,"sci-fi, romance",Gladiator,action,Ridley Scott,3
Justin,54,"sci-fi, romance",Se7en,thriller,David Fincher,4
Stephanie,29,"comedy, horror",Shrek,animation,Andrew Adamson,4
Stephanie,29,"comedy, horror",Finding Nemo,animation,Andrew Stanton,4
Stephanie,29,"comedy, horror",Alien,horror,Ridley Scott,4
Stephanie,29,"comedy, horror",Gladiator,action,Ridley Scott,5
Stephanie,29,"comedy, horror",Se7en,thriller,David Fincher,3
Stephanie,29,"comedy, horror",Interstellar,sci-fi,Christopher Nolan,5
Lauren,63,"sci-fi, animation",The Notebook,romance,Nick Cassavetes,2
Lauren,63,"sci-fi, animation",Se7en,thriller,David Fincher,4
Lauren,63,"sci-fi, animation",Alien,horror,Ridley Scott,5
Lauren,63,"sci-fi, animation",John Wick,action,Chad Stahelski,5
Lauren,63,"sci-fi, animation",Gladiator,action,Ridley Scott,3
Lauren,63,"sci-fi, animation",Pulp Fiction,crime,Quentin Tarantino,5
Kenneth,39,"crime, drama",Pulp Fiction,crime,Quentin Tarantino,2
Kenneth,39,"crime, drama",Forrest Gump,drama,Robert Zemeckis,5
Kenneth,39,"crime, drama",Interstellar,sci-fi,Christopher Nolan,5
Kenneth,39,"crime, drama",The Notebook,romance,Nick Cassavetes,1
Kenneth,39,"crime, drama",Interstellar,sci-fi,Christopher Nolan,2
James,64,"romance, action",The Notebook,romance,Nick Cassavetes,4
James,64,"romance, action",Superbad,comedy,Greg Mottola,3
James,64,"romance, action",Joker,crime,Todd Phillips,2
James,64,"romance, action",Interstellar,sci-fi,Christopher Nolan,1
Jesse,36,"sci-fi, action",Parasite,drama,Bong Joon-ho,4
Jesse,36,"sci-fi, action",Mad Max: Fury Road,action,George Miller,1
Jesse,36,"sci-fi, action",Get Out,horror,Jordan Peele,1
Jesse,36,"sci-fi, action",Shrek,animation,Andrew Adamson,5
Jesse,36,"sci-fi, action",Se7en,thriller,David Fincher,2
Jesse,36,"sci-fi, action",Alien,horror,Ridley Scott,4
Ashley,37,"sci-fi, romance",Titanic,romance,James Cameron,5
Ashley,37,"sci-fi, romance",Mad Max: Fury Road,action,George Miller,1
Ashley,37,"sci-fi, romance",Superbad,comedy,Greg Mottola,2
Ashley,37,"sci-fi, romance",Interstellar,sci-fi,Christopher Nolan,4
Ashley,37,"sci-fi, romance",Forrest Gump,drama,Robert Zemeckis,2
Ashley,37,"sci-fi, romance",Superbad,comedy,Greg Mottola,5
Ashley,37,"sci-fi, romance",Mad Max: Fury Road,action,George Miller,5
Ashley,37,"sci-fi, romance",Get Out,horror,Jordan Peele,2
Brandon,32,"thriller, action",Se7en,thriller,David Fincher,2
Brandon,32,"thriller, action",Gladiator,action,Ridley Scott,5
Brandon,32,"thriller, action",Superbad,comedy,Greg Mottola,5
Brandon,32,"thriller, action",Finding Nemo,animation,Andrew Stanton,2
Brandon,32,"thriller, action",John Wick,action,Chad Stahelski,3
Brandon,32,"thriller, action",Superbad,comedy,Greg Mottola,1
Alice,60,"romance, animation",Shrek,animation,Andrew Adamson,1
Alice,60,"romance, animation",Titanic,romance,James Cameron,1
Alice,60,"romance, animation",Inception,sci-fi,Christopher Nolan,1
Alice,60,"romance, animation",Mad Max: Fury Road,action,George Miller,3
Alice,60,"romance, animation",Mad Max: Fury Road,action,George Miller,5
Alice,60,"romance, animation",Alien,horror,Ridley Scott,4
Alice,60,"romance, animation",Superbad,comedy,Greg Mottola,1
Arthur,30,"sci-fi, thriller",Titanic,romance,James Cameron,5
Arthur,30,"sci-fi, thriller",Get Out,horror,Jordan Peele,4
Arthur,30,"sci-fi, thriller",Se7en,thriller,David Fincher,2
Elizabeth,59,"thriller, drama",Joker,crime,Todd Phillips,5
Elizabeth,59,"thriller, drama",Mad Max: Fury Road,action,George Miller,2
Elizabeth,59,"thriller, drama",Get Out,horror,Jordan Peele,1
Elizabeth,59,"thriller, drama",Joker,crime,Todd Phillips,4
Elizabeth,59,"thriller, drama",Forrest Gump,drama,Robert Zemeckis,5
Rachel,51,"fantasy, crime",Titanic,romance,James Cameron,5
Rachel,51,"fantasy, crime",Alien,horror,Ridley Scott,5
Rachel,51,"fantasy, crime",John Wick,action,Chad Stahelski,4
Rachel,51,"fantasy, crime",Parasite,drama,Bong Joon-ho,4
Patricia,40,"drama, action",Gladiator,action,Ridley Scott,4
Patricia,40,"drama, action",Toy Story,animation,John Lasseter,5
Patricia,40,"drama, action",Gladiator,action,Ridley Scott,4
Patricia,40,"drama, action",Superbad,comedy,Greg Mottola,1
Patricia,40,"drama, action",Interstellar,sci-fi,Christopher Nolan,4
Denise,37,"action, comedy",Interstellar,sci-fi,Christopher Nolan,4
Denise,37,"action, comedy",Forrest Gump,drama,Robert Zemeckis,1
Denise,37,"action, comedy",Finding Nemo,animation,Andrew Stanton,3
Denise,37,"action, comedy",Forrest Gump,drama,Robert Zemeckis,5
Denise,37,"action, comedy",Parasite,drama,Bong Joon-ho,4
Michael,47,"sci-fi, thriller",Titanic,romance,James Cameron,4
Michael,47,"sci-fi, thriller",Alien,horror,Ridley Scott,3
Michael,47,"sci-fi, thriller",Interstellar,sci-fi,Christopher Nolan,1
Michael,47,"sci-fi, thriller",Parasite,drama,Bong Joon-ho,1
Michael,47,"sci-fi, thriller",Superbad,comedy,Greg Mottola,3
Michael,47,"sci-fi, thriller",Inception,sci-fi,Christopher Nolan,3
Amanda,48,"sci-fi, fantasy",Parasite,drama,Bong Joon-ho,4
Amanda,48,"sci-fi, fantasy",Parasite,drama,Bong Joon-ho,1
Amanda,48,"sci-fi, fantasy",John Wick,action,Chad Stahelski,5
Amanda,48,"sci-fi, fantasy",The Matrix,sci-fi,The Wachowskis,1
Amanda,48,"sci-fi, fantasy",Get Out,horror,Jordan Peele,5
Amanda,48,"sci-fi, fantasy",Shrek,animation,Andrew Adamson,4
Amanda,48,"sci-fi, fantasy",The Notebook,romance,Nick Cassavetes,5
Lindsey,59,"comedy, action",Alien,horror,Ridley Scott,2
Lindsey,59,"comedy, action",The Dark Knight,action,Christopher Nolan,5
Lindsey,59,"comedy, action",Pulp Fiction,crime,Quentin Tarantino,2
Paige,55,"horror, fantasy",Gladiator,action,Ridley Scott,5
Paige,55,"horror, fantasy",Finding Nemo,animation,Andrew Stanton,5
Paige,55,"horror, fantasy",Se7en,thriller,David Fincher,4
Paige,55,"horror, fantasy",Superbad,comedy,Greg Mottola,2
Paige,55,"horror, fantasy",Toy Story,animation,John Lasseter,3
Lisa,60,"comedy, action",The Notebook,romance,Nick Cassavetes,1
Lisa,60,"comedy, action",Finding Nemo,animation,Andrew Stanton,1
Lisa,60,"comedy, action",Get Out,horror,Jordan Peele,5
Lisa,60,"comedy, action",Forrest Gump,drama,Robert Zemeckis,3
Kayla,60,"horror, fantasy",Interstellar,sci-fi,Christopher Nolan,4
Kayla,60,"horror, fantasy",Interstellar,sci-fi,Christopher Nolan,3
Kayla,60,"horror, fantasy",The Matrix,sci-fi,The Wachowskis,4
Kayla,60,"horror, fantasy",John Wick,action,Chad Stahelski,2
Kayla,60,"horror, fantasy",Finding Nemo,animation,Andrew Stanton,3
Kayla,60,"horror, fantasy",The Matrix,sci-fi,The Wachowskis,2
Kayla,60,"horror, fantasy",The Matrix,sci-fi,The Wachowskis,3
Kayla,60,"horror, fantasy",Superbad,comedy,Greg Mottola,5
Tara,62,"fantasy, animation",John Wick,action,Chad Stahelski,3
Tara,62,"fantasy, animation",Get Out,horror,Jordan Peele,1
Tara,62,"fantasy, animation",Titanic,romance,James Cameron,5
Jared,32,"drama, action",Toy Story,animation,John Lasseter,2
Jared,32,"drama, action",Parasite,drama,Bong Joon-ho,4
Jared,32,"drama, action",Mad Max: Fury Road,action,George Miller,1
Jared,32,"drama, action",Shrek,animation,Andrew Adamson,3
Jared,32,"drama, action",Pulp Fiction,crime,Quentin Tarantino,5
Jared,32,"drama, action",Se7en,thriller,David Fincher,3
Andrea,31,"romance, sci-fi",Pulp Fiction,crime,Quentin Tarantino,1
Andrea,31,"romance, sci-fi",Se7en,thriller,David Fincher,1
Andrea,31,"romance, sci-fi",Parasite,drama,Bong Joon-ho,5
Andrea,31,"romance, sci-fi",Superbad,comedy,Greg Mottola,1
Andrea,31,"romance, sci-fi",The Dark Knight,action,Christopher Nolan,1
Andrea,31,"romance, sci-fi",John Wick,action,Chad Stahelski,1
Michele,42,"comedy, romance",The Matrix,sci-fi,The Wachowskis,4
Michele,42,"comedy, romance",Pulp Fiction,crime,Quentin Tarantino,2
Michele,42,"comedy, romance",The Matrix,sci-fi,The Wachowskis,5
Michele,42,"comedy, romance",Joker,crime,Todd Phillips,3
Michele,42,"comedy, romance",John Wick,action,Chad Stahelski,1
Michele,42,"comedy, romance",The Matrix,sci-fi,The Wachowskis,3
Justin,43,"romance, fantasy",The Dark Knight,action,Christopher Nolan,3
Justin,43,"romance, fantasy",Mad Max: Fury Road,action,George Miller,3
Justin,43,"romance, fantasy",Titanic,romance,James Cameron,5
Justin,43,"romance, fantasy",Finding Nemo,animation,Andrew Stanton,3
Justin,43,"romance, fantasy",Toy Story,animation,John Lasseter,4
Justin,43,"romance, fantasy",Finding Nemo,animation,Andrew Stanton,4
Allison,54,"action, horror",Shrek,animation,Andrew Adamson,3
Allison,54,"action, horror",Parasite,drama,Bong Joon-ho,1
Allison,54,"action, horror",Get Out,horror,Jordan Peele,2
Allison,54,"action, horror",Pulp Fiction,crime,Quentin Tarantino,2
Allison,54,"action, horror",The Notebook,romance,Nick Cassavetes,4
Allison,54,"action, horror",Toy Story,animation,John Lasseter,2
Allison,54,"action, horror",Joker,crime,Todd Phillips,5
Allison,54,"action, horror",Toy Story,animation,John Lasseter,3
Courtney,44,"drama, action",Inception,sci-fi,Christopher Nolan,4
Courtney,44,"drama, action",Inception,sci-fi,Christopher Nolan,4
Courtney,44,"drama, action",Toy Story,animation,John Lasseter,1
Courtney,44,"drama, action",Titanic,romance,James Cameron,2
Courtney,44,"drama, action",John Wick,action,Chad Stahelski,1
Courtney,44,"drama, action",Shrek,animation,Andrew Adamson,4
Courtney,44,"drama, action",Shrek,animation,Andrew Adamson,5
Jennifer,45,"thriller, animation",The Matrix,sci-fi,The Wachowskis,2
Jennifer,45,"thriller, animation",Toy Story,animation,John Lasseter,1
Jennifer,45,"thriller, animation",Inception,sci-fi,Christopher Nolan,5
Tommy,23,"thriller, animation",Mad Max: Fury Road,action,George Miller,3
Tommy,23,"thriller, animation",Joker,crime,Todd Phillips,2
Tommy,23,"thriller, animation",Parasite,drama,Bong Joon-ho,4
Tommy,23,"thriller, animation",Pulp Fiction,crime,Quentin Tarantino,5
Kenneth,62,"sci-fi, animation",Toy Story,animation,John Lasseter,4
Kenneth,62,"sci-fi, animation",Pulp Fiction,crime,Quentin Tarantino,3
Kenneth,62,"sci-fi, animation",Mad Max: Fury Road,action,George Miller,4
Kenneth,62,"sci-fi, animation",Interstellar,sci-fi,Christopher Nolan,5
Kenneth,62,"sci-fi, animation",Get Out,horror,Jordan Peele,3
Phyllis,51,"comedy, horror",Se7en,thriller,David Fincher,4
Phyllis,51,"comedy, horror",Interstellar,sci-fi,Christopher Nolan,1
Phyllis,51,"comedy, horror",Toy Story,animation,John Lasseter,5
Phyllis,51,"comedy, horror",Superbad,comedy,Greg Mottola,2
Phyllis,51,"comedy, horror",Forrest Gump,drama,Robert Zemeckis,4
Phyllis,51,"comedy, horror",The Dark Knight,action,Christopher Nolan,1
Phyllis,51,"comedy, horror",The Notebook,romance,Nick Cassavetes,5
Nicole,58,"horror, fantasy",Se7en,thriller,David Fincher,1
Nicole,58,"horror, fantasy",Shrek,animation,Andrew Adamson,1
Nicole,58,"horror, fantasy",Gladiator,action,Ridley Scott,2
Nicole,58,"horror, fantasy",Finding Nemo,animation,Andrew Stanton,1
Nicole,58,"horror, fantasy",The Matrix,sci-fi,The Wachowskis,1
Nicole,58,"horror, fantasy",Get Out,horror,Jordan Peele,5
Nicole,58,"horror, fantasy",Parasite,drama,Bong Joon-ho,3
Michelle,33,"horror, animation",Pulp Fiction,crime,Quentin Tarantino,5
Michelle,33,"horror, animation",Pulp Fiction,crime,Quentin Tarantino,2
Michelle,33,"horror, animation",John Wick,action,Chad Stahelski,2
Michelle,33,"horror, animation",Get Out,horror,Jordan Peele,5
Michelle,33,"horror, animation",Get Out,horror,Jordan Peele,2
Michelle,33,"horror, animation",Alien,horror,Ridley Scott,4
Amy,25,"crime, animation",Pulp Fiction,crime,Quentin Tarantino,4
Amy,25,"crime, animation",Se7en,thriller,David Fincher,1
Amy,25,"crime, animation",Parasite,drama,Bong Joon-ho,1
Amy,25,"crime, animation",Pulp Fiction,crime,Quentin Tarantino,1
Amy,25,"crime, animation",The Notebook,romance,Nick Cassavetes,4
Amy,25,"crime, animation",John Wick,action,Chad Stahelski,3
Amy,25,"crime, animation",Alien,horror,Ridley Scott,4
Deanna,40,"animation, horror",The Matrix,sci-fi,The Wachowskis,2
Deanna,40,"animation, horror",Alien,horror,Ridley Scott,4
Deanna,40,"animation, horror",Pulp Fiction,crime,Quentin Tarantino,5
Deanna,40,"animation, horror",Interstellar,sci-fi,Christopher Nolan,4
William,65,"crime, sci-fi",Joker,crime,Todd Phillips,4
William,65,"crime, sci-fi",The Dark Knight,action,Christopher Nolan,1
William,65,"crime, sci-fi",Gladiator,action,Ridley Scott,5
William,65,"crime, sci-fi",Se7en,thriller,David Fincher,2
William,65,"crime, sci-fi",Finding Nemo,animation,Andrew Stanton,1
William,65,"crime, sci-fi",Forrest Gump,drama,Robert Zemeckis,1
William,65,"crime, sci-fi",Se7en,thriller,David Fincher,2
William,65,"crime, sci-fi",Alien,horror,Ridley Scott,1
Sandra,21,"sci-fi, thriller",Get Out,horror,Jordan Peele,1
Sandra,21,"sci-fi, thriller",Joker,crime,Todd Phillips,1
Sandra,21,"sci-fi, thriller",Gladiator,action,Ridley Scott,5
Sandra,21,"sci-fi, thriller",The Matrix,sci-fi,The Wachowskis,4
Sandra,21,"sci-fi, thriller",Gladiator,action,Ridley Scott,2
Sandra,21,"sci-fi, thriller",Interstellar,sci-fi,Christopher Nolan,2
Scott,42,"romance, sci-fi",The Dark Knight,action,Christopher Nolan,3
Scott,42,"romance, sci-fi",Superbad,comedy,Greg Mottola,3
Scott,42,"romance, sci-fi",Forrest Gump,drama,Robert Zemeckis,4
Scott,42,"romance, sci-fi",Pulp Fiction,crime,Quentin Tarantino,5
Jasmin,53,"comedy, horror",Inception,sci-fi,Christopher Nolan,4
Jasmin,53,"comedy, horror",The Notebook,romance,Nick Cassavetes,1
Jasmin,53,"comedy, horror",Alien,horror,Ridley Scott,1
Jasmin,53,"comedy, horror",Gladiator,action,Ridley Scott,3
Jasmin,53,"comedy, horror",Mad Max: Fury Road,action,George Miller,3
Jasmin,53,"comedy, horror",Inception,sci-fi,Christopher Nolan,1
Bradley,24,"comedy, crime",Alien,horror,Ridley Scott,1
Bradley,24,"comedy, crime",Get Out,horror,Jordan Peele,5
Bradley,24,"comedy, crime",Shrek,animation,Andrew Adamson,2
Bradley,24,"comedy, crime",Inception,sci-fi,Christopher Nolan,4
Bradley,24,"comedy, crime",John Wick,action,Chad Stahelski,4
Thomas,29,"thriller, sci-fi",Superbad,comedy,Greg Mottola,4
Thomas,29,"thriller, sci-fi",Joker,crime,Todd Phillips,2
Thomas,29,"thriller, sci-fi",Interstellar,sci-fi,Christopher Nolan,2
Thomas,29,"thriller, sci-fi",Pulp Fiction,crime,Quentin Tarantino,2
Thomas,29,"thriller, sci-fi",Forrest Gump,drama,Robert Zemeckis,4
Thomas,29,"thriller, sci-fi",Get Out,horror,Jordan Peele,5
Thomas,29,"thriller, sci-fi",The Matrix,sci-fi,The Wachowskis,1
Natalie,24,"drama, animation",Inception,sci-fi,Christopher Nolan,4
Natalie,24,"drama, animation",Parasite,drama,Bong Joon-ho,2
Natalie,24,"drama, animation",Toy Story,animation,John Lasseter,1
Natalie,24,"drama, animation",Se7en,thriller,David Fincher,4
Angela,31,"horror, drama",Pulp Fiction,crime,Quentin Tarantino,1
Angela,31,"horror, drama",Gladiator,action,Ridley Scott,1
Angela,31,"horror, drama",The Dark Knight,action,Christopher Nolan,4
Angela,31,"horror, drama",Get Out,horror,Jordan Peele,2
Angela,31,"horror, drama",Pulp Fiction,crime,Quentin Tarantino,3
Angela,31,"horror, drama",Mad Max: Fury Road,action,George Miller,5
Angela,31,"horror, drama",Get Out,horror,Jordan Peele,3
Austin,62,"horror, comedy",Get Out,horror,Jordan Peele,3
Austin,62,"horror, comedy",Shrek,animation,Andrew Adamson,4
Austin,62,"horror, comedy",Finding Nemo,animation,Andrew Stanton,2
Austin,62,"horror, comedy",Gladiator,action,Ridley Scott,5
Austin,62,"horror, comedy",John Wick,action,Chad Stahelski,2
Austin,62,"horror, comedy",Superbad,comedy,Greg Mottola,5
Gina,32,"crime, fantasy",Parasite,drama,Bong Joon-ho,3
Gina,32,"crime, fantasy",Se7en,thriller,David Fincher,5
Gina,32,"crime, fantasy",John Wick,action,Chad Stahelski,4
Maurice,53,"comedy, thriller",Superbad,comedy,Greg Mottola,5
Maurice,53,"comedy, thriller",Shrek,animation,Andrew Adamson,3
Maurice,53,"comedy, thriller",The Dark Knight,action,Christopher Nolan,3
Maurice,53,"comedy, thriller",John Wick,action,Chad Stahelski,5
Maurice,53,"comedy, thriller",Inception,sci-fi,Christopher Nolan,4
Calvin,59,"romance, horror",Toy Story,animation,John Lasseter,2
Calvin,59,"romance, horror",Titanic,romance,James Cameron,3
Calvin,59,"romance, horror",John Wick,action,Chad Stahelski,3
Calvin,59,"romance, horror",The Matrix,sci-fi,The Wachowskis,3
Calvin,59,"romance, horror",Finding Nemo,animation,Andrew Stanton,3
Calvin,59,"romance, horror",Superbad,comedy,Greg Mottola,5
Calvin,59,"romance, horror",Joker,crime,Todd Phillips,3
Calvin,59,"romance, horror",Finding Nemo,animation,Andrew Stanton,2
Melanie,52,"fantasy, thriller",Finding Nemo,animation,Andrew Stanton,2
Melanie,52,"fantasy, thriller",Pulp Fiction,crime,Quentin Tarantino,5
Melanie,52,"fantasy, thriller",The Notebook,romance,Nick Cassavetes,3
Melanie,52,"fantasy, thriller",The Matrix,sci-fi,The Wachowskis,1
Melanie,52,"fantasy, thriller",Superbad,comedy,Greg Mottola,1
Melanie,52,"fantasy, thriller",Forrest Gump,drama,Robert Zemeckis,2
Randy,41,"horror, action",Se7en,thriller,David Fincher,5
Randy,41,"horror, action",Mad Max: Fury Road,action,George Miller,5
Randy,41,"horror, action",Get Out,horror,Jordan Peele,5
Randy,41,"horror, action",Se7en,thriller,David Fincher,5
Randy,41,"horror, action",Finding Nemo,animation,Andrew Stanton,1
Randy,41,"horror, action",Superbad,comedy,Greg Mottola,3
Randy,41,"horror, action",Gladiator,action,Ridley Scott,3
Randy,41,"horror, action",Alien,horror,Ridley Scott,5
Tina,39,"action, sci-fi",Interstellar,sci-fi,Christopher Nolan,5
Tina,39,"action, sci-fi",John Wick,action,Chad Stahelski,2
Tina,39,"action, sci-fi",Pulp Fiction,crime,Quentin Tarantino,3
Tina,39,"action, sci-fi",The Dark Knight,action,Christopher Nolan,5
George,60,"drama, crime",Alien,horror,Ridley Scott,4
George,60,"drama, crime",Finding Nemo,animation,Andrew Stanton,2
George,60,"drama, crime",Pulp Fiction,crime,Quentin Tarantino,3
George,60,"drama, crime",Shrek,animation,Andrew Adamson,5
George,60,"drama, crime",Finding Nemo,animation,Andrew Stanton,4
George,60,"drama, crime",Parasite,drama,Bong Joon-ho,5
Grace,49,"drama, thriller",Parasite,drama,Bong Joon-ho,3
Grace,49,"drama, thriller",Parasite,drama,Bong Joon-ho,1
Grace,49,"drama, thriller",Parasite,drama,Bong Joon-ho,4
Grace,49,"drama, thriller",Get Out,horror,Jordan Peele,1
Grace,49,"drama, thriller",Inception,sci-fi,Christopher Nolan,4
Lisa,35,"romance, action",Gladiator,action,Ridley Scott,3
Lisa,35,"romance, action",Titanic,romance,James Cameron,5
Lisa,35,"romance, action",Alien,horror,Ridley Scott,4
Lisa,35,"romance, action",Forrest Gump,drama,Robert Zemeckis,2
Lisa,35,"romance, action",Get Out,horror,Jordan Peele,1
Lisa,35,"romance, action",The Notebook,romance,Nick Cassavetes,1
Lisa,35,"romance, action",Joker,crime,Todd Phillips,3
Jaclyn,36,"animation, horror",Mad Max: Fury Road,action,George Miller,3
Jaclyn,36,"animation, horror",The Dark Knight,action,Christopher Nolan,5
Jaclyn,36,"animation, horror",Inception,sci-fi,Christopher Nolan,2
Jaclyn,36,"animation, horror",Joker,crime,Todd Phillips,3
Jaclyn,36,"animation, horror",The Notebook,romance,Nick Cassavetes,2
Jaclyn,36,"animation, horror",John Wick,action,Chad Stahelski,5
Jaclyn,36,"animation, horror",Pulp Fiction,crime,Quentin Tarantino,2
Jaclyn,36,"animation, horror",Se7en,thriller,David Fincher,2
Erica,54,"animation, thriller",Titanic,romance,James Cameron,1
Erica,54,"animation, thriller",John Wick,action,Chad Stahelski,5
Erica,54,"animation, thriller",The Dark Knight,action,Christopher Nolan,3
Erica,54,"animation, thriller",Parasite,drama,Bong Joon-ho,4
Erica,54,"animation, thriller",John Wick,action,Chad Stahelski,5
Erica,54,"animation, thriller",The Matrix,sci-fi,The Wachowskis,5
Erica,54,"animation, thriller",Shrek,animation,Andrew Adamson,2
Erica,54,"animation, thriller",Parasite,drama,Bong Joon-ho,4
Robert,29,"sci-fi, horror",Toy Story,animation,John Lasseter,3
Robert,29,"sci-fi, horror",Alien,horror,Ridley Scott,5
Robert,29,"sci-fi, horror",John Wick,action,Chad Stahelski,1
Robert,29,"sci-fi, horror",Joker,crime,Todd Phillips,5
Robert,29,"sci-fi, horror",Titanic,romance,James Cameron,3
Robert,29,"sci-fi, horror",Mad Max: Fury Road,action,George Miller,3
Robert,29,"sci-fi, horror",Finding Nemo,animation,Andrew Stanton,4
Robert,29,"sci-fi, horror",Inception,sci-fi,Christopher Nolan,4
Geoffrey,37,"action, comedy",Inception,sci-fi,Christopher Nolan,5
Geoffrey,37,"action, comedy",Mad Max: Fury Road,action,George Miller,4
Geoffrey,37,"action, comedy",Get Out,horror,Jordan Peele,1
Christopher,33,"thriller, action",The Matrix,sci-fi,The Wachowskis,4
Christopher,33,"thriller, action",The Notebook,romance,Nick Cassavetes,1
Christopher,33,"thriller, action",Alien,horror,Ridley Scott,5
Christopher,33,"thriller, action",Finding Nemo,animation,Andrew Stanton,3
Christopher,33,"thriller, action",Get Out,horror,Jordan Peele,5
Christopher,33,"thriller, action",Get Out,horror,Jordan Peele,2
Christopher,33,"thriller, action",John Wick,action,Chad Stahelski,1
Christopher,33,"thriller, action",The Matrix,sci-fi,The Wachowskis,4
William,51,"crime, drama",Gladiator,action,Ridley Scott,1
William,51,"crime, drama",Toy Story,animation,John Lasseter,5
William,51,"crime, drama",Finding Nemo,animation,Andrew Stanton,5
William,51,"crime, drama",Se7en,thriller,David Fincher,5
William,51,"crime, drama",Forrest Gump,drama,Robert Zemeckis,5
William,51,"crime, drama",John Wick,action,Chad Stahelski,4
William,51,"crime, drama",Get Out,horror,Jordan Peele,1
William,51,"crime, drama",Forrest Gump,drama,Robert Zemeckis,4
Mason,29,"fantasy, sci-fi",The Notebook,romance,Nick Cassavetes,1
Mason,29,"fantasy, sci-fi",The Dark Knight,action,Christopher Nolan,5
Mason,29,"fantasy, sci-fi",Inception,sci-fi,Christopher Nolan,4
Mason,29,"fantasy, sci-fi",The Matrix,sci-fi,The Wachowskis,1
Mason,29,"fantasy, sci-fi",Superbad,comedy,Greg Mottola,5
Mason,29,"fantasy, sci-fi",Inception,sci-fi,Christopher Nolan,1
Matthew,29,"animation, romance",Joker,crime,Todd Phillips,5
Matthew,29,"animation, romance",Finding Nemo,animation,Andrew Stanton,4
Matthew,29,"animation, romance",Gladiator,action,Ridley Scott,3
Matthew,29,"animation, romance",Parasite,drama,Bong Joon-ho,3
Matthew,29,"animation, romance",Pulp Fiction,crime,Quentin Tarantino,4
Stephanie,20,"action, drama",Toy Story,animation,John Lasseter,2
Stephanie,20,"action, drama",Toy Story,animation,John Lasseter,1
Stephanie,20,"action, drama",Get Out,horror,Jordan Peele,3
Stephanie,20,"action, drama",The Notebook,romance,Nick Cassavetes,1
Stephanie,20,"action, drama",Finding Nemo,animation,Andrew Stanton,2
Stephanie,20,"action, drama",Gladiator,action,Ridley Scott,5
Stephanie,20,"action, drama",Pulp Fiction,crime,Quentin Tarantino,1
Katelyn,38,"comedy, horror",Mad Max: Fury Road,action,George Miller,4
Katelyn,38,"comedy, horror",Pulp Fiction,crime,Quentin Tarantino,2
Katelyn,38,"comedy, horror",Parasite,drama,Bong Joon-ho,1
Katelyn,38,"comedy, horror",Forrest Gump,drama,Robert Zemeckis,4
Katelyn,38,"comedy, horror",Get Out,horror,Jordan Peele,5
Katelyn,38,"comedy, horror",Forrest Gump,drama,Robert Zemeckis,2
Katelyn,38,"comedy, horror",The Notebook,romance,Nick Cassavetes,5
Katelyn,38,"comedy, horror",Mad Max: Fury Road,action,George Miller,2
Ann,39,"drama, action",Se7en,thriller,David Fincher,3
Ann,39,"drama, action",Alien,horror,Ridley Scott,5
Ann,39,"drama, action",Get Out,horror,Jordan Peele,3
Ann,39,"drama, action",Se7en,thriller,David Fincher,3
Ann,39,"drama, action",Forrest Gump,drama,Robert Zemeckis,1
Ann,39,"drama, action",Superbad,comedy,Greg Mottola,5
Ann,39,"drama, action",Alien,horror,Ridley Scott,3
Michael,42,"horror, action",Finding Nemo,animation,Andrew Stanton,5
Michael,42,"horror, action",Shrek,animation,Andrew Adamson,3
Michael,42,"horror, action",Forrest Gump,drama,Robert Zemeckis,3
Michael,42,"horror, action",Joker,crime,Todd Phillips,4
Michael,42,"horror, action",Titanic,romance,James Cameron,2
Michael,42,"horror, action",Gladiator,action,Ridley Scott,3
Michael,42,"horror, action",The Notebook,romance,Nick Cassavetes,3
Wanda,45,"animation, thriller",Get Out,horror,Jordan Peele,1
Wanda,45,"animation, thriller",Titanic,romance,James Cameron,4
Wanda,45,"animation, thriller",Se7en,thriller,David Fincher,4
Wanda,45,"animation, thriller",Titanic,romance,James Cameron,3
Wanda,45,"animation, thriller",John Wick,action,Chad Stahelski,4
Wanda,45,"animation, thriller",Interstellar,sci-fi,Christopher Nolan,1
Wanda,45,"animation, thriller",Finding Nemo,animation,Andrew Stanton,2
Wanda,45,"animation, thriller",The Notebook,romance,Nick Cassavetes,5
Jason,34,"comedy, sci-fi",Superbad,comedy,Greg Mottola,3
Jason,34,"comedy, sci-fi",Finding Nemo,animation,Andrew Stanton,5
Jason,34,"comedy, sci-fi",Shrek,animation,Andrew Adamson,5
Jason,34,"comedy, sci-fi",The Matrix,sci-fi,The Wachowskis,4
Jason,34,"comedy, sci-fi",Superbad,comedy,Greg Mottola,2
Jason,34,"comedy, sci-fi",Superbad,comedy,Greg Mottola,2
Nicholas,44,"crime, romance",The Notebook,romance,Nick Cassavetes,3
Nicholas,44,"crime, romance",Mad Max: Fury Road,action,George Miller,5
Nicholas,44,"crime, romance",Pulp Fiction,crime,Quentin Tarantino,4
Nicholas,44,"crime, romance",The Notebook,romance,Nick Cassavetes,2
Nicholas,44,"crime, romance",Titanic,romance,James Cameron,4
Nicholas,44,"crime, romance",Toy Story,animation,John Lasseter,3
Nicholas,44,"crime, romance",Mad Max: Fury Road,action,George Miller,1
Nicholas,44,"crime, romance",Inception,sci-fi,Christopher Nolan,1
Jennifer,26,"fantasy, romance",Get Out,horror,Jordan Peele,2
Jennifer,26,"fantasy, romance",Pulp Fiction,crime,Quentin Tarantino,2
Jennifer,26,"fantasy, romance",Parasite,drama,Bong Joon-ho,2
Jennifer,26,"fantasy, romance",John Wick,action,Chad Stahelski,3
Stephen,41,"animation, comedy",Finding Nemo,animation,Andrew Stanton,2
Stephen,41,"animation, comedy",Get Out,horror,Jordan Peele,5
Stephen,41,"animation, comedy",The Dark Knight,action,Christopher Nolan,4
Stephen,41,"animation, comedy",Forrest Gump,drama,Robert Zemeckis,5
Stephen,41,"animation, comedy",Mad Max: Fury Road,action,George Miller,4
Stephen,41,"animation, comedy",Finding Nemo,animation,Andrew Stanton,1
Stephen,41,"animation, comedy",Inception,sci-fi,Christopher Nolan,2
Stephen,41,"animation, comedy",Se7en,thriller,David Fincher,1
John,52,"fantasy, crime",Inception,sci-fi,Christopher Nolan,2
John,52,"fantasy, crime",Superbad,comedy,Greg Mottola,3
John,52,"fantasy, crime",Parasite,drama,Bong Joon-ho,3
John,52,"fantasy, crime",Inception,sci-fi,Christopher Nolan,3
John,52,"fantasy, crime",Inception,sci-fi,Christopher Nolan,1
Phillip,22,"drama, action",John Wick,action,Chad Stahelski,3
Phillip,22,"drama, action",Superbad,comedy,Greg Mottola,4
Phillip,22,"drama, action",The Matrix,sci-fi,The Wachowskis,2
Alexandra,23,"sci-fi, horror",Inception,sci-fi,Christopher Nolan,2
Alexandra,23,"sci-fi, horror",Toy Story,animation,John Lasseter,2
Alexandra,23,"sci-fi, horror",Forrest Gump,drama,Robert Zemeckis,3
Alexandra,23,"sci-fi, horror",Interstellar,sci-fi,Christopher Nolan,2
Alexandra,23,"sci-fi, horror",The Matrix,sci-fi,The Wachowskis,5
Jessica,52,"action, comedy",Interstellar,sci-fi,Christopher Nolan,1
Jessica,52,"action, comedy",Forrest Gump,drama,Robert Zemeckis,2
Jessica,52,"action, comedy",Toy Story,animation,John Lasseter,3
Jessica,52,"action, comedy",Finding Nemo,animation,Andrew Stanton,4
Emily,35,"animation, crime",Forrest Gump,drama,Robert Zemeckis,5
Emily,35,"animation, crime",Parasite,drama,Bong Joon-ho,3
Emily,35,"animation, crime",Inception,sci-fi,Christopher Nolan,5
Emily,35,"animation, crime",Joker,crime,Todd Phillips,1
Emily,35,"animation, crime",Inception,sci-fi,Christopher Nolan,3
Lindsay,64,"comedy, horror",The Dark Knight,action,Christopher Nolan,2
Lindsay,64,"comedy, horror",Superbad,comedy,Greg Mottola,1
Lindsay,64,"comedy, horror",Inception,sci-fi,Christopher Nolan,3
Lindsay,64,"comedy, horror",The Dark Knight,action,Christopher Nolan,5
Lindsay,64,"comedy, horror",Titanic,romance,James Cameron,2
Lindsay,64,"comedy, horror",Forrest Gump,drama,Robert Zemeckis,2
Isabella,41,"action, crime",Gladiator,action,Ridley Scott,2
Isabella,41,"action, crime",Inception,sci-fi,Christopher Nolan,1
Isabella,41,"action, crime",Interstellar,sci-fi,Christopher Nolan,1
Isabella,41,"action, crime",Toy Story,animation,John Lasseter,5
Isabella,41,"action, crime",Pulp Fiction,crime,Quentin Tarantino,3
Isabella,41,"action, crime",Titanic,romance,James Cameron,1
Isabella,41,"action, crime",Gladiator,action,Ridley Scott,3
Isabella,41,"action, crime",The Notebook,romance,Nick Cassavetes,1
Richard,18,"animation, fantasy",Joker,crime,Todd Phillips,2
Richard,18,"animation, fantasy",John Wick,action,Chad Stahelski,1
Richard,18,"animation, fantasy",Titanic,romance,James Cameron,4
Jeffrey,41,"crime, comedy",Finding Nemo,animation,Andrew Stanton,4
Jeffrey,41,"crime, comedy",Get Out,horror,Jordan Peele,3
Jeffrey,41,"crime, comedy",Shrek,animation,Andrew Adamson,1
Jeffrey,41,"crime, comedy",The Dark Knight,action,Christopher Nolan,5
Eric,43,"comedy, drama",Se7en,thriller,David Fincher,4
Eric,43,"comedy, drama",Gladiator,action,Ridley Scott,2
Eric,43,"comedy, drama",Mad Max: Fury Road,action,George Miller,1
Eric,43,"comedy, drama",The Matrix,sci-fi,The Wachowskis,4
Samuel,32,"comedy, romance",Superbad,comedy,Greg Mottola,2
Samuel,32,"comedy, romance",Toy Story,animation,John Lasseter,4
Samuel,32,"comedy, romance",Joker,crime,Todd Phillips,2
Samuel,32,"comedy, romance",Titanic,romance,James Cameron,3
Allen,64,"drama, horror",The Dark Knight,action,Christopher Nolan,4
Allen,64,"drama, horror",Interstellar,sci-fi,Christopher Nolan,5
Allen,64,"drama, horror",Parasite,drama,Bong Joon-ho,2
Allen,64,"drama, horror",Mad Max: Fury Road,action,George Miller,5
Allen,64,"drama, horror",Shrek,animation,Andrew Adamson,1
Allen,64,"drama, horror",Finding Nemo,animation,Andrew Stanton,5
Allen,64,"drama, horror",The Dark Knight,action,Christopher Nolan,2
Jason,25,"thriller, animation",Titanic,romance,James Cameron,4
Jason,25,"thriller, animation",Mad Max: Fury Road,action,George Miller,1
Jason,25,"thriller, animation",Mad Max: Fury Road,action,George Miller,3
Jason,25,"thriller, animation",Get Out,horror,Jordan Peele,3
Jason,25,"thriller, animation",Parasite,drama,Bong Joon-ho,3
Jason,25,"thriller, animation",Shrek,animation,Andrew Adamson,4
Debbie,39,"romance, animation",Get Out,horror,Jordan Peele,2
Debbie,39,"romance, animation",Gladiator,action,Ridley Scott,3
Debbie,39,"romance, animation",Mad Max: Fury Road,action,George Miller,4
Debbie,39,"romance, animation",Finding Nemo,animation,Andrew Stanton,4
Debbie,39,"romance, animation",Titanic,romance,James Cameron,5
Debbie,39,"romance, animation",Pulp Fiction,crime,Quentin Tarantino,1
Amy,61,"thriller, sci-fi",Finding Nemo,animation,Andrew Stanton,2
Amy,61,"thriller, sci-fi",John Wick,action,Chad Stahelski,5
Amy,61,"thriller, sci-fi",Pulp Fiction,crime,Quentin Tarantino,1
Amy,61,"thriller, sci-fi",Se7en,thriller,David Fincher,2
Jacqueline,31,"sci-fi, romance",Interstellar,sci-fi,Christopher Nolan,1
Jacqueline,31,"sci-fi, romance",Forrest Gump,drama,Robert Zemeckis,3
Jacqueline,31,"sci-fi, romance",Forrest Gump,drama,Robert Zemeckis,1
Jacqueline,31,"sci-fi, romance",Joker,crime,Todd Phillips,2
Jacqueline,31,"sci-fi, romance",The Dark Knight,action,Christopher Nolan,2
Jacqueline,31,"sci-fi, romance",Joker,crime,Todd Phillips,5
Jacqueline,31,"sci-fi, romance",Pulp Fiction,crime,Quentin Tarantino,4
Colleen,38,"fantasy, drama",Pulp Fiction,crime,Quentin Tarantino,1
Colleen,38,"fantasy, drama",Get Out,horror,Jordan Peele,5
Colleen,38,"fantasy, drama",Joker,crime,Todd Phillips,4
Stephen,62,"drama, animation",Inception,sci-fi,Christopher Nolan,5
Stephen,62,"drama, animation",Finding Nemo,animation,Andrew Stanton,1
Stephen,62,"drama, animation",Joker,crime,Todd Phillips,4
Stephen,62,"drama, animation",Superbad,comedy,Greg Mottola,5
Stephen,62,"drama, animation",Shrek,animation,Andrew Adamson,4
Stephen,62,"drama, animation",Inception,sci-fi,Christopher Nolan,4
Deborah,62,"crime, thriller",The Matrix,sci-fi,The Wachowskis,1
Deborah,62,"crime, thriller",Se7en,thriller,David Fincher,4
Deborah,62,"crime, thriller",Shrek,animation,Andrew Adamson,5
Deborah,62,"crime, thriller",John Wick,action,Chad Stahelski,3
Deborah,62,"crime, thriller",Finding Nemo,animation,Andrew Stanton,5
Olivia,55,"fantasy, animation",Superbad,comedy,Greg Mottola,1
Olivia,55,"fantasy, animation",Toy Story,animation,John Lasseter,1
Olivia,55,"fantasy, animation",Mad Max: Fury Road,action,George Miller,2
Olivia,55,"fantasy, animation",Gladiator,action,Ridley Scott,4
Olivia,55,"fantasy, animation",Interstellar,sci-fi,Christopher Nolan,2
Omar,65,"crime, action",Titanic,romance,James Cameron,5
Omar,65,"crime, action",Interstellar,sci-fi,Christopher Nolan,2
Omar,65,"crime, action",Toy Story,animation,John Lasseter,3
Omar,65,"crime, action",The Notebook,romance,Nick Cassavetes,1
Omar,65,"crime, action",Superbad,comedy,Greg Mottola,5
Omar,65,"crime, action",Alien,horror,Ridley Scott,3
Emily,20,"crime, romance",Inception,sci-fi,Christopher Nolan,2
Emily,20,"crime, romance",Superbad,comedy,Greg Mottola,5
Emily,20,"crime, romance",Get Out,horror,Jordan Peele,2
Emily,20,"crime, romance",Forrest Gump,drama,Robert Zemeckis,2
Emily,20,"crime, romance",The Dark Knight,action,Christopher Nolan,5
Emily,20,"crime, romance",Inception,sci-fi,Christopher Nolan,2
Emily,20,"crime, romance",Toy Story,animation,John Lasseter,3
Hannah,33,"action, crime",Joker,crime,Todd Phillips,3
Hannah,33,"action, crime",Superbad,comedy,Greg Mottola,1
Hannah,33,"action, crime",The Notebook,romance,Nick Cassavetes,4
Hannah,33,"action, crime",Get Out,horror,Jordan Peele,5
Hannah,33,"action, crime",Mad Max: Fury Road,action,George Miller,2
Hannah,33,"action, crime",Toy Story,animation,John Lasseter,5
Hannah,33,"action, crime",Titanic,romance,James Cameron,3
Hannah,33,"action, crime",Superbad,comedy,Greg Mottola,2
Richard,19,"comedy, animation",Inception,sci-fi,Christopher Nolan,1
Richard,19,"comedy, animation",Parasite,drama,Bong Joon-ho,3
Richard,19,"comedy, animation",The Dark Knight,action,Christopher Nolan,4
Richard,19,"comedy, animation",Pulp Fiction,crime,Quentin Tarantino,2
Robert,52,"fantasy, romance",Superbad,comedy,Greg Mottola,5
Robert,52,"fantasy, romance",Joker,crime,Todd Phillips,5
Robert,52,"fantasy, romance",Interstellar,sci-fi,Christopher Nolan,5
Beth,27,"crime, sci-fi",John Wick,action,Chad Stahelski,3
Beth,27,"crime, sci-fi",Get Out,horror,Jordan Peele,3
Beth,27,"crime, sci-fi",Gladiator,action,Ridley Scott,4
Beth,27,"crime, sci-fi",Inception,sci-fi,Christopher Nolan,1
Beth,27,"crime, sci-fi",Toy Story,animation,John Lasseter,5
Beth,27,"crime, sci-fi",Inception,sci-fi,Christopher Nolan,2
Beth,27,"crime, sci-fi",Se7en,thriller,David Fincher,2
Beth,27,"crime, sci-fi",Titanic,romance,James Cameron,3
James,22,"romance, crime",Superbad,comedy,Greg Mottola,2
James,22,"romance, crime",Joker,crime,Todd Phillips,3
James,22,"romance, crime",Titanic,romance,James Cameron,3
James,22,"romance, crime",The Matrix,sci-fi,The Wachowskis,3
Richard,56,"drama, sci-fi",Get Out,horror,Jordan Peele,2
Richard,56,"drama, sci-fi",Pulp Fiction,crime,Quentin Tarantino,2
Richard,56,"drama, sci-fi",Shrek,animation,Andrew Adamson,4
Richard,56,"drama, sci-fi",The Dark Knight,action,Christopher Nolan,5
Richard,56,"drama, sci-fi",Superbad,comedy,Greg Mottola,1
Richard,56,"drama, sci-fi",Get Out,horror,Jordan Peele,2
Richard,56,"drama, sci-fi",Shrek,animation,Andrew Adamson,2
Kelli,53,"comedy, action",Interstellar,sci-fi,Christopher Nolan,2
Kelli,53,"comedy, action",Mad Max: Fury Road,action,George Miller,1
Kelli,53,"comedy, action",Se7en,thriller,David Fincher,1
Kelli,53,"comedy, action",The Notebook,romance,Nick Cassavetes,1
Kelli,53,"comedy, action",John Wick,action,Chad Stahelski,2
Kelli,53,"comedy, action",Shrek,animation,Andrew Adamson,2
Kelli,53,"comedy, action",Gladiator,action,Ridley Scott,1
Kelli,53,"comedy, action",Forrest Gump,drama,Robert Zemeckis,1
Christian,63,"horror, comedy",Superbad,comedy,Greg Mottola,1
Christian,63,"horror, comedy",John Wick,action,Chad Stahelski,1
Christian,63,"horror, comedy",Shrek,animation,Andrew Adamson,1
Christian,63,"horror, comedy",Titanic,romance,James Cameron,4
Christian,63,"horror, comedy",The Matrix,sci-fi,The Wachowskis,5
Christian,63,"horror, comedy",Interstellar,sci-fi,Christopher Nolan,3
Christian,63,"horror, comedy",Joker,crime,Todd Phillips,3
Christian,63,"horror, comedy",The Dark Knight,action,Christopher Nolan,1
Sarah,62,"romance, comedy",The Matrix,sci-fi,The Wachowskis,5
Sarah,62,"romance, comedy",Se7en,thriller,David Fincher,2
Sarah,62,"romance, comedy",John Wick,action,Chad Stahelski,4
Sarah,62,"romance, comedy",Inception,sci-fi,Christopher Nolan,4
Robert,33,"action, drama",Se7en,thriller,David Fincher,2
Robert,33,"action, drama",Parasite,drama,Bong Joon-ho,2
Robert,33,"action, drama",Joker,crime,Todd Phillips,3
Donald,38,"animation, comedy",The Dark Knight,action,Christopher Nolan,3
Donald,38,"animation, comedy",Joker,crime,Todd Phillips,4
Donald,38,"animation, comedy",Shrek,animation,Andrew Adamson,5
Donald,38,"animation, comedy",The Dark Knight,action,Christopher Nolan,2
Donald,38,"animation, comedy",Se7en,thriller,David Fincher,2
Donald,38,"animation, comedy",Superbad,comedy,Greg Mottola,3
Donald,38,"animation, comedy",The Notebook,romance,Nick Cassavetes,1
Donald,38,"animation, comedy",Finding Nemo,animation,Andrew Stanton,3
Steven,37,"horror, thriller",Mad Max: Fury Road,action,George Miller,5
Steven,37,"horror, thriller",Pulp Fiction,crime,Quentin Tarantino,2
Steven,37,"horror, thriller",Get Out,horror,Jordan Peele,2
David,58,"fantasy, crime",Inception,sci-fi,Christopher Nolan,2
David,58,"fantasy, crime",Joker,crime,Todd Phillips,1
David,58,"fantasy, crime",Parasite,drama,Bong Joon-ho,2
David,58,"fantasy, crime",Gladiator,action,Ridley Scott,4
Justin,46,"drama, comedy",Forrest Gump,drama,Robert Zemeckis,5
Justin,46,"drama, comedy",Inception,sci-fi,Christopher Nolan,3
Justin,46,"drama, comedy",Superbad,comedy,Greg Mottola,2
Justin,46,"drama, comedy",Gladiator,action,Ridley Scott,5
Sergio,30,"comedy, sci-fi",Se7en,thriller,David Fincher,4
Sergio,30,"comedy, sci-fi",Mad Max: Fury Road,action,George Miller,5
Sergio,30,"comedy, sci-fi",The Notebook,romance,Nick Cassavetes,3
Sergio,30,"comedy, sci-fi",Parasite,drama,Bong Joon-ho,5
Stacey,26,"fantasy, drama",Gladiator,action,Ridley Scott,4
Stacey,26,"fantasy, drama",Superbad,comedy,Greg Mottola,5
Stacey,26,"fantasy, drama",Mad Max: Fury Road,action,George Miller,1
Stacey,26,"fantasy, drama",Gladiator,action,Ridley Scott,1
Stacey,26,"fantasy, drama",Parasite,drama,Bong Joon-ho,3
Stacey,26,"fantasy, drama",Superbad,comedy,Greg Mottola,4
Stacey,26,"fantasy, drama",The Dark Knight,action,Christopher Nolan,5
Stacey,26,"fantasy, drama",Interstellar,sci-fi,Christopher Nolan,4
Devin,22,"comedy, romance",Shrek,animation,Andrew Adamson,3
Devin,22,"comedy, romance",John Wick,action,Chad Stahelski,3
Devin,22,"comedy, romance",Pulp Fiction,crime,Quentin Tarantino,4
Devin,22,"comedy, romance",The Notebook,romance,Nick Cassavetes,1
Devin,22,"comedy, romance",Get Out,horror,Jordan Peele,5
Devin,22,"comedy, romance",Gladiator,action,Ridley Scott,2
Omar,65,"comedy, sci-fi",Inception,sci-fi,Christopher Nolan,2
Omar,65,"comedy, sci-fi",Mad Max: Fury Road,action,George Miller,3
Omar,65,"comedy, sci-fi",Toy Story,animation,John Lasseter,3
Omar,65,"comedy, sci-fi",Forrest Gump,drama,Robert Zemeckis,1
Omar,65,"comedy, sci-fi",Finding Nemo,animation,Andrew Stanton,2
Omar,65,"comedy, sci-fi",The Notebook,romance,Nick Cassavetes,5
Javier,49,"drama, animation",Se7en,thriller,David Fincher,2
Javier,49,"drama, animation",Alien,horror,Ridley Scott,4
Javier,49,"drama, animation",Interstellar,sci-fi,Christopher Nolan,5
Javier,49,"drama, animation",The Matrix,sci-fi,The Wachowskis,1
Javier,49,"drama, animation",Forrest Gump,drama,Robert Zemeckis,1
Javier,49,"drama, animation",Superbad,comedy,Greg Mottola,3
Javier,49,"drama, animation",Interstellar,sci-fi,Christopher Nolan,4
Javier,49,"drama, animation",Se7en,thriller,David Fincher,4
Heather,25,"thriller, comedy",Inception,sci-fi,Christopher Nolan,4
Heather,25,"thriller, comedy",Interstellar,sci-fi,Christopher Nolan,2
Heather,25,"thriller, comedy",Shrek,animation,Andrew Adamson,5
Heather,25,"thriller, comedy",Pulp Fiction,crime,Quentin Tarantino,5
Heather,25,"thriller, comedy",Titanic,romance,James Cameron,2
Heather,25,"thriller, comedy",Joker,crime,Todd Phillips,4
Heather,25,"thriller, comedy",Inception,sci-fi,Christopher Nolan,2
James,27,"thriller, fantasy",Shrek,animation,Andrew Adamson,3
James,27,"thriller, fantasy",Joker,crime,Todd Phillips,3
James,27,"thriller, fantasy",Mad Max: Fury Road,action,George Miller,2
James,27,"thriller, fantasy",Gladiator,action,Ridley Scott,3
James,27,"thriller, fantasy",Finding Nemo,animation,Andrew Stanton,1
James,27,"thriller, fantasy",Shrek,animation,Andrew Adamson,2
James,27,"thriller, fantasy",Interstellar,sci-fi,Christopher Nolan,1
James,27,"thriller, fantasy",Toy Story,animation,John Lasseter,3
Angelica,21,"horror, drama",Se7en,thriller,David Fincher,2
Angelica,21,"horror, drama",Pulp Fiction,crime,Quentin Tarantino,2
Angelica,21,"horror, drama",Interstellar,sci-fi,Christopher Nolan,1
Angelica,21,"horror, drama",Pulp Fiction,crime,Quentin Tarantino,3
Angelica,21,"horror, drama",Mad Max: Fury Road,action,George Miller,4
Angelica,21,"horror, drama",Alien,horror,Ridley Scott,3
Angelica,21,"horror, drama",Mad Max: Fury Road,action,George Miller,2
Mark,48,"comedy, drama",Se7en,thriller,David Fincher,3
Mark,48,"comedy, drama",Alien,horror,Ridley Scott,4
Mark,48,"comedy, drama",Toy Story,animation,John Lasseter,1
Ryan,33,"drama, sci-fi",Finding Nemo,animation,Andrew Stanton,3
Ryan,33,"drama, sci-fi",Mad Max: Fury Road,action,George Miller,2
Ryan,33,"drama, sci-fi",John Wick,action,Chad Stahelski,5
Ryan,33,"drama, sci-fi",Finding Nemo,animation,Andrew Stanton,2
Ryan,33,"drama, sci-fi",Toy Story,animation,John Lasseter,5
Richard,21,"fantasy, action",Get Out,horror,Jordan Peele,4
Richard,21,"fantasy, action",Toy Story,animation,John Lasseter,1
Richard,21,"fantasy, action",Pulp Fiction,crime,Quentin Tarantino,4
Richard,21,"fantasy, action",Parasite,drama,Bong Joon-ho,4
Richard,21,"fantasy, action",Get Out,horror,Jordan Peele,2
Wendy,46,"animation, crime",Alien,horror,Ridley Scott,1
Wendy,46,"animation, crime",Parasite,drama,Bong Joon-ho,3
Wendy,46,"animation, crime",Alien,horror,Ridley Scott,1
Wendy,46,"animation, crime",Mad Max: Fury Road,action,George Miller,2
Wendy,46,"animation, crime",The Matrix,sci-fi,The Wachowskis,2
Melanie,64,"comedy, crime",Toy Story,animation,John Lasseter,5
Melanie,64,"comedy, crime",Gladiator,action,Ridley Scott,1
Melanie,64,"comedy, crime",Gladiator,action,Ridley Scott,3
Melanie,64,"comedy, crime",Gladiator,action,Ridley Scott,4
Melanie,64,"comedy, crime",Gladiator,action,Ridley Scott,2
Melanie,64,"comedy, crime",John Wick,action,Chad Stahelski,2
Bridget,33,"fantasy, thriller",Alien,horror,Ridley Scott,4
Bridget,33,"fantasy, thriller",Toy Story,animation,John Lasseter,1
Bridget,33,"fantasy, thriller",Forrest Gump,drama,Robert Zemeckis,3
Bridget,33,"fantasy, thriller",John Wick,action,Chad Stahelski,1
Bridget,33,"fantasy, thriller",The Notebook,romance,Nick Cassavetes,5
Bridget,33,"fantasy, thriller",The Dark Knight,action,Christopher Nolan,1
Bridget,33,"fantasy, thriller",Superbad,comedy,Greg Mottola,5
Bridget,33,"fantasy, thriller",The Matrix,sci-fi,The Wachowskis,4
Katie,46,"romance, animation",The Notebook,romance,Nick Cassavetes,1
Katie,46,"romance, animation",Inception,sci-fi,Christopher Nolan,2
Katie,46,"romance, animation",Forrest Gump,drama,Robert Zemeckis,1
Katie,46,"romance, animation",Inception,sci-fi,Christopher Nolan,2
Katie,46,"romance, animation",Toy Story,animation,John Lasseter,5
Katie,46,"romance, animation",Parasite,drama,Bong Joon-ho,5
Katie,46,"romance, animation",Superbad,comedy,Greg Mottola,5
Anthony,19,"comedy, fantasy",The Dark Knight,action,Christopher Nolan,2
Anthony,19,"comedy, fantasy",Inception,sci-fi,Christopher Nolan,3
Anthony,19,"comedy, fantasy",Shrek,animation,Andrew Adamson,1
Ann,32,"thriller, romance",Gladiator,action,Ridley Scott,5
Ann,32,"thriller, romance",Alien,horror,Ridley Scott,3
Ann,32,"thriller, romance",Titanic,romance,James Cameron,1
Ann,32,"thriller, romance",Finding Nemo,animation,Andrew Stanton,3
Ann,32,"thriller, romance",Titanic,romance,James Cameron,1
Nicolas,48,"fantasy, drama",Parasite,drama,Bong Joon-ho,3
Nicolas,48,"fantasy, drama",Shrek,animation,Andrew Adamson,1
Nicolas,48,"fantasy, drama",Get Out,horror,Jordan Peele,4
Nicolas,48,"fantasy, drama",Se7en,thriller,David Fincher,1
Nicolas,48,"fantasy, drama",Parasite,drama,Bong Joon-ho,5
Nicolas,48,"fantasy, drama",Get Out,horror,Jordan Peele,5
Nicolas,48,"fantasy, drama",Superbad,comedy,Greg Mottola,3
Brian,28,"fantasy, animation",Inception,sci-fi,Christopher Nolan,3
Brian,28,"fantasy, animation",Parasite,drama,Bong Joon-ho,4
Brian,28,"fantasy, animation",Interstellar,sci-fi,Christopher Nolan,3
Brian,28,"fantasy, animation",Get Out,horror,Jordan Peele,5
Brian,28,"fantasy, animation",Interstellar,sci-fi,Christopher Nolan,1
Brian,28,"fantasy, animation",Pulp Fiction,crime,Quentin Tarantino,4
Brian,28,"fantasy, animation",Get Out,horror,Jordan Peele,2
Joshua,50,"drama, horror",Inception,sci-fi,Christopher Nolan,3
Joshua,50,"drama, horror",Alien,horror,Ridley Scott,1
Joshua,50,"drama, horror",Shrek,animation,Andrew Adamson,3
Joshua,50,"drama, horror",Shrek,animation,Andrew Adamson,4
Joshua,50,"drama, horror",The Notebook,romance,Nick Cassavetes,3
Joshua,50,"drama, horror",Joker,crime,Todd Phillips,5
Joshua,50,"drama, horror",The Notebook,romance,Nick Cassavetes,4
Joshua,50,"drama, horror",John Wick,action,Chad Stahelski,1
Melissa,58,"action, horror",Titanic,romance,James Cameron,5
Melissa,58,"action, horror",Inception,sci-fi,Christopher Nolan,3
Melissa,58,"action, horror",Finding Nemo,animation,Andrew Stanton,4
Melissa,58,"action, horror",Forrest Gump,drama,Robert Zemeckis,2
Melissa,58,"action, horror",Superbad,comedy,Greg Mottola,5
Melissa,58,"action, horror",Superbad,comedy,Greg Mottola,1
Melissa,58,"action, horror",Gladiator,action,Ridley Scott,3
Melissa,58,"action, horror",Parasite,drama,Bong Joon-ho,3
Hannah,26,"thriller, comedy",Titanic,romance,James Cameron,4
Hannah,26,"thriller, comedy",Pulp Fiction,crime,Quentin Tarantino,4
Hannah,26,"thriller, comedy",Alien,horror,Ridley Scott,3
Hannah,26,"thriller, comedy",Gladiator,action,Ridley Scott,1
Hannah,26,"thriller, comedy",Alien,horror,Ridley Scott,5
Hannah,26,"thriller, comedy",Mad Max: Fury Road,action,George Miller,3
Daniel,41,"romance, comedy",Parasite,drama,Bong Joon-ho,5
Daniel,41,"romance, comedy",Titanic,romance,James Cameron,5
Daniel,41,"romance, comedy",Mad Max: Fury Road,action,George Miller,1
Alexandra,23,"action, crime",Se7en,thriller,David Fincher,2
Alexandra,23,"action, crime",Interstellar,sci-fi,Christopher Nolan,2
Alexandra,23,"action, crime",Toy Story,animation,John Lasseter,3
Elizabeth,52,"action, drama",John Wick,action,Chad Stahelski,2
Elizabeth,52,"action, drama",Titanic,romance,James Cameron,1
Elizabeth,52,"action, drama",Finding Nemo,animation,Andrew Stanton,4
Elizabeth,52,"action, drama",Parasite,drama,Bong Joon-ho,5
Joanna,54,"thriller, sci-fi",The Matrix,sci-fi,The Wachowskis,4
Joanna,54,"thriller, sci-fi",John Wick,action,Chad Stahelski,5
Joanna,54,"thriller, sci-fi",Parasite,drama,Bong Joon-ho,2
Joanna,54,"thriller, sci-fi",The Matrix,sci-fi,The Wachowskis,4
Joanna,54,"thriller, sci-fi",Finding Nemo,animation,Andrew Stanton,2
Joanna,54,"thriller, sci-fi",Toy Story,animation,John Lasseter,1
Joanna,54,"thriller, sci-fi",Mad Max: Fury Road,action,George Miller,3
Joanna,54,"thriller, sci-fi",Titanic,romance,James Cameron,1
Pamela,33,"animation, sci-fi",Interstellar,sci-fi,Christopher Nolan,3
Pamela,33,"animation, sci-fi",Mad Max: Fury Road,action,George Miller,5
Pamela,33,"animation, sci-fi",The Dark Knight,action,Christopher Nolan,2
Pamela,33,"animation, sci-fi",Inception,sci-fi,Christopher Nolan,3
Pamela,33,"animation, sci-fi",Finding Nemo,animation,Andrew Stanton,1
Pamela,33,"animation, sci-fi",Alien,horror,Ridley Scott,5
Pamela,33,"animation, sci-fi",Alien,horror,Ridley Scott,1
Pamela,33,"animation, sci-fi",The Matrix,sci-fi,The Wachowskis,1
Robert,22,"horror, fantasy",Get Out,horror,Jordan Peele,1
Robert,22,"horror, fantasy",Se7en,thriller,David Fincher,1
Robert,22,"horror, fantasy",Titanic,romance,James Cameron,5
Robert,22,"horror, fantasy",Gladiator,action,Ridley Scott,2
Megan,57,"romance, thriller",Se7en,thriller,David Fincher,1
Megan,57,"romance, thriller",Forrest Gump,drama,Robert Zemeckis,5
Megan,57,"romance, thriller",Mad Max: Fury Road,action,George Miller,3
Megan,57,"romance, thriller",Shrek,animation,Andrew Adamson,1
Megan,57,"romance, thriller",Parasite,drama,Bong Joon-ho,2
Megan,57,"romance, thriller",Get Out,horror,Jordan Peele,5
Megan,57,"romance, thriller",Se7en,thriller,David Fincher,3
Megan,57,"romance, thriller",Shrek,animation,Andrew Adamson,3
Lindsay,32,"crime, sci-fi",Parasite,drama,Bong Joon-ho,1
Lindsay,32,"crime, sci-fi",Titanic,romance,James Cameron,3
Lindsay,32,"crime, sci-fi",Alien,horror,Ridley Scott,1
Sheena,48,"romance, action",Finding Nemo,animation,Andrew Stanton,3
Sheena,48,"romance, action",The Notebook,romance,Nick Cassavetes,4
Sheena,48,"romance, action",The Dark Knight,action,Christopher Nolan,5
Sheena,48,"romance, action",Interstellar,sci-fi,Christopher Nolan,2
Sheena,48,"romance, action",Finding Nemo,animation,Andrew Stanton,3
Sheena,48,"romance, action",Interstellar,sci-fi,Christopher Nolan,3
Sheena,48,"romance, action",Alien,horror,Ridley Scott,1
Daniel,58,"sci-fi, horror",Superbad,comedy,Greg Mottola,2
Daniel,58,"sci-fi, horror",Inception,sci-fi,Christopher Nolan,2
Daniel,58,"sci-fi, horror",Get Out,horror,Jordan Peele,5
Daniel,58,"sci-fi, horror",Titanic,romance,James Cameron,4
Daniel,58,"sci-fi, horror",Titanic,romance,James Cameron,2
Daniel,58,"sci-fi, horror",John Wick,action,Chad Stahelski,2
Cindy,20,"thriller, action",John Wick,action,Chad Stahelski,5
Cindy,20,"thriller, action",The Dark Knight,action,Christopher Nolan,3
Cindy,20,"thriller, action",The Matrix,sci-fi,The Wachowskis,5
Cindy,20,"thriller, action",Toy Story,animation,John Lasseter,4
Cindy,20,"thriller, action",Mad Max: Fury Road,action,George Miller,3
Cindy,20,"thriller, action",Se7en,thriller,David Fincher,1
Cindy,20,"thriller, action",Toy Story,animation,John Lasseter,4
Cindy,20,"thriller, action",John Wick,action,Chad Stahelski,3
Kenneth,27,"horror, fantasy",Parasite,drama,Bong Joon-ho,2
Kenneth,27,"horror, fantasy",Finding Nemo,animation,Andrew Stanton,5
Kenneth,27,"horror, fantasy",Gladiator,action,Ridley Scott,5
Kenneth,27,"horror, fantasy",Gladiator,action,Ridley Scott,1
Kenneth,27,"horror, fantasy",The Dark Knight,action,Christopher Nolan,1
Kenneth,27,"horror, fantasy",The Notebook,romance,Nick Cassavetes,2
Kenneth,27,"horror, fantasy",Inception,sci-fi,Christopher Nolan,3
Kenneth,27,"horror, fantasy",Inception,sci-fi,Christopher Nolan,1
Christopher,55,"horror, drama",Interstellar,sci-fi,Christopher Nolan,4
Christopher,55,"horror, drama",Superbad,comedy,Greg Mottola,1
Christopher,55,"horror, drama",John Wick,action,Chad Stahelski,3
John,63,"drama, animation",Joker,crime,Todd Phillips,5
John,63,"drama, animation",Parasite,drama,Bong Joon-ho,3
John,63,"drama, animation",Titanic,romance,James Cameron,1
John,63,"drama, animation",Shrek,animation,Andrew Adamson,5
John,63,"drama, animation",Gladiator,action,Ridley Scott,4
John,63,"drama, animation",Inception,sci-fi,Christopher Nolan,1
Kyle,54,"romance, drama",The Notebook,romance,Nick Cassavetes,1
Kyle,54,"romance, drama",The Matrix,sci-fi,The Wachowskis,3
Kyle,54,"romance, drama",Finding Nemo,animation,Andrew Stanton,3
Kyle,54,"romance, drama",Inception,sci-fi,Christopher Nolan,1
Kyle,54,"romance, drama",Inception,sci-fi,Christopher Nolan,4
Kyle,54,"romance, drama",Forrest Gump,drama,Robert Zemeckis,3
Kyle,54,"romance, drama",Alien,horror,Ridley Scott,5
Kyle,54,"romance, drama",Titanic,romance,James Cameron,1
Jose,50,"drama, horror",The Matrix,sci-fi,The Wachowskis,1
Jose,50,"drama, horror",Pulp Fiction,crime,Quentin Tarantino,5
Jose,50,"drama, horror",Titanic,romance,James Cameron,4
Jose,50,"drama, horror",Get Out,horror,Jordan Peele,4
Jose,50,"drama, horror",The Matrix,sci-fi,The Wachowskis,4
Jose,50,"drama, horror",Joker,crime,Todd Phillips,2
Christina,37,"crime, thriller",Pulp Fiction,crime,Quentin Tarantino,2
Christina,37,"crime, thriller",The Dark Knight,action,Christopher Nolan,3
Christina,37,"crime, thriller",Parasite,drama,Bong Joon-ho,4
Christina,37,"crime, thriller",Titanic,romance,James Cameron,5
Michele,42,"sci-fi, comedy",Inception,sci-fi,Christopher Nolan,4
Michele,42,"sci-fi, comedy",Forrest Gump,drama,Robert Zemeckis,2
Michele,42,"sci-fi, comedy",Toy Story,animation,John Lasseter,3
Michele,42,"sci-fi, comedy",Forrest Gump,drama,Robert Zemeckis,3
Michele,42,"sci-fi, comedy",Se7en,thriller,David Fincher,5
Michele,42,"sci-fi, comedy",The Dark Knight,action,Christopher Nolan,2
Steven,57,"action, animation",Superbad,comedy,Greg Mottola,2
Steven,57,"action, animation",The Matrix,sci-fi,The Wachowskis,4
Steven,57,"action, animation",Parasite,drama,Bong Joon-ho,4
Steven,57,"action, animation",Shrek,animation,Andrew Adamson,2
Steven,57,"action, animation",Alien,horror,Ridley Scott,5
Steven,57,"action, animation",The Dark Knight,action,Christopher Nolan,5
Steven,57,"action, animation",Superbad,comedy,Greg Mottola,3
Steven,57,"action, animation",John Wick,action,Chad Stahelski,3
Randy,37,"thriller, crime",Gladiator,action,Ridley Scott,3
Randy,37,"thriller, crime",Alien,horror,Ridley Scott,2
Randy,37,"thriller, crime",The Notebook,romance,Nick Cassavetes,5
Christian,61,"drama, thriller",Joker,crime,Todd Phillips,4
Christian,61,"drama, thriller",Alien,horror,Ridley Scott,1
Christian,61,"drama, thriller",Shrek,animation,Andrew Adamson,2
Christian,61,"drama, thriller",Se7en,thriller,David Fincher,3
Christian,61,"drama, thriller",Shrek,animation,Andrew Adamson,3
Christian,61,"drama, thriller",Gladiator,action,Ridley Scott,4
Christian,61,"drama, thriller",John Wick,action,Chad Stahelski,2
Jacqueline,51,"thriller, comedy",The Matrix,sci-fi,The Wachowskis,3
Jacqueline,51,"thriller, comedy",The Dark Knight,action,Christopher Nolan,4
Jacqueline,51,"thriller, comedy",Se7en,thriller,David Fincher,2
Keith,52,"horror, comedy",The Dark Knight,action,Christopher Nolan,3
Keith,52,"horror, comedy",John Wick,action,Chad Stahelski,3
Keith,52,"horror, comedy",The Dark Knight,action,Christopher Nolan,1
Keith,52,"horror, comedy",Finding Nemo,animation,Andrew Stanton,4
Keith,52,"horror, comedy",John Wick,action,Chad Stahelski,3
Keith,52,"horror, comedy",The Dark Knight,action,Christopher Nolan,4
Jordan,30,"comedy, crime",The Dark Knight,action,Christopher Nolan,5
Jordan,30,"comedy, crime",Joker,crime,Todd Phillips,3
Jordan,30,"comedy, crime",Pulp Fiction,crime,Quentin Tarantino,1
Jordan,30,"comedy, crime",Get Out,horror,Jordan Peele,5
Jordan,30,"comedy, crime",The Notebook,romance,Nick Cassavetes,3
Jordan,30,"comedy, crime",Alien,horror,Ridley Scott,3
Jordan,30,"comedy, crime",Interstellar,sci-fi,Christopher Nolan,5
Jordan,30,"comedy, crime",Shrek,animation,Andrew Adamson,2
Julie,34,"thriller, animation",Superbad,comedy,Greg Mottola,2
Julie,34,"thriller, animation",The Notebook,romance,Nick Cassavetes,5
Julie,34,"thriller, animation",Joker,crime,Todd Phillips,1
Julie,34,"thriller, animation",The Dark Knight,action,Christopher Nolan,1
Julie,34,"thriller, animation",Gladiator,action,Ridley Scott,1
Alexander,60,"crime, romance",Parasite,drama,Bong Joon-ho,5
Alexander,60,"crime, romance",Superbad,comedy,Greg Mottola,2
Alexander,60,"crime, romance",Mad Max: Fury Road,action,George Miller,1
Alexander,60,"crime, romance",Get Out,horror,Jordan Peele,5
Alexander,60,"crime, romance",Shrek,animation,Andrew Adamson,2
Amber,18,"action, thriller",The Notebook,romance,Nick Cassavetes,5
Amber,18,"action, thriller",Finding Nemo,animation,Andrew Stanton,3
Amber,18,"action, thriller",Interstellar,sci-fi,Christopher Nolan,3
Kelsey,61,"romance, sci-fi",The Notebook,romance,Nick Cassavetes,3
Kelsey,61,"romance, sci-fi",Superbad,comedy,Greg Mottola,1
Kelsey,61,"romance, sci-fi",Pulp Fiction,crime,Quentin Tarantino,4
Kelsey,61,"romance, sci-fi",Gladiator,action,Ridley Scott,5
Marvin,21,"comedy, action",Pulp Fiction,crime,Quentin Tarantino,2
Marvin,21,"comedy, action",Mad Max: Fury Road,action,George Miller,3
Marvin,21,"comedy, action",Toy Story,animation,John Lasseter,2
Kevin,19,"crime, romance",Mad Max: Fury Road,action,George Miller,4
Kevin,19,"crime, romance",The Matrix,sci-fi,The Wachowskis,1
Kevin,19,"crime, romance",Joker,crime,Todd Phillips,5
Kevin,19,"crime, romance",Shrek,animation,Andrew Adamson,2
Teresa,31,"fantasy, comedy",The Dark Knight,action,Christopher Nolan,4
Teresa,31,"fantasy, comedy",Mad Max: Fury Road,action,George Miller,3
Teresa,31,"fantasy, comedy",Inception,sci-fi,Christopher Nolan,3
Teresa,31,"fantasy, comedy",The Matrix,sci-fi,The Wachowskis,3
Teresa,31,"fantasy, comedy",Finding Nemo,animation,Andrew Stanton,3
Teresa,31,"fantasy, comedy",The Matrix,sci-fi,The Wachowskis,5
Teresa,31,"fantasy, comedy",Alien,horror,Ridley Scott,1
Teresa,31,"fantasy, comedy",The Dark Knight,action,Christopher Nolan,2
Keith,53,"horror, fantasy",Inception,sci-fi,Christopher Nolan,2
Keith,53,"horror, fantasy",Gladiator,action,Ridley Scott,1
Keith,53,"horror, fantasy",The Dark Knight,action,Christopher Nolan,1
Keith,53,"horror, fantasy",The Matrix,sci-fi,The Wachowskis,5
Keith,53,"horror, fantasy",Titanic,romance,James Cameron,5
Keith,53,"horror, fantasy",Superbad,comedy,Greg Mottola,4
Keith,53,"horror, fantasy",Forrest Gump,drama,Robert Zemeckis,4
Jesse,59,"horror, thriller",The Dark Knight,action,Christopher Nolan,4
Jesse,59,"horror, thriller",Finding Nemo,animation,Andrew Stanton,4
Jesse,59,"horror, thriller",The Notebook,romance,Nick Cassavetes,1
Jesse,59,"horror, thriller",Shrek,animation,Andrew Adamson,4
Jesse,59,"horror, thriller",Gladiator,action,Ridley Scott,3
Jesse,59,"horror, thriller",Interstellar,sci-fi,Christopher Nolan,5
Roberto,59,"comedy, horror",Forrest Gump,drama,Robert Zemeckis,3
Roberto,59,"comedy, horror",Inception,sci-fi,Christopher Nolan,3
Roberto,59,"comedy, horror",The Matrix,sci-fi,The Wachowskis,1
Roberto,59,"comedy, horror",Joker,crime,Todd Phillips,1
Amanda,46,"animation, thriller",Joker,crime,Todd Phillips,2
Amanda,46,"animation, thriller",Toy Story,animation,John Lasseter,2
Amanda,46,"animation, thriller",Toy Story,animation,John Lasseter,5
Amanda,46,"animation, thriller",Gladiator,action,Ridley Scott,4
Amanda,46,"animation, thriller",Pulp Fiction,crime,Quentin Tarantino,5
Christina,58,"drama, sci-fi",Toy Story,animation,John Lasseter,4
Christina,58,"drama, sci-fi",Forrest Gump,drama,Robert Zemeckis,2
Christina,58,"drama, sci-fi",Alien,horror,Ridley Scott,2
Christina,58,"drama, sci-fi",Mad Max: Fury Road,action,George Miller,2
Christina,58,"drama, sci-fi",The Matrix,sci-fi,The Wachowskis,2
Christina,58,"drama, sci-fi",Joker,crime,Todd Phillips,2
Robin,22,"thriller, animation",Finding Nemo,animation,Andrew Stanton,2
Robin,22,"thriller, animation",Mad Max: Fury Road,action,George Miller,4
Robin,22,"thriller, animation",Alien,horror,Ridley Scott,2
Robin,22,"thriller, animation",Shrek,animation,Andrew Adamson,3
Robin,22,"thriller, animation",Mad Max: Fury Road,action,George Miller,3
Robin,22,"thriller, animation",Inception,sci-fi,Christopher Nolan,3
Robin,22,"thriller, animation",Se7en,thriller,David Fincher,4
Robin,22,"thriller, animation",Forrest Gump,drama,Robert Zemeckis,5
Matthew,61,"horror, animation",Parasite,drama,Bong Joon-ho,5
Matthew,61,"horror, animation",Mad Max: Fury Road,action,George Miller,2
Matthew,61,"horror, animation",The Notebook,romance,Nick Cassavetes,1
Matthew,61,"horror, animation",Get Out,horror,Jordan Peele,3
Matthew,61,"horror, animation",The Notebook,romance,Nick Cassavetes,3
Matthew,61,"horror, animation",Joker,crime,Todd Phillips,4
Matthew,61,"horror, animation",The Notebook,romance,Nick Cassavetes,2
James,35,"drama, action",Alien,horror,Ridley Scott,2
James,35,"drama, action",Forrest Gump,drama,Robert Zemeckis,1
James,35,"drama, action",Titanic,romance,James Cameron,3
James,35,"drama, action",Joker,crime,Todd Phillips,2
James,35,"drama, action",Pulp Fiction,crime,Quentin Tarantino,2
James,35,"drama, action",Toy Story,animation,John Lasseter,3
James,35,"drama, action",The Matrix,sci-fi,The Wachowskis,5
James,35,"drama, action",The Dark Knight,action,Christopher Nolan,5
Dominique,40,"action, drama",Forrest Gump,drama,Robert Zemeckis,1
Dominique,40,"action, drama",Inception,sci-fi,Christopher Nolan,5
Dominique,40,"action, drama",Superbad,comedy,Greg Mottola,4
Dominique,40,"action, drama",Joker,crime,Todd Phillips,4
Sean,44,"romance, action",Alien,horror,Ridley Scott,1
Sean,44,"romance, action",Shrek,animation,Andrew Adamson,2
Sean,44,"romance, action",Inception,sci-fi,Christopher Nolan,4
Sean,44,"romance, action",Inception,sci-fi,Christopher Nolan,3
Mitchell,63,"comedy, action",The Matrix,sci-fi,The Wachowskis,4
Mitchell,63,"comedy, action",Superbad,comedy,Greg Mottola,1
Mitchell,63,"comedy, action",The Matrix,sci-fi,The Wachowskis,4
Mitchell,63,"comedy, action",Shrek,animation,Andrew Adamson,3
Mitchell,63,"comedy, action",Interstellar,sci-fi,Christopher Nolan,2
Mitchell,63,"comedy, action",Superbad,comedy,Greg Mottola,1
Mitchell,63,"comedy, action",Toy Story,animation,John Lasseter,1
Mitchell,63,"comedy, action",Titanic,romance,James Cameron,3
Tina,46,"drama, animation",Superbad,comedy,Greg Mottola,1
Tina,46,"drama, animation",Interstellar,sci-fi,Christopher Nolan,2
Tina,46,"drama, animation",John Wick,action,Chad Stahelski,5
Tina,46,"drama, animation",Pulp Fiction,crime,Quentin Tarantino,2
Tina,46,"drama, animation",Superbad,comedy,Greg Mottola,2
Tina,46,"drama, animation",Joker,crime,Todd Phillips,4
John,65,"action, crime",Get Out,horror,Jordan Peele,1
John,65,"action, crime",Mad Max: Fury Road,action,George Miller,1
John,65,"action, crime",Shrek,animation,Andrew Adamson,3
John,65,"action, crime",Interstellar,sci-fi,Christopher Nolan,5
John,65,"action, crime",Joker,crime,Todd Phillips,5
John,65,"action, crime",Forrest Gump,drama,Robert Zemeckis,2
Vanessa,62,"romance, fantasy",Inception,sci-fi,Christopher Nolan,5
Vanessa,62,"romance, fantasy",Interstellar,sci-fi,Christopher Nolan,2
Vanessa,62,"romance, fantasy",Se7en,thriller,David Fincher,5
Vanessa,62,"romance, fantasy",John Wick,action,Chad Stahelski,4
Vanessa,62,"romance, fantasy",Se7en,thriller,David Fincher,4
Vanessa,62,"romance, fantasy",Pulp Fiction,crime,Quentin Tarantino,4
Vanessa,62,"romance, fantasy",Parasite,drama,Bong Joon-ho,4
Gregory,48,"horror, drama",The Notebook,romance,Nick Cassavetes,2
Gregory,48,"horror, drama",Get Out,horror,Jordan Peele,4
Gregory,48,"horror, drama",The Dark Knight,action,Christopher Nolan,2
Gregory,48,"horror, drama",Inception,sci-fi,Christopher Nolan,5
Gregory,48,"horror, drama",Finding Nemo,animation,Andrew Stanton,2
Gregory,48,"horror, drama",Forrest Gump,drama,Robert Zemeckis,5
Gregory,48,"horror, drama",The Notebook,romance,Nick Cassavetes,5
Gregory,48,"horror, drama",John Wick,action,Chad Stahelski,2
Robert,23,"drama, horror",Shrek,animation,Andrew Adamson,4
Robert,23,"drama, horror",Get Out,horror,Jordan Peele,5
Robert,23,"drama, horror",Interstellar,sci-fi,Christopher Nolan,4
Robert,23,"drama, horror",Alien,horror,Ridley Scott,5
Robert,23,"drama, horror",Toy Story,animation,John Lasseter,3
Robert,23,"drama, horror",Titanic,romance,James Cameron,2
Robert,23,"drama, horror",Get Out,horror,Jordan Peele,5
Latasha,58,"comedy, horror",The Notebook,romance,Nick Cassavetes,1
Latasha,58,"comedy, horror",Interstellar,sci-fi,Christopher Nolan,3
Latasha,58,"comedy, horror",Mad Max: Fury Road,action,George Miller,3
Latasha,58,"comedy, horror",Mad Max: Fury Road,action,George Miller,1
Latasha,58,"comedy, horror",Parasite,drama,Bong Joon-ho,5
Latasha,58,"comedy, horror",Se7en,thriller,David Fincher,5
Latasha,58,"comedy, horror",Finding Nemo,animation,Andrew Stanton,1
Latasha,58,"comedy, horror",Forrest Gump,drama,Robert Zemeckis,2
Jennifer,48,"sci-fi, fantasy",Shrek,animation,Andrew Adamson,5
Jennifer,48,"sci-fi, fantasy",Mad Max: Fury Road,action,George Miller,4
Jennifer,48,"sci-fi, fantasy",Parasite,drama,Bong Joon-ho,4
Jennifer,48,"sci-fi, fantasy",Parasite,drama,Bong Joon-ho,2
Carolyn,25,"sci-fi, action",Se7en,thriller,David Fincher,3
Carolyn,25,"sci-fi, action",Gladiator,action,Ridley Scott,4
Carolyn,25,"sci-fi, action",Parasite,drama,Bong Joon-ho,5
Carolyn,25,"sci-fi, action",Get Out,horror,Jordan Peele,5
Carolyn,25,"sci-fi, action",Shrek,animation,Andrew Adamson,1
Carolyn,25,"sci-fi, action",Shrek,animation,Andrew Adamson,1
Carolyn,25,"sci-fi, action",Get Out,horror,Jordan Peele,5
Carolyn,25,"sci-fi, action",Joker,crime,Todd Phillips,1
Brian,32,"animation, thriller",Gladiator,action,Ridley Scott,2
Brian,32,"animation, thriller",Forrest Gump,drama,Robert Zemeckis,5
Brian,32,"animation, thriller",The Matrix,sci-fi,The Wachowskis,3
Brian,32,"animation, thriller",Get Out,horror,Jordan Peele,3
Brian,32,"animation, thriller",The Notebook,romance,Nick Cassavetes,5
Brian,32,"animation, thriller",John Wick,action,Chad Stahelski,4
Brian,32,"animation, thriller",Superbad,comedy,Greg Mottola,2
Brian,32,"animation, thriller",Se7en,thriller,David Fincher,5
Patty,36,"fantasy, action",Forrest Gump,drama,Robert Zemeckis,3
Patty,36,"fantasy, action",Parasite,drama,Bong Joon-ho,1
Patty,36,"fantasy, action",Inception,sci-fi,Christopher Nolan,4
Patty,36,"fantasy, action",Se7en,thriller,David Fincher,2
Erin,51,"sci-fi, drama",Mad Max: Fury Road,action,George Miller,3
Erin,51,"sci-fi, drama",John Wick,action,Chad Stahelski,4
Erin,51,"sci-fi, drama",Pulp Fiction,crime,Quentin Tarantino,1
Erin,51,"sci-fi, drama",Pulp Fiction,crime,Quentin Tarantino,1
Allison,27,"thriller, horror",Gladiator,action,Ridley Scott,5
Allison,27,"thriller, horror",Alien,horror,Ridley Scott,1
Allison,27,"thriller, horror",Shrek,animation,Andrew Adamson,1
Allison,27,"thriller, horror",John Wick,action,Chad Stahelski,4
Allison,27,"thriller, horror",The Dark Knight,action,Christopher Nolan,4
Allison,27,"thriller, horror",Finding Nemo,animation,Andrew Stanton,3
Allison,27,"thriller, horror",Finding Nemo,animation,Andrew Stanton,3
Michelle,25,"thriller, animation",Toy Story,animation,John Lasseter,1
Michelle,25,"thriller, animation",The Dark Knight,action,Christopher Nolan,2
Michelle,25,"thriller, animation",Interstellar,sci-fi,Christopher Nolan,1
Teresa,59,"animation, comedy",The Matrix,sci-fi,The Wachowskis,2
Teresa,59,"animation, comedy",Inception,sci-fi,Christopher Nolan,3
Teresa,59,"animation, comedy",Mad Max: Fury Road,action,George Miller,1
Tricia,65,"fantasy, sci-fi",Inception,sci-fi,Christopher Nolan,5
Tricia,65,"fantasy, sci-fi",Se7en,thriller,David Fincher,3
Tricia,65,"fantasy, sci-fi",Superbad,comedy,Greg Mottola,1
Tricia,65,"fantasy, sci-fi",Pulp Fiction,crime,Quentin Tarantino,2
Tricia,65,"fantasy, sci-fi",Gladiator,action,Ridley Scott,5
Tricia,65,"fantasy, sci-fi",Shrek,animation,Andrew Adamson,2
Tricia,65,"fantasy, sci-fi",The Notebook,romance,Nick Cassavetes,2
Eileen,23,"romance, thriller",Superbad,comedy,Greg Mottola,5
Eileen,23,"romance, thriller",Get Out,horror,Jordan Peele,4
Eileen,23,"romance, thriller",Finding Nemo,animation,Andrew Stanton,4
Eileen,23,"romance, thriller",Finding Nemo,animation,Andrew Stanton,3
Eileen,23,"romance, thriller",Superbad,comedy,Greg Mottola,5
Thomas,25,"crime, animation",The Dark Knight,action,Christopher Nolan,4
Thomas,25,"crime, animation",Inception,sci-fi,Christopher Nolan,2
Thomas,25,"crime, animation",Gladiator,action,Ridley Scott,1
Thomas,25,"crime, animation",Toy Story,animation,John Lasseter,2
Thomas,25,"crime, animation",Pulp Fiction,crime,Quentin Tarantino,2
Thomas,25,"crime, animation",John Wick,action,Chad Stahelski,4
Thomas,25,"crime, animation",John Wick,action,Chad Stahelski,2
Thomas,25,"crime, animation",Shrek,animation,Andrew Adamson,2
Joshua,49,"romance, horror",Interstellar,sci-fi,Christopher Nolan,3
Joshua,49,"romance, horror",Titanic,romance,James Cameron,2
Joshua,49,"romance, horror",John Wick,action,Chad Stahelski,2
Joshua,49,"romance, horror",Get Out,horror,Jordan Peele,1
Joshua,49,"romance, horror",The Matrix,sci-fi,The Wachowskis,1
Joshua,49,"romance, horror",Toy Story,animation,John Lasseter,4
Joshua,49,"romance, horror",Gladiator,action,Ridley Scott,3
Joshua,49,"romance, horror",The Dark Knight,action,Christopher Nolan,5
Richard,61,"crime, fantasy",Interstellar,sci-fi,Christopher Nolan,2
Richard,61,"crime, fantasy",Mad Max: Fury Road,action,George Miller,2
Richard,61,"crime, fantasy",Joker,crime,Todd Phillips,5
Richard,61,"crime, fantasy",Superbad,comedy,Greg Mottola,4
Nathan,36,"romance, thriller",Interstellar,sci-fi,Christopher Nolan,3
Nathan,36,"romance, thriller",Alien,horror,Ridley Scott,4
Nathan,36,"romance, thriller",Finding Nemo,animation,Andrew Stanton,1
Nathan,36,"romance, thriller",Inception,sci-fi,Christopher Nolan,2
Nathan,36,"romance, thriller",Gladiator,action,Ridley Scott,2
Nathan,36,"romance, thriller",Alien,horror,Ridley Scott,5
Nathan,36,"romance, thriller",Gladiator,action,Ridley Scott,4
Jessica,64,"fantasy, sci-fi",Mad Max: Fury Road,action,George Miller,3
Jessica,64,"fantasy, sci-fi",Get Out,horror,Jordan Peele,1
Jessica,64,"fantasy, sci-fi",Mad Max: Fury Road,action,George Miller,5
Jessica,64,"fantasy, sci-fi",Se7en,thriller,David Fincher,3
Alexis,25,"animation, action",Se7en,thriller,David Fincher,4
Alexis,25,"animation, action",Toy Story,animation,John Lasseter,5
Alexis,25,"animation, action",Gladiator,action,Ridley Scott,4
Alexis,25,"animation, action",Se7en,thriller,David Fincher,1
Andrew,49,"comedy, crime",John Wick,action,Chad Stahelski,2
Andrew,49,"comedy, crime",Mad Max: Fury Road,action,George Miller,1
Andrew,49,"comedy, crime",Joker,crime,Todd Phillips,1
Andrew,49,"comedy, crime",Interstellar,sci-fi,Christopher Nolan,1
Andrew,49,"comedy, crime",Pulp Fiction,crime,Quentin Tarantino,3
Thomas,61,"comedy, horror",Get Out,horror,Jordan Peele,3
Thomas,61,"comedy, horror",Pulp Fiction,crime,Quentin Tarantino,4
Thomas,61,"comedy, horror",Gladiator,action,Ridley Scott,3
Amanda,39,"crime, comedy",Mad Max: Fury Road,action,George Miller,5
Amanda,39,"crime, comedy",Gladiator,action,Ridley Scott,1
Amanda,39,"crime, comedy",Mad Max: Fury Road,action,George Miller,2
Amanda,39,"crime, comedy",Alien,horror,Ridley Scott,2
Amanda,39,"crime, comedy",Pulp Fiction,crime,Quentin Tarantino,1
Amanda,39,"crime, comedy",Pulp Fiction,crime,Quentin Tarantino,1
Amanda,39,"crime, comedy",The Dark Knight,action,Christopher Nolan,3
Amanda,39,"crime, comedy",Mad Max: Fury Road,action,George Miller,2
Christopher,39,"horror, fantasy",Superbad,comedy,Greg Mottola,4
Christopher,39,"horror, fantasy",The Matrix,sci-fi,The Wachowskis,5
Christopher,39,"horror, fantasy",The Dark Knight,action,Christopher Nolan,1
Christopher,39,"horror, fantasy",Se7en,thriller,David Fincher,1
Christopher,39,"horror, fantasy",Se7en,thriller,David Fincher,5
Christopher,39,"horror, fantasy",Get Out,horror,Jordan Peele,2
Megan,45,"comedy, drama",John Wick,action,Chad Stahelski,1
Megan,45,"comedy, drama",Toy Story,animation,John Lasseter,4
Megan,45,"comedy, drama",Interstellar,sci-fi,Christopher Nolan,4
Megan,45,"comedy, drama",Finding Nemo,animation,Andrew Stanton,1
Michael,32,"thriller, animation",Forrest Gump,drama,Robert Zemeckis,3
Michael,32,"thriller, animation",Mad Max: Fury Road,action,George Miller,1
Michael,32,"thriller, animation",The Matrix,sci-fi,The Wachowskis,5
Michael,32,"thriller, animation",Mad Max: Fury Road,action,George Miller,2
Deborah,64,"thriller, fantasy",Alien,horror,Ridley Scott,5
Deborah,64,"thriller, fantasy",Forrest Gump,drama,Robert Zemeckis,2
Deborah,64,"thriller, fantasy",John Wick,action,Chad Stahelski,5
Deborah,64,"thriller, fantasy",Forrest Gump,drama,Robert Zemeckis,2
Kyle,52,"comedy, fantasy",Mad Max: Fury Road,action,George Miller,2
Kyle,52,"comedy, fantasy",Interstellar,sci-fi,Christopher Nolan,2
Kyle,52,"comedy, fantasy",Se7en,thriller,David Fincher,2
Kyle,52,"comedy, fantasy",Finding Nemo,animation,Andrew Stanton,4
Kyle,52,"comedy, fantasy",The Dark Knight,action,Christopher Nolan,3
Kyle,52,"comedy, fantasy",Shrek,animation,Andrew Adamson,1
Kyle,52,"comedy, fantasy",Interstellar,sci-fi,Christopher Nolan,4
Kyle,52,"comedy, fantasy",Toy Story,animation,John Lasseter,1
Paul,35,"animation, crime",Toy Story,animation,John Lasseter,1
Paul,35,"animation, crime",Mad Max: Fury Road,action,George Miller,1
Paul,35,"animation, crime",Get Out,horror,Jordan Peele,1
Christopher,39,"fantasy, action",The Dark Knight,action,Christopher Nolan,4
Christopher,39,"fantasy, action",Interstellar,sci-fi,Christopher Nolan,4
Christopher,39,"fantasy, action",Inception,sci-fi,Christopher Nolan,3
Christopher,39,"fantasy, action",Alien,horror,Ridley Scott,3
Erik,41,"thriller, animation",Toy Story,animation,John Lasseter,1
Erik,41,"thriller, animation",Get Out,horror,Jordan Peele,5
Erik,41,"thriller, animation",The Dark Knight,action,Christopher Nolan,5
Erik,41,"thriller, animation",Joker,crime,Todd Phillips,4
Erik,41,"thriller, animation",Mad Max: Fury Road,action,George Miller,1
Erik,41,"thriller, animation",Interstellar,sci-fi,Christopher Nolan,1
Toni,62,"drama, thriller",Joker,crime,Todd Phillips,2
Toni,62,"drama, thriller",The Matrix,sci-fi,The Wachowskis,4
Toni,62,"drama, thriller",Joker,crime,Todd Phillips,2
Toni,62,"drama, thriller",Forrest Gump,drama,Robert Zemeckis,1
Toni,62,"drama, thriller",John Wick,action,Chad Stahelski,5
Alexander,44,"animation, drama",The Notebook,romance,Nick Cassavetes,3
Alexander,44,"animation, drama",The Dark Knight,action,Christopher Nolan,3
Alexander,44,"animation, drama",Alien,horror,Ridley Scott,4
Alexander,44,"animation, drama",Alien,horror,Ridley Scott,4
Alexander,44,"animation, drama",Alien,horror,Ridley Scott,5
Alexander,44,"animation, drama",Forrest Gump,drama,Robert Zemeckis,3
Steven,27,"romance, thriller",Alien,horror,Ridley Scott,3
Steven,27,"romance, thriller",Joker,crime,Todd Phillips,2
Steven,27,"romance, thriller",Toy Story,animation,John Lasseter,4
Claudia,25,"crime, romance",Get Out,horror,Jordan Peele,4
Claudia,25,"crime, romance",Parasite,drama,Bong Joon-ho,1
Claudia,25,"crime, romance",Titanic,romance,James Cameron,2
Claudia,25,"crime, romance",Se7en,thriller,David Fincher,3
Claudia,25,"crime, romance",Joker,crime,Todd Phillips,4
Claudia,25,"crime, romance",Se7en,thriller,David Fincher,5
Claudia,25,"crime, romance",Alien,horror,Ridley Scott,4
Alison,32,"thriller, action",Get Out,horror,Jordan Peele,2
Alison,32,"thriller, action",Alien,horror,Ridley Scott,5
Alison,32,"thriller, action",The Notebook,romance,Nick Cassavetes,2
Alison,32,"thriller, action",Alien,horror,Ridley Scott,4
Alison,32,"thriller, action",Interstellar,sci-fi,Christopher Nolan,5
Alison,32,"thriller, action",Toy Story,animation,John Lasseter,3
Alison,32,"thriller, action",Alien,horror,Ridley Scott,1
Alison,32,"thriller, action",The Notebook,romance,Nick Cassavetes,2
Joel,21,"horror, action",Alien,horror,Ridley Scott,3
Joel,21,"horror, action",Titanic,romance,James Cameron,3
Joel,21,"horror, action",Parasite,drama,Bong Joon-ho,3
Joel,21,"horror, action",The Dark Knight,action,Christopher Nolan,3
Joel,21,"horror, action",Alien,horror,Ridley Scott,2
Joel,21,"horror, action",Mad Max: Fury Road,action,George Miller,3
Amy,28,"animation, drama",The Matrix,sci-fi,The Wachowskis,3
Amy,28,"animation, drama",Shrek,animation,Andrew Adamson,4
Amy,28,"animation, drama",John Wick,action,Chad Stahelski,3
Amy,28,"animation, drama",Interstellar,sci-fi,Christopher Nolan,1
Amy,28,"animation, drama",Toy Story,animation,John Lasseter,4
Amy,28,"animation, drama",Forrest Gump,drama,Robert Zemeckis,3
Amy,28,"animation, drama",Pulp Fiction,crime,Quentin Tarantino,3
Thomas,25,"action, fantasy",John Wick,action,Chad Stahelski,4
Thomas,25,"action, fantasy",Toy Story,animation,John Lasseter,5
Thomas,25,"action, fantasy",Alien,horror,Ridley Scott,5
Thomas,25,"action, fantasy",Finding Nemo,animation,Andrew Stanton,1
Thomas,25,"action, fantasy",Mad Max: Fury Road,action,George Miller,4
Thomas,25,"action, fantasy",Forrest Gump,drama,Robert Zemeckis,4
Thomas,25,"action, fantasy",The Dark Knight,action,Christopher Nolan,4
Thomas,25,"action, fantasy",Titanic,romance,James Cameron,3
Jeffrey,31,"crime, drama",Joker,crime,Todd Phillips,3
Jeffrey,31,"crime, drama",Shrek,animation,Andrew Adamson,3
Jeffrey,31,"crime, drama",John Wick,action,Chad Stahelski,5
Jeffrey,31,"crime, drama",Mad Max: Fury Road,action,George Miller,4
Eugene,53,"action, drama",The Dark Knight,action,Christopher Nolan,4
Eugene,53,"action, drama",The Dark Knight,action,Christopher Nolan,3
Eugene,53,"action, drama",Alien,horror,Ridley Scott,3
Sara,31,"horror, animation",Finding Nemo,animation,Andrew Stanton,2
Sara,31,"horror, animation",Toy Story,animation,John Lasseter,5
Sara,31,"horror, animation",Finding Nemo,animation,Andrew Stanton,3
Sara,31,"horror, animation",Pulp Fiction,crime,Quentin Tarantino,4
Sara,31,"horror, animation",The Notebook,romance,Nick Cassavetes,3
Sara,31,"horror, animation",Pulp Fiction,crime,Quentin Tarantino,4
Sara,31,"horror, animation",Mad Max: Fury Road,action,George Miller,3
Crystal,37,"animation, fantasy",John Wick,action,Chad Stahelski,1
Crystal,37,"animation, fantasy",Se7en,thriller,David Fincher,4
Crystal,37,"animation, fantasy",Interstellar,sci-fi,Christopher Nolan,1
Crystal,37,"animation, fantasy",The Dark Knight,action,Christopher Nolan,3
Amy,36,"thriller, horror",Joker,crime,Todd Phillips,4
Amy,36,"thriller, horror",Parasite,drama,Bong Joon-ho,5
Amy,36,"thriller, horror",Se7en,thriller,David Fincher,4
Amy,36,"thriller, horror",Se7en,thriller,David Fincher,4
Amy,36,"thriller, horror",Shrek,animation,Andrew Adamson,3
Sarah,36,"animation, romance",Pulp Fiction,crime,Quentin Tarantino,4
Sarah,36,"animation, romance",Get Out,horror,Jordan Peele,2
Sarah,36,"animation, romance",Titanic,romance,James Cameron,1
Scott,39,"comedy, animation",Forrest Gump,drama,Robert Zemeckis,2
Scott,39,"comedy, animation",The Notebook,romance,Nick Cassavetes,2
Scott,39,"comedy, animation",Toy Story,animation,John Lasseter,5
Scott,39,"comedy, animation",Superbad,comedy,Greg Mottola,1
Renee,61,"fantasy, drama",John Wick,action,Chad Stahelski,1
Renee,61,"fantasy, drama",The Matrix,sci-fi,The Wachowskis,4
Renee,61,"fantasy, drama",Gladiator,action,Ridley Scott,1
Renee,61,"fantasy, drama",John Wick,action,Chad Stahelski,5
Renee,61,"fantasy, drama",Gladiator,action,Ridley Scott,3
Renee,61,"fantasy, drama",The Matrix,sci-fi,The Wachowskis,3
Jamie,60,"sci-fi, romance",The Matrix,sci-fi,The Wachowskis,4
Jamie,60,"sci-fi, romance",The Dark Knight,action,Christopher Nolan,4
Jamie,60,"sci-fi, romance",John Wick,action,Chad Stahelski,3
Jamie,60,"sci-fi, romance",Superbad,comedy,Greg Mottola,5
Jamie,60,"sci-fi, romance",Mad Max: Fury Road,action,George Miller,4
Patrick,53,"thriller, fantasy",The Dark Knight,action,Christopher Nolan,4
Patrick,53,"thriller, fantasy",Joker,crime,Todd Phillips,1
Patrick,53,"thriller, fantasy",Finding Nemo,animation,Andrew Stanton,5
Patrick,53,"thriller, fantasy",Get Out,horror,Jordan Peele,5
Patrick,53,"thriller, fantasy",Inception,sci-fi,Christopher Nolan,1
Patrick,53,"thriller, fantasy",The Notebook,romance,Nick Cassavetes,5
Douglas,63,"action, sci-fi",Get Out,horror,Jordan Peele,3
Douglas,63,"action, sci-fi",The Dark Knight,action,Christopher Nolan,4
Douglas,63,"action, sci-fi",Titanic,romance,James Cameron,2
Douglas,63,"action, sci-fi",Gladiator,action,Ridley Scott,5
Richard,51,"crime, romance",Get Out,horror,Jordan Peele,5
Richard,51,"crime, romance",Get Out,horror,Jordan Peele,1
Richard,51,"crime, romance",Superbad,comedy,Greg Mottola,1
Richard,51,"crime, romance",The Dark Knight,action,Christopher Nolan,4
Autumn,64,"horror, fantasy",Toy Story,animation,John Lasseter,5
Autumn,64,"horror, fantasy",Gladiator,action,Ridley Scott,5
Autumn,64,"horror, fantasy",Inception,sci-fi,Christopher Nolan,1
Autumn,64,"horror, fantasy",The Dark Knight,action,Christopher Nolan,3
Autumn,64,"horror, fantasy",Parasite,drama,Bong Joon-ho,3
Joseph,44,"thriller, animation",Get Out,horror,Jordan Peele,4
Joseph,44,"thriller, animation",Forrest Gump,drama,Robert Zemeckis,3
Joseph,44,"thriller, animation",Inception,sci-fi,Christopher Nolan,5
Pamela,19,"thriller, fantasy",Forrest Gump,drama,Robert Zemeckis,2
Pamela,19,"thriller, fantasy",John Wick,action,Chad Stahelski,4
Pamela,19,"thriller, fantasy",The Dark Knight,action,Christopher Nolan,2
Pamela,19,"thriller, fantasy",Titanic,romance,James Cameron,4
Pamela,19,"thriller, fantasy",Se7en,thriller,David Fincher,3
Pamela,19,"thriller, fantasy",Toy Story,animation,John Lasseter,5
Pamela,19,"thriller, fantasy",Pulp Fiction,crime,Quentin Tarantino,5
Matthew,59,"sci-fi, animation",The Matrix,sci-fi,The Wachowskis,1
Matthew,59,"sci-fi, animation",The Matrix,sci-fi,The Wachowskis,5
Matthew,59,"sci-fi, animation",Titanic,romance,James Cameron,1
Matthew,59,"sci-fi, animation",Joker,crime,Todd Phillips,3
Matthew,59,"sci-fi, animation",The Dark Knight,action,Christopher Nolan,2
Matthew,59,"sci-fi, animation",The Notebook,romance,Nick Cassavetes,1
Brian,42,"comedy, romance",Mad Max: Fury Road,action,George Miller,3
Brian,42,"comedy, romance",Se7en,thriller,David Fincher,5
Brian,42,"comedy, romance",Titanic,romance,James Cameron,3
Brian,42,"comedy, romance",The Notebook,romance,Nick Cassavetes,3
Brian,42,"comedy, romance",Gladiator,action,Ridley Scott,4
Brian,42,"comedy, romance",Parasite,drama,Bong Joon-ho,4
Ricky,32,"action, animation",Gladiator,action,Ridley Scott,1
Ricky,32,"action, animation",Pulp Fiction,crime,Quentin Tarantino,3
Ricky,32,"action, animation",The Dark Knight,action,Christopher Nolan,3
Ricky,32,"action, animation",Joker,crime,Todd Phillips,3
Erica,57,"comedy, crime",Toy Story,animation,John Lasseter,1
Erica,57,"comedy, crime",The Dark Knight,action,Christopher Nolan,5
Erica,57,"comedy, crime",Toy Story,animation,John Lasseter,1
Erica,57,"comedy, crime",Parasite,drama,Bong Joon-ho,2
Erica,57,"comedy, crime",The Notebook,romance,Nick Cassavetes,5
Erica,57,"comedy, crime",Superbad,comedy,Greg Mottola,5
Michael,63,"animation, crime",Gladiator,action,Ridley Scott,5
Michael,63,"animation, crime",Mad Max: Fury Road,action,George Miller,5
Michael,63,"animation, crime",Parasite,drama,Bong Joon-ho,2
Michael,63,"animation, crime",Forrest Gump,drama,Robert Zemeckis,5
Sandra,53,"horror, action",Inception,sci-fi,Christopher Nolan,2
Sandra,53,"horror, action",Pulp Fiction,crime,Quentin Tarantino,1
Sandra,53,"horror, action",The Matrix,sci-fi,The Wachowskis,3
Kelsey,31,"animation, comedy",Gladiator,action,Ridley Scott,5
Kelsey,31,"animation, comedy",Pulp Fiction,crime,Quentin Tarantino,3
Kelsey,31,"animation, comedy",Joker,crime,Todd Phillips,1
Kelsey,31,"animation, comedy",Toy Story,animation,John Lasseter,5
Kelsey,31,"animation, comedy",Gladiator,action,Ridley Scott,3
Kelsey,31,"animation, comedy",Inception,sci-fi,Christopher Nolan,2
Scott,42,"action, romance",Joker,crime,Todd Phillips,2
Scott,42,"action, romance",Finding Nemo,animation,Andrew Stanton,4
Scott,42,"action, romance",John Wick,action,Chad Stahelski,5
Scott,42,"action, romance",Forrest Gump,drama,Robert Zemeckis,3
Tonya,46,"drama, fantasy",Gladiator,action,Ridley Scott,2
Tonya,46,"drama, fantasy",Alien,horror,Ridley Scott,5
Tonya,46,"drama, fantasy",Joker,crime,Todd Phillips,2
Jason,37,"crime, horror",Inception,sci-fi,Christopher Nolan,4
Jason,37,"crime, horror",The Notebook,romance,Nick Cassavetes,4
Jason,37,"crime, horror",The Matrix,sci-fi,The Wachowskis,4
Jason,37,"crime, horror",Get Out,horror,Jordan Peele,2
Jason,37,"crime, horror",Interstellar,sci-fi,Christopher Nolan,4
Jason,37,"crime, horror",Get Out,horror,Jordan Peele,1
Jason,37,"crime, horror",Toy Story,animation,John Lasseter,2
Daniel,32,"horror, comedy",Superbad,comedy,Greg Mottola,5
Daniel,32,"horror, comedy",Finding Nemo,animation,Andrew Stanton,2
Daniel,32,"horror, comedy",Shrek,animation,Andrew Adamson,1
Daniel,32,"horror, comedy",Inception,sci-fi,Christopher Nolan,4
Daniel,32,"horror, comedy",John Wick,action,Chad Stahelski,5
Daniel,32,"horror, comedy",Se7en,thriller,David Fincher,4
Daniel,32,"horror, comedy",The Dark Knight,action,Christopher Nolan,4
Laura,36,"sci-fi, action",Get Out,horror,Jordan Peele,4
Laura,36,"sci-fi, action",Superbad,comedy,Greg Mottola,5
Laura,36,"sci-fi, action",Finding Nemo,animation,Andrew Stanton,2
Laura,36,"sci-fi, action",Se7en,thriller,David Fincher,5
Laura,36,"sci-fi, action",Shrek,animation,Andrew Adamson,2
Laura,36,"sci-fi, action",Interstellar,sci-fi,Christopher Nolan,5
Laura,36,"sci-fi, action",Parasite,drama,Bong Joon-ho,2
Tyler,18,"comedy, sci-fi",Se7en,thriller,David Fincher,5
Tyler,18,"comedy, sci-fi",Mad Max: Fury Road,action,George Miller,2
Tyler,18,"comedy, sci-fi",Parasite,drama,Bong Joon-ho,5
Justin,45,"animation, thriller",Joker,crime,Todd Phillips,3
Justin,45,"animation, thriller",Shrek,animation,Andrew Adamson,3
Justin,45,"animation, thriller",Mad Max: Fury Road,action,George Miller,1
Justin,45,"animation, thriller",Toy Story,animation,John Lasseter,5
Justin,45,"animation, thriller",Pulp Fiction,crime,Quentin Tarantino,4
Justin,45,"animation, thriller",Finding Nemo,animation,Andrew Stanton,4
Joseph,31,"thriller, crime",Parasite,drama,Bong Joon-ho,4
Joseph,31,"thriller, crime",Se7en,thriller,David Fincher,5
Joseph,31,"thriller, crime",The Notebook,romance,Nick Cassavetes,4
Joseph,31,"thriller, crime",The Dark Knight,action,Christopher Nolan,4
Joseph,31,"thriller, crime",Shrek,animation,Andrew Adamson,5
Erica,29,"thriller, romance",Alien,horror,Ridley Scott,1
Erica,29,"thriller, romance",Titanic,romance,James Cameron,3
Erica,29,"thriller, romance",Se7en,thriller,David Fincher,5
Erica,29,"thriller, romance",Superbad,comedy,Greg Mottola,4
Erica,29,"thriller, romance",John Wick,action,Chad Stahelski,1
Erica,29,"thriller, romance",Shrek,animation,Andrew Adamson,2
Erica,29,"thriller, romance",Get Out,horror,Jordan Peele,1
Erica,29,"thriller, romance",Alien,horror,Ridley Scott,1
Alyssa,28,"action, fantasy",The Notebook,romance,Nick Cassavetes,3
Alyssa,28,"action, fantasy",Finding Nemo,animation,Andrew Stanton,1
Alyssa,28,"action, fantasy",Toy Story,animation,John Lasseter,4
Kayla,42,"sci-fi, animation",Finding Nemo,animation,Andrew Stanton,3
Kayla,42,"sci-fi, animation",Finding Nemo,animation,Andrew Stanton,2
Kayla,42,"sci-fi, animation",Gladiator,action,Ridley Scott,1
Kayla,42,"sci-fi, animation",The Matrix,sci-fi,The Wachowskis,1
Kayla,42,"sci-fi, animation",Superbad,comedy,Greg Mottola,3
Kayla,42,"sci-fi, animation",Interstellar,sci-fi,Christopher Nolan,4
Kayla,42,"sci-fi, animation",Alien,horror,Ridley Scott,2
Kayla,42,"sci-fi, animation",Get Out,horror,Jordan Peele,4
Dorothy,50,"animation, romance",John Wick,action,Chad Stahelski,2
Dorothy,50,"animation, romance",Get Out,horror,Jordan Peele,4
Dorothy,50,"animation, romance",The Notebook,romance,Nick Cassavetes,5
Nicole,33,"comedy, animation",John Wick,action,Chad Stahelski,2
Nicole,33,"comedy, animation",Superbad,comedy,Greg Mottola,2
Nicole,33,"comedy, animation",Shrek,animation,Andrew Adamson,4
Kristopher,44,"action, romance",Forrest Gump,drama,Robert Zemeckis,4
Kristopher,44,"action, romance",The Matrix,sci-fi,The Wachowskis,3
Kristopher,44,"action, romance",Mad Max: Fury Road,action,George Miller,2
Kristopher,44,"action, romance",Pulp Fiction,crime,Quentin Tarantino,3
Kristopher,44,"action, romance",Shrek,animation,Andrew Adamson,2
Kristopher,44,"action, romance",Get Out,horror,Jordan Peele,3
Kristopher,44,"action, romance",Mad Max: Fury Road,action,George Miller,1
Anthony,53,"crime, action",Gladiator,action,Ridley Scott,5
Anthony,53,"crime, action",John Wick,action,Chad Stahelski,3
Anthony,53,"crime, action",Toy Story,animation,John Lasseter,5
Anthony,53,"crime, action",Alien,horror,Ridley Scott,3
Anthony,53,"crime, action",Se7en,thriller,David Fincher,3
Darlene,31,"horror, sci-fi",Forrest Gump,drama,Robert Zemeckis,2
Darlene,31,"horror, sci-fi",Se7en,thriller,David Fincher,2
Darlene,31,"horror, sci-fi",Forrest Gump,drama,Robert Zemeckis,5
Darlene,31,"horror, sci-fi",Toy Story,animation,John Lasseter,4
Darlene,31,"horror, sci-fi",The Notebook,romance,Nick Cassavetes,4
Ivan,33,"action, romance",Toy Story,animation,John Lasseter,2
Ivan,33,"action, romance",The Matrix,sci-fi,The Wachowskis,1
Ivan,33,"action, romance",Gladiator,action,Ridley Scott,3
Ivan,33,"action, romance",Parasite,drama,Bong Joon-ho,5
Ivan,33,"action, romance",Alien,horror,Ridley Scott,4
Ivan,33,"action, romance",Gladiator,action,Ridley Scott,3
Ivan,33,"action, romance",Superbad,comedy,Greg Mottola,3
Terri,29,"animation, sci-fi",Titanic,romance,James Cameron,2
Terri,29,"animation, sci-fi",Se7en,thriller,David Fincher,4
Terri,29,"animation, sci-fi",Mad Max: Fury Road,action,George Miller,1
Terri,29,"animation, sci-fi",John Wick,action,Chad Stahelski,1
Stacy,56,"fantasy, thriller",Interstellar,sci-fi,Christopher Nolan,2
Stacy,56,"fantasy, thriller",The Matrix,sci-fi,The Wachowskis,5
Stacy,56,"fantasy, thriller",Gladiator,action,Ridley Scott,3
Allison,26,"thriller, horror",Superbad,comedy,Greg Mottola,1
Allison,26,"thriller, horror",The Dark Knight,action,Christopher Nolan,1
Allison,26,"thriller, horror",Joker,crime,Todd Phillips,4
Allison,26,"thriller, horror",Titanic,romance,James Cameron,3
Jeffery,39,"romance, drama",Titanic,romance,James Cameron,5
Jeffery,39,"romance, drama",Joker,crime,Todd Phillips,4
Jeffery,39,"romance, drama",The Dark Knight,action,Christopher Nolan,2
Jeffery,39,"romance, drama",The Matrix,sci-fi,The Wachowskis,2
Melissa,21,"animation, fantasy",Forrest Gump,drama,Robert Zemeckis,1
Melissa,21,"animation, fantasy",Parasite,drama,Bong Joon-ho,4
Melissa,21,"animation, fantasy",Gladiator,action,Ridley Scott,1
Melissa,21,"animation, fantasy",John Wick,action,Chad Stahelski,3
Melissa,21,"animation, fantasy",Alien,horror,Ridley Scott,3
Melissa,21,"animation, fantasy",Mad Max: Fury Road,action,George Miller,5
Melissa,21,"animation, fantasy",The Notebook,romance,Nick Cassavetes,3
Roger,42,"thriller, sci-fi",Mad Max: Fury Road,action,George Miller,2
Roger,42,"thriller, sci-fi",Joker,crime,Todd Phillips,2
Roger,42,"thriller, sci-fi",Interstellar,sci-fi,Christopher Nolan,3
Roger,42,"thriller, sci-fi",Forrest Gump,drama,Robert Zemeckis,2
Roger,42,"thriller, sci-fi",John Wick,action,Chad Stahelski,3
Jodi,64,"drama, animation",Pulp Fiction,crime,Quentin Tarantino,1
Jodi,64,"drama, animation",Se7en,thriller,David Fincher,5
Jodi,64,"drama, animation",Interstellar,sci-fi,Christopher Nolan,2
Jodi,64,"drama, animation",Mad Max: Fury Road,action,George Miller,3
Walter,43,"fantasy, comedy",Se7en,thriller,David Fincher,5
Walter,43,"fantasy, comedy",Gladiator,action,Ridley Scott,3
Walter,43,"fantasy, comedy",The Matrix,sci-fi,The Wachowskis,5
Walter,43,"fantasy, comedy",Inception,sci-fi,Christopher Nolan,2
Walter,43,"fantasy, comedy",Se7en,thriller,David Fincher,1
Walter,43,"fantasy, comedy",Finding Nemo,animation,Andrew Stanton,5
Christopher,29,"action, crime",Pulp Fiction,crime,Quentin Tarantino,1
Christopher,29,"action, crime",Forrest Gump,drama,Robert Zemeckis,2
Christopher,29,"action, crime",Finding Nemo,animation,Andrew Stanton,1
Brady,63,"animation, sci-fi",Mad Max: Fury Road,action,George Miller,1
Brady,63,"animation, sci-fi",Forrest Gump,drama,Robert Zemeckis,2
Brady,63,"animation, sci-fi",Inception,sci-fi,Christopher Nolan,1
Christina,52,"horror, romance",Finding Nemo,animation,Andrew Stanton,3
Christina,52,"horror, romance",Se7en,thriller,David Fincher,4
Christina,52,"horror, romance",Joker,crime,Todd Phillips,2
Christina,52,"horror, romance",Finding Nemo,animation,Andrew Stanton,1
Christina,52,"horror, romance",Gladiator,action,Ridley Scott,1
Christina,52,"horror, romance",Interstellar,sci-fi,Christopher Nolan,2
Christina,52,"horror, romance",Finding Nemo,animation,Andrew Stanton,1
Jeffrey,26,"drama, fantasy",Get Out,horror,Jordan Peele,3
Jeffrey,26,"drama, fantasy",Gladiator,action,Ridley Scott,2
Jeffrey,26,"drama, fantasy",Titanic,romance,James Cameron,5
Jeffrey,26,"drama, fantasy",The Matrix,sci-fi,The Wachowskis,1
Jeffrey,26,"drama, fantasy",Pulp Fiction,crime,Quentin Tarantino,1
Russell,48,"drama, sci-fi",Alien,horror,Ridley Scott,3
Russell,48,"drama, sci-fi",Se7en,thriller,David Fincher,5
Russell,48,"drama, sci-fi",Mad Max: Fury Road,action,George Miller,2
Russell,48,"drama, sci-fi",Get Out,horror,Jordan Peele,5
Russell,48,"drama, sci-fi",Toy Story,animation,John Lasseter,5
Russell,48,"drama, sci-fi",Gladiator,action,Ridley Scott,2
Russell,48,"drama, sci-fi",Alien,horror,Ridley Scott,5
Russell,48,"drama, sci-fi",Interstellar,sci-fi,Christopher Nolan,5
Evan,53,"horror, animation",Toy Story,animation,John Lasseter,5
Evan,53,"horror, animation",Se7en,thriller,David Fincher,4
Evan,53,"horror, animation",Inception,sci-fi,Christopher Nolan,2
Evan,53,"horror, animation",Interstellar,sci-fi,Christopher Nolan,1
Evan,53,"horror, animation",The Dark Knight,action,Christopher Nolan,3
Evan,53,"horror, animation",Alien,horror,Ridley Scott,4
Evan,53,"horror, animation",Parasite,drama,Bong Joon-ho,1
Evan,53,"horror, animation",Superbad,comedy,Greg Mottola,4
Heidi,57,"action, sci-fi",The Notebook,romance,Nick Cassavetes,2
Heidi,57,"action, sci-fi",Inception,sci-fi,Christopher Nolan,2
Heidi,57,"action, sci-fi",Alien,horror,Ridley Scott,5
Heidi,57,"action, sci-fi",Se7en,thriller,David Fincher,5
Heidi,57,"action, sci-fi",Alien,horror,Ridley Scott,1
Heidi,57,"action, sci-fi",Get Out,horror,Jordan Peele,2
Heidi,57,"action, sci-fi",Alien,horror,Ridley Scott,1
Heidi,57,"action, sci-fi",Mad Max: Fury Road,action,George Miller,1
Cassandra,51,"crime, fantasy",Forrest Gump,drama,Robert Zemeckis,4
Cassandra,51,"crime, fantasy",Interstellar,sci-fi,Christopher Nolan,4
Cassandra,51,"crime, fantasy",Finding Nemo,animation,Andrew Stanton,3
John,59,"drama, action",Forrest Gump,drama,Robert Zemeckis,5
John,59,"drama, action",Finding Nemo,animation,Andrew Stanton,4
John,59,"drama, action",The Notebook,romance,Nick Cassavetes,3
John,59,"drama, action",Pulp Fiction,crime,Quentin Tarantino,5
John,59,"drama, action",John Wick,action,Chad Stahelski,2
John,59,"drama, action",The Matrix,sci-fi,The Wachowskis,4
John,59,"drama, action",Parasite,drama,Bong Joon-ho,4
Theresa,62,"animation, action",Se7en,thriller,David Fincher,1
Theresa,62,"animation, action",The Notebook,romance,Nick Cassavetes,2
Theresa,62,"animation, action",The Matrix,sci-fi,The Wachowskis,2
Laura,48,"thriller, crime",Parasite,drama,Bong Joon-ho,1
Laura,48,"thriller, crime",Toy Story,animation,John Lasseter,1
Laura,48,"thriller, crime",Gladiator,action,Ridley Scott,1
Laura,48,"thriller, crime",Mad Max: Fury Road,action,George Miller,4
Laura,48,"thriller, crime",Forrest Gump,drama,Robert Zemeckis,1
Laura,48,"thriller, crime",Finding Nemo,animation,Andrew Stanton,5
Laura,48,"thriller, crime",Pulp Fiction,crime,Quentin Tarantino,3
Laura,48,"thriller, crime",Superbad,comedy,Greg Mottola,5
Scott,42,"animation, comedy",Gladiator,action,Ridley Scott,5
Scott,42,"animation, comedy",Forrest Gump,drama,Robert Zemeckis,3
Scott,42,"animation, comedy",Forrest Gump,drama,Robert Zemeckis,3
Scott,42,"animation, comedy",Mad Max: Fury Road,action,George Miller,4
Scott,42,"animation, comedy",The Dark Knight,action,Christopher Nolan,1
Scott,42,"animation, comedy",Mad Max: Fury Road,action,George Miller,5
Scott,42,"animation, comedy",Gladiator,action,Ridley Scott,4
Jasmine,39,"action, horror",Superbad,comedy,Greg Mottola,4
Jasmine,39,"action, horror",Se7en,thriller,David Fincher,2
Jasmine,39,"action, horror",Shrek,animation,Andrew Adamson,5
Jasmine,39,"action, horror",Shrek,animation,Andrew Adamson,3
Jasmine,39,"action, horror",Joker,crime,Todd Phillips,1
Nathan,20,"crime, drama",Forrest Gump,drama,Robert Zemeckis,3
Nathan,20,"crime, drama",Get Out,horror,Jordan Peele,4
Nathan,20,"crime, drama",Shrek,animation,Andrew Adamson,1
Candace,41,"horror, thriller",The Dark Knight,action,Christopher Nolan,4
Candace,41,"horror, thriller",Pulp Fiction,crime,Quentin Tarantino,2
Candace,41,"horror, thriller",Interstellar,sci-fi,Christopher Nolan,1
Candace,41,"horror, thriller",Shrek,animation,Andrew Adamson,1
Candace,41,"horror, thriller",John Wick,action,Chad Stahelski,1
Candace,41,"horror, thriller",Gladiator,action,Ridley Scott,5
Candace,41,"horror, thriller",Parasite,drama,Bong Joon-ho,2
Candace,41,"horror, thriller",Joker,crime,Todd Phillips,1
Susan,52,"action, fantasy",Forrest Gump,drama,Robert Zemeckis,5
Susan,52,"action, fantasy",Joker,crime,Todd Phillips,3
Susan,52,"action, fantasy",The Dark Knight,action,Christopher Nolan,2
Susan,52,"action, fantasy",John Wick,action,Chad Stahelski,2
Susan,52,"action, fantasy",Mad Max: Fury Road,action,George Miller,5
Melinda,60,"crime, horror",Se7en,thriller,David Fincher,1
Melinda,60,"crime, horror",Shrek,animation,Andrew Adamson,1
Melinda,60,"crime, horror",Se7en,thriller,David Fincher,2
Melinda,60,"crime, horror",Joker,crime,Todd Phillips,1
Melinda,60,"crime, horror",Finding Nemo,animation,Andrew Stanton,3
Melinda,60,"crime, horror",Mad Max: Fury Road,action,George Miller,5
Melinda,60,"crime, horror",Parasite,drama,Bong Joon-ho,4
Stephen,64,"horror, sci-fi",The Matrix,sci-fi,The Wachowskis,3
Stephen,64,"horror, sci-fi",The Dark Knight,action,Christopher Nolan,5
Stephen,64,"horror, sci-fi",Alien,horror,Ridley Scott,1
Stephen,64,"horror, sci-fi",Mad Max: Fury Road,action,George Miller,4
Stephen,64,"horror, sci-fi",Joker,crime,Todd Phillips,3
Stephen,64,"horror, sci-fi",Superbad,comedy,Greg Mottola,5
Stephen,64,"horror, sci-fi",The Dark Knight,action,Christopher Nolan,5
Seth,46,"drama, sci-fi",Mad Max: Fury Road,action,George Miller,2
Seth,46,"drama, sci-fi",Toy Story,animation,John Lasseter,2
Seth,46,"drama, sci-fi",Interstellar,sci-fi,Christopher Nolan,5
Seth,46,"drama, sci-fi",Get Out,horror,Jordan Peele,5
Seth,46,"drama, sci-fi",Titanic,romance,James Cameron,4
Seth,46,"drama, sci-fi",Superbad,comedy,Greg Mottola,1
Felicia,20,"fantasy, drama",The Dark Knight,action,Christopher Nolan,1
Felicia,20,"fantasy, drama",Superbad,comedy,Greg Mottola,4
Felicia,20,"fantasy, drama",Alien,horror,Ridley Scott,2
Felicia,20,"fantasy, drama",Gladiator,action,Ridley Scott,5
Felicia,20,"fantasy, drama",Titanic,romance,James Cameron,5
Felicia,20,"fantasy, drama",Se7en,thriller,David Fincher,3
Felicia,20,"fantasy, drama",Mad Max: Fury Road,action,George Miller,1
Cynthia,62,"comedy, action",Se7en,thriller,David Fincher,1
Cynthia,62,"comedy, action",The Dark Knight,action,Christopher Nolan,2
Cynthia,62,"comedy, action",Mad Max: Fury Road,action,George Miller,4
James,18,"action, fantasy",Superbad,comedy,Greg Mottola,3
James,18,"action, fantasy",Forrest Gump,drama,Robert Zemeckis,5
James,18,"action, fantasy",Get Out,horror,Jordan Peele,2
James,18,"action, fantasy",Gladiator,action,Ridley Scott,2
James,18,"action, fantasy",The Notebook,romance,Nick Cassavetes,4
James,18,"action, fantasy",Toy Story,animation,John Lasseter,1
James,18,"action, fantasy",Pulp Fiction,crime,Quentin Tarantino,1
Jennifer,33,"fantasy, animation",Toy Story,animation,John Lasseter,2
Jennifer,33,"fantasy, animation",Forrest Gump,drama,Robert Zemeckis,2
Jennifer,33,"fantasy, animation",Interstellar,sci-fi,Christopher Nolan,2
Jennifer,33,"fantasy, animation",Toy Story,animation,John Lasseter,2
Patrick,64,"animation, fantasy",John Wick,action,Chad Stahelski,3
Patrick,64,"animation, fantasy",Alien,horror,Ridley Scott,4
Patrick,64,"animation, fantasy",Inception,sci-fi,Christopher Nolan,1
Eric,35,"sci-fi, animation",The Matrix,sci-fi,The Wachowskis,5
Eric,35,"sci-fi, animation",Forrest Gump,drama,Robert Zemeckis,3
Eric,35,"sci-fi, animation",Shrek,animation,Andrew Adamson,5
Eric,35,"sci-fi, animation",Finding Nemo,animation,Andrew Stanton,3
Cynthia,24,"sci-fi, comedy",Titanic,romance,James Cameron,4
Cynthia,24,"sci-fi, comedy",Toy Story,animation,John Lasseter,1
Cynthia,24,"sci-fi, comedy",Alien,horror,Ridley Scott,4
Cynthia,24,"sci-fi, comedy",Get Out,horror,Jordan Peele,3
Cynthia,24,"sci-fi, comedy",The Matrix,sci-fi,The Wachowskis,1
Cynthia,24,"sci-fi, comedy",Inception,sci-fi,Christopher Nolan,4
Cynthia,24,"sci-fi, comedy",Alien,horror,Ridley Scott,1
Jesus,48,"thriller, comedy",Se7en,thriller,David Fincher,5
Jesus,48,"thriller, comedy",Gladiator,action,Ridley Scott,1
Jesus,48,"thriller, comedy",Inception,sci-fi,Christopher Nolan,4
Jesus,48,"thriller, comedy",Toy Story,animation,John Lasseter,2
Julie,43,"crime, drama",The Notebook,romance,Nick Cassavetes,3
Julie,43,"crime, drama",The Matrix,sci-fi,The Wachowskis,3
Julie,43,"crime, drama",Mad Max: Fury Road,action,George Miller,4
Julie,43,"crime, drama",Toy Story,animation,John Lasseter,3
Julie,43,"crime, drama",Toy Story,animation,John Lasseter,4
Julie,43,"crime, drama",Pulp Fiction,crime,Quentin Tarantino,5
Julie,43,"crime, drama",Pulp Fiction,crime,Quentin Tarantino,4
Julie,43,"crime, drama",Parasite,drama,Bong Joon-ho,1
Juan,51,"sci-fi, comedy",Forrest Gump,drama,Robert Zemeckis,5
Juan,51,"sci-fi, comedy",The Notebook,romance,Nick Cassavetes,5
Juan,51,"sci-fi, comedy",Mad Max: Fury Road,action,George Miller,5
Juan,51,"sci-fi, comedy",Forrest Gump,drama,Robert Zemeckis,3
Juan,51,"sci-fi, comedy",Alien,horror,Ridley Scott,5
Juan,51,"sci-fi, comedy",Mad Max: Fury Road,action,George Miller,1
Juan,51,"sci-fi, comedy",Shrek,animation,Andrew Adamson,1
Debra,41,"crime, action",Joker,crime,Todd Phillips,3
Debra,41,"crime, action",Titanic,romance,James Cameron,1
Debra,41,"crime, action",Se7en,thriller,David Fincher,5
Joanne,54,"comedy, romance",Forrest Gump,drama,Robert Zemeckis,3
Joanne,54,"comedy, romance",John Wick,action,Chad Stahelski,3
Joanne,54,"comedy, romance",Mad Max: Fury Road,action,George Miller,4
Joanne,54,"comedy, romance",Superbad,comedy,Greg Mottola,2
Joanne,54,"comedy, romance",The Notebook,romance,Nick Cassavetes,3
Joanne,54,"comedy, romance",Finding Nemo,animation,Andrew Stanton,3
Joanne,54,"comedy, romance",Superbad,comedy,Greg Mottola,2
Joanne,54,"comedy, romance",The Matrix,sci-fi,The Wachowskis,5
Joseph,43,"crime, animation",Alien,horror,Ridley Scott,2
Joseph,43,"crime, animation",The Matrix,sci-fi,The Wachowskis,3
Joseph,43,"crime, animation",Shrek,animation,Andrew Adamson,4
David,49,"action, thriller",Superbad,comedy,Greg Mottola,1
David,49,"action, thriller",Joker,crime,Todd Phillips,4
David,49,"action, thriller",Titanic,romance,James Cameron,4
David,49,"action, thriller",Interstellar,sci-fi,Christopher Nolan,3
David,49,"action, thriller",Superbad,comedy,Greg Mottola,4
David,49,"action, thriller",The Dark Knight,action,Christopher Nolan,5
David,49,"action, thriller",Pulp Fiction,crime,Quentin Tarantino,1
David,49,"action, thriller",The Dark Knight,action,Christopher Nolan,1
David,33,"sci-fi, comedy",Gladiator,action,Ridley Scott,4
David,33,"sci-fi, comedy",Forrest Gump,drama,Robert Zemeckis,3
David,33,"sci-fi, comedy",Mad Max: Fury Road,action,George Miller,5
David,33,"sci-fi, comedy",Get Out,horror,Jordan Peele,4
David,33,"sci-fi, comedy",Forrest Gump,drama,Robert Zemeckis,3
David,33,"sci-fi, comedy",Alien,horror,Ridley Scott,4
David,33,"sci-fi, comedy",Se7en,thriller,David Fincher,3
David,33,"sci-fi, comedy",The Notebook,romance,Nick Cassavetes,1
Anthony,18,"animation, horror",Toy Story,animation,John Lasseter,2
Anthony,18,"animation, horror",Joker,crime,Todd Phillips,4
Anthony,18,"animation, horror",Pulp Fiction,crime,Quentin Tarantino,5
Melissa,56,"crime, fantasy",Se7en,thriller,David Fincher,4
Melissa,56,"crime, fantasy",Finding Nemo,animation,Andrew Stanton,2
Melissa,56,"crime, fantasy",Interstellar,sci-fi,Christopher Nolan,3
Robert,40,"comedy, drama",Titanic,romance,James Cameron,1
Robert,40,"comedy, drama",Interstellar,sci-fi,Christopher Nolan,4
Robert,40,"comedy, drama",Joker,crime,Todd Phillips,2
Robert,40,"comedy, drama",Mad Max: Fury Road,action,George Miller,1
Robert,40,"comedy, drama",Forrest Gump,drama,Robert Zemeckis,3
Robert,40,"comedy, drama",Get Out,horror,Jordan Peele,1
Robert,40,"fantasy, animation",Se7en,thriller,David Fincher,5
Robert,40,"fantasy, animation",Parasite,drama,Bong Joon-ho,1
Robert,40,"fantasy, animation",The Dark Knight,action,Christopher Nolan,5
Robert,40,"fantasy, animation",Finding Nemo,animation,Andrew Stanton,5
Steven,60,"romance, crime",Mad Max: Fury Road,action,George Miller,2
Steven,60,"romance, crime",Parasite,drama,Bong Joon-ho,2
Steven,60,"romance, crime",The Dark Knight,action,Christopher Nolan,3
Katie,30,"action, thriller",Parasite,drama,Bong Joon-ho,1
Katie,30,"action, thriller",Inception,sci-fi,Christopher Nolan,3
Katie,30,"action, thriller",Superbad,comedy,Greg Mottola,4
Katie,30,"action, thriller",Alien,horror,Ridley Scott,3
Katie,30,"action, thriller",Superbad,comedy,Greg Mottola,4
Katie,30,"action, thriller",The Notebook,romance,Nick Cassavetes,5
Katie,30,"action, thriller",The Notebook,romance,Nick Cassavetes,5
Marissa,52,"action, thriller",Alien,horror,Ridley Scott,5
Marissa,52,"action, thriller",The Notebook,romance,Nick Cassavetes,1
Marissa,52,"action, thriller",Titanic,romance,James Cameron,4
Marissa,52,"action, thriller",Forrest Gump,drama,Robert Zemeckis,5
Marissa,52,"action, thriller",Shrek,animation,Andrew Adamson,3
Marissa,52,"action, thriller",Titanic,romance,James Cameron,5
Carolyn,27,"sci-fi, animation",Get Out,horror,Jordan Peele,3
Carolyn,27,"sci-fi, animation",Pulp Fiction,crime,Quentin Tarantino,5
Carolyn,27,"sci-fi, animation",Pulp Fiction,crime,Quentin Tarantino,1
Carolyn,27,"sci-fi, animation",Titanic,romance,James Cameron,1
Carolyn,27,"sci-fi, animation",The Notebook,romance,Nick Cassavetes,1
Carolyn,27,"sci-fi, animation",Superbad,comedy,Greg Mottola,3
Carolyn,27,"sci-fi, animation",Titanic,romance,James Cameron,1
Christopher,36,"animation, drama",Finding Nemo,animation,Andrew Stanton,2
Christopher,36,"animation, drama",Shrek,animation,Andrew Adamson,3
Christopher,36,"animation, drama",Titanic,romance,James Cameron,4
Christopher,36,"animation, drama",Toy Story,animation,John Lasseter,1
Victoria,35,"animation, comedy",Parasite,drama,Bong Joon-ho,3
Victoria,35,"animation, comedy",Titanic,romance,James Cameron,5
Victoria,35,"animation, comedy",John Wick,action,Chad Stahelski,2
Victoria,35,"animation, comedy",Toy Story,animation,John Lasseter,3
Victoria,35,"animation, comedy",Titanic,romance,James Cameron,4
Heather,62,"drama, comedy",Finding Nemo,animation,Andrew Stanton,2
Heather,62,"drama, comedy",The Dark Knight,action,Christopher Nolan,4
Heather,62,"drama, comedy",The Dark Knight,action,Christopher Nolan,2
Heather,62,"drama, comedy",The Matrix,sci-fi,The Wachowskis,3
Heather,62,"drama, comedy",Mad Max: Fury Road,action,George Miller,5
Heather,62,"drama, comedy",Interstellar,sci-fi,Christopher Nolan,3
Cathy,42,"comedy, drama",The Dark Knight,action,Christopher Nolan,2
Cathy,42,"comedy, drama",Interstellar,sci-fi,Christopher Nolan,4
Cathy,42,"comedy, drama",Mad Max: Fury Road,action,George Miller,3
Cathy,42,"comedy, drama",The Notebook,romance,Nick Cassavetes,4
Cathy,42,"comedy, drama",Pulp Fiction,crime,Quentin Tarantino,3
Cathy,42,"comedy, drama",Superbad,comedy,Greg Mottola,4
Steven,52,"horror, comedy",Mad Max: Fury Road,action,George Miller,2
Steven,52,"horror, comedy",Superbad,comedy,Greg Mottola,4
Steven,52,"horror, comedy",Parasite,drama,Bong Joon-ho,1
Steven,52,"horror, comedy",Mad Max: Fury Road,action,George Miller,4
Steven,52,"horror, comedy",Parasite,drama,Bong Joon-ho,5
Steven,52,"horror, comedy",Parasite,drama,Bong Joon-ho,3
Steven,52,"horror, comedy",Interstellar,sci-fi,Christopher Nolan,1
Steven,52,"horror, comedy",Inception,sci-fi,Christopher Nolan,1
John,34,"drama, fantasy",The Matrix,sci-fi,The Wachowskis,4
John,34,"drama, fantasy",Gladiator,action,Ridley Scott,5
John,34,"drama, fantasy",Superbad,comedy,Greg Mottola,3
John,34,"drama, fantasy",The Matrix,sci-fi,The Wachowskis,5
John,34,"drama, fantasy",Superbad,comedy,Greg Mottola,4
John,34,"drama, fantasy",Forrest Gump,drama,Robert Zemeckis,5
Debra,19,"drama, comedy",Shrek,animation,Andrew Adamson,4
Debra,19,"drama, comedy",Titanic,romance,James Cameron,4
Debra,19,"drama, comedy",Superbad,comedy,Greg Mottola,3
Debra,19,"drama, comedy",Parasite,drama,Bong Joon-ho,1
Debra,19,"drama, comedy",Forrest Gump,drama,Robert Zemeckis,5
Debra,19,"drama, comedy",Shrek,animation,Andrew Adamson,5
Debra,19,"drama, comedy",The Notebook,romance,Nick Cassavetes,1
Debra,19,"drama, comedy",Superbad,comedy,Greg Mottola,4
Bobby,31,"drama, crime",Finding Nemo,animation,Andrew Stanton,4
Bobby,31,"drama, crime",Parasite,drama,Bong Joon-ho,2
Bobby,31,"drama, crime",Inception,sci-fi,Christopher Nolan,5
Bobby,31,"drama, crime",Forrest Gump,drama,Robert Zemeckis,1
Bobby,31,"drama, crime",Pulp Fiction,crime,Quentin Tarantino,2
Douglas,25,"fantasy, drama",Joker,crime,Todd Phillips,5
Douglas,25,"fantasy, drama",Alien,horror,Ridley Scott,1
Douglas,25,"fantasy, drama",Get Out,horror,Jordan Peele,2
Douglas,25,"fantasy, drama",The Dark Knight,action,Christopher Nolan,5
Douglas,25,"fantasy, drama",The Dark Knight,action,Christopher Nolan,2
Douglas,25,"fantasy, drama",Titanic,romance,James Cameron,3
Douglas,25,"fantasy, drama",Alien,horror,Ridley Scott,5
Monique,31,"sci-fi, drama",Pulp Fiction,crime,Quentin Tarantino,5
Monique,31,"sci-fi, drama",Se7en,thriller,David Fincher,2
Monique,31,"sci-fi, drama",The Matrix,sci-fi,The Wachowskis,5
Monique,31,"sci-fi, drama",Interstellar,sci-fi,Christopher Nolan,1
Monique,31,"sci-fi, drama",The Matrix,sci-fi,The Wachowskis,2
Monique,31,"sci-fi, drama",Joker,crime,Todd Phillips,1
Monique,31,"sci-fi, drama",The Matrix,sci-fi,The Wachowskis,2
Dustin,41,"animation, thriller",Parasite,drama,Bong Joon-ho,3
Dustin,41,"animation, thriller",The Matrix,sci-fi,The Wachowskis,3
Dustin,41,"animation, thriller",The Matrix,sci-fi,The Wachowskis,3
Dustin,41,"animation, thriller",John Wick,action,Chad Stahelski,3
Dustin,41,"animation, thriller",Get Out,horror,Jordan Peele,3
Dustin,41,"animation, thriller",Toy Story,animation,John Lasseter,1
Aaron,62,"crime, horror",Inception,sci-fi,Christopher Nolan,2
Aaron,62,"crime, horror",Shrek,animation,Andrew Adamson,3
Aaron,62,"crime, horror",Forrest Gump,drama,Robert Zemeckis,2
Aaron,62,"crime, horror",Superbad,comedy,Greg Mottola,5
Aaron,62,"crime, horror",The Notebook,romance,Nick Cassavetes,2
Aaron,62,"crime, horror",Se7en,thriller,David Fincher,5
Diane,53,"comedy, drama",Get Out,horror,Jordan Peele,2
Diane,53,"comedy, drama",John Wick,action,Chad Stahelski,5
Diane,53,"comedy, drama",Forrest Gump,drama,Robert Zemeckis,2
Diane,53,"comedy, drama",Mad Max: Fury Road,action,George Miller,2
Diane,53,"comedy, drama",Inception,sci-fi,Christopher Nolan,1
Diane,53,"comedy, drama",Toy Story,animation,John Lasseter,3
Diane,53,"comedy, drama",Shrek,animation,Andrew Adamson,4
Diane,53,"comedy, drama",Gladiator,action,Ridley Scott,4
Luis,28,"sci-fi, romance",Inception,sci-fi,Christopher Nolan,5
Luis,28,"sci-fi, romance",Gladiator,action,Ridley Scott,5
Luis,28,"sci-fi, romance",Titanic,romance,James Cameron,2
Luis,28,"sci-fi, romance",The Matrix,sci-fi,The Wachowskis,4
Luis,28,"sci-fi, romance",The Dark Knight,action,Christopher Nolan,5
Luis,28,"sci-fi, romance",Inception,sci-fi,Christopher Nolan,2
Luis,28,"sci-fi, romance",Finding Nemo,animation,Andrew Stanton,1
Luis,28,"sci-fi, romance",Mad Max: Fury Road,action,George Miller,3
Daniel,21,"crime, comedy",Forrest Gump,drama,Robert Zemeckis,5
Daniel,21,"crime, comedy",Toy Story,animation,John Lasseter,2
Daniel,21,"crime, comedy",Joker,crime,Todd Phillips,5
Daniel,21,"crime, comedy",Toy Story,animation,John Lasseter,3
Daniel,21,"crime, comedy",Se7en,thriller,David Fincher,1
Douglas,46,"drama, romance",Parasite,drama,Bong Joon-ho,5
Douglas,46,"drama, romance",Parasite,drama,Bong Joon-ho,5
Douglas,46,"drama, romance",Alien,horror,Ridley Scott,4
Douglas,46,"drama, romance",Titanic,romance,James Cameron,5
Douglas,46,"drama, romance",Inception,sci-fi,Christopher Nolan,3
Douglas,46,"drama, romance",Superbad,comedy,Greg Mottola,4
Rhonda,50,"thriller, animation",The Matrix,sci-fi,The Wachowskis,2
Rhonda,50,"thriller, animation",Get Out,horror,Jordan Peele,1
Rhonda,50,"thriller, animation",Joker,crime,Todd Phillips,4
Rhonda,50,"thriller, animation",Interstellar,sci-fi,Christopher Nolan,4
Rhonda,50,"thriller, animation",Inception,sci-fi,Christopher Nolan,4
Rhonda,50,"thriller, animation",Parasite,drama,Bong Joon-ho,2
Rhonda,50,"thriller, animation",John Wick,action,Chad Stahelski,2
Matthew,27,"sci-fi, horror",Superbad,comedy,Greg Mottola,3
Matthew,27,"sci-fi, horror",The Dark Knight,action,Christopher Nolan,5
Matthew,27,"sci-fi, horror",Forrest Gump,drama,Robert Zemeckis,2
Matthew,27,"sci-fi, horror",Toy Story,animation,John Lasseter,5
Matthew,27,"sci-fi, horror",Shrek,animation,Andrew Adamson,1
Natasha,27,"drama, crime",John Wick,action,Chad Stahelski,4
Natasha,27,"drama, crime",Toy Story,animation,John Lasseter,3
Natasha,27,"drama, crime",Pulp Fiction,crime,Quentin Tarantino,1
Natasha,27,"drama, crime",The Matrix,sci-fi,The Wachowskis,2
Natasha,27,"drama, crime",The Matrix,sci-fi,The Wachowskis,3
Natasha,27,"drama, crime",Finding Nemo,animation,Andrew Stanton,1
